True_Label,Predicted_Label,Prediction_Probability
0,0,1.4795647806478567e-06
0,0,0.000529917435085178
0,0,3.789129771943139e-06
0,0,0.08059147049578198
0,0,2.680102295628458e-07
0,0,0.00018050414242629144
0,0,1.775941234165372e-07
0,0,1.9682991236409724e-07
0,0,4.212857653647018e-06
0,0,1.888392241301541e-05
0,0,1.736221170743337e-07
0,0,8.231576886163298e-06
0,0,3.9814636829922297e-07
0,0,7.946912982327272e-05
0,0,0.00011321842988604323
0,0,1.1636387296131004e-06
0,0,0.00010125590204904313
0,0,4.274874403377165e-07
0,0,0.0011893583271262442
0,0,4.4554516706684405e-06
0,0,1.0000000994736041e-07
0,0,1.0000000994736041e-07
0,0,3.751510517459798e-05
0,0,0.0010732005182905787
0,0,2.7282456654220286e-07
0,0,5.72985301640453e-06
0,0,9.765431032371403e-05
0,0,1.0000000994736041e-07
0,0,1.0000000994736041e-07
0,1,0.9824719269532063
0,0,1.0000000994736041e-07
0,1,0.9999999989523745
0,0,0.3547220098201106
0,0,1.6257789665865291e-06
0,0,9.709211064581694e-05
0,0,2.2115287645517103e-05
0,0,1.4386237072153122e-06
0,0,4.692489464031909e-07
0,0,0.00036084266972177245
0,0,2.5369637081616903e-05
0,1,0.9930979811123644
0,0,0.014213053791574877
0,0,3.973651437033522e-07
0,0,1.270192784642705e-07
0,0,0.005829658300559194
0,0,4.38690797049296e-05
0,0,1.0000000994736041e-07
0,0,3.386857147035647e-06
0,0,0.0017687850968723525
0,0,1.0000000994736041e-07
0,0,1.0000000994736041e-07
0,0,1.255590296601121e-06
0,0,1.1137268214713842e-06
0,0,1.0000000994736041e-07
0,0,1.9542621522546537e-06
0,0,1.0000000994736041e-07
0,0,1.0000000994736041e-07
0,0,3.0642051856101826e-05
0,0,0.03129854260439585
0,0,6.989768439176792e-07
0,0,1.8187664880479296e-06
0,0,0.2501678811658137
0,0,1.5783573066375652e-05
0,0,1.861192459920604e-06
0,0,2.2546436710913333e-05
0,0,1.1789473888162986e-07
0,0,1.950090520172512e-05
0,0,0.12684242525446993
0,0,2.6433902976564468e-05
0,0,1.5065745147242467e-05
0,0,1.1327983116258143e-06
0,0,2.2684779560457264e-07
0,0,1.0000000994736041e-07
0,0,1.8434066301706449e-06
0,0,3.1119229083239714e-06
0,0,1.0411652826524664e-06
0,0,0.00041764523062973354
0,0,1.0000000994736041e-07
0,0,1.1508447664789743e-07
0,0,1.0000000994736041e-07
0,0,1.7171971038285941e-06
0,0,1.0000000994736041e-07
0,0,6.744957776482947e-07
0,0,0.0005521302613376881
0,0,1.5934674613480527e-06
0,0,5.020074185136384e-07
0,0,0.006106035795479889
0,0,3.1981127993051083e-07
0,0,1.778637657098426e-07
0,0,9.33749028733347e-06
0,0,0.0002677927743754506
0,0,1.0000000994736041e-07
0,0,1.246379481205143e-06
0,0,0.0001070285513242937
0,0,6.9897028823528115e-06
0,0,1.0000000994736041e-07
0,0,0.001030040855417486
0,0,0.0032701998803312047
0,0,1.0000000994736041e-07
0,0,8.778512839279935e-05
0,0,3.854711298251661e-05
0,0,1.479302149784429e-07
0,0,8.966679167909399e-07
0,0,1.5588200055593626e-05
0,0,0.0006355510990200459
0,0,1.0000000994736041e-07
0,0,1.0000000994736041e-07
0,0,2.159142518896701e-06
0,0,1.7199449628877455e-06
0,0,1.4869068137381033e-05
0,0,4.6243174246754113e-07
0,0,9.740663840175652e-06
0,0,4.8843198648206384e-05
0,0,0.020572109440561672
0,0,3.1911198042651256e-06
0,0,5.698123838470017e-06
0,0,9.336270468026078e-07
0,0,0.0012186778420634787
0,0,1.0000000994736041e-07
0,0,5.331036076916182e-05
0,0,0.007022634727752181
0,0,8.455318118602434e-05
0,0,1.9032312340913496e-06
0,0,4.233209574708987e-06
0,0,1.0000000994736041e-07
0,0,2.2477174559235e-06
0,0,1.0000000994736041e-07
0,0,1.8196023934365523e-06
0,0,1.0000000994736041e-07
0,0,6.505333625019536e-05
0,0,0.009992471450479715
0,0,8.456766558616562e-06
0,1,0.9999971841720545
0,0,1.0579473339747341e-07
0,0,0.0006806078361182219
0,0,3.3629184255556437e-07
0,0,1.0407754440121684e-06
0,0,5.98253696680121e-06
0,0,4.188869940309291e-07
0,0,0.000218293147982266
0,0,0.011488093916529454
0,0,7.915830154648494e-06
0,0,1.0000000994736041e-07
0,0,3.77808596816323e-07
0,0,2.433625308443923e-07
0,0,2.8308274045674176e-06
0,0,2.2682251659198975e-07
0,0,8.735841430652873e-06
0,0,0.0037071265558607184
0,0,1.0000000994736041e-07
0,0,1.0000000994736041e-07
0,0,1.6237960440893904e-06
0,0,1.6044590176895507e-05
0,1,0.9923071212559992
0,0,0.028936967851051935
0,0,0.5534618508852268
0,0,2.9879594299838196e-06
0,0,1.1348321877534963e-06
0,0,9.616618863175237e-07
0,0,0.09404706926582755
0,0,3.7802512920375174e-05
0,0,3.278193492174952e-07
0,0,0.00010195096762446924
0,0,0.0026267352407172697
0,0,0.000118183101769875
0,0,0.0006355510990200459
0,0,0.001176109896910614
0,0,0.480618743451095
0,1,0.8751745575024944
0,0,0.1389086521186614
0,0,9.7100881507178e-07
0,1,0.6765382738464354
0,0,0.0013069474032298364
0,0,2.7424515506741817e-06
0,0,0.0006783280255887605
0,0,5.161161054415317e-07
0,0,0.00010359103351618938
0,0,5.912504472348863e-07
0,0,1.0904235778892805e-05
0,0,0.0013124651450206874
0,0,1.0000000994736041e-07
0,0,1.941356321646038e-06
0,0,1.4221737083643014e-05
0,0,1.647073381941129e-05
0,0,1.1778558603399366e-05
0,0,0.00043040463181836006
0,0,3.3403940858292385e-07
0,0,0.16056858944236688
0,0,0.0020208122314136698
0,1,0.8429283645104257
0,0,2.3981112321596577e-06
0,0,5.175818561103751e-06
0,0,0.00019618752070644545
0,0,5.7181365792654135e-05
0,0,1.0000000994736041e-07
0,0,1.2186821253803611e-05
0,1,0.9318620853370336
0,0,5.228894447788002e-05
0,0,1.858458234826487e-05
0,0,1.811896525129695e-05
0,0,4.978573090062378e-06
0,0,0.00012351097736523086
0,0,2.0510288888466082e-07
0,0,7.1346371532125145e-06
0,0,5.7722103268508186e-05
0,0,1.1514728499005561e-05
0,0,1.1449365389408054e-06
0,0,0.016335522341855657
0,0,0.0048587740360472005
0,0,0.00022136913165139854
0,0,1.7376676786201767e-06
0,0,3.2220008994850444e-07
0,0,0.0007074420635134315
0,0,5.723228977387016e-06
0,1,0.9999868439899947
0,0,6.923083690824623e-07
0,0,0.00023996316883716695
0,0,0.0212828573855729
0,0,0.0002153348652532982
0,0,0.0024609397698412212
0,0,4.4730394278988e-05
0,0,3.0290376267298355e-05
0,0,1.0000000994736041e-07
0,0,2.186007481337324e-05
0,0,1.0000000994736041e-07
0,0,0.00960353437852749
0,0,4.199819900440809e-07
0,0,1.2781744384484882e-05
0,0,0.000208633317710896
0,0,1.0000000994736041e-07
0,0,3.309868847620297e-07
0,0,1.0025581572562431e-05
0,0,5.624878798674984e-05
0,0,1.0000000994736041e-07
0,0,2.264839486500711e-05
0,0,1.5877882228539332e-06
0,0,1.0000000994736041e-07
0,0,5.086012741167535e-06
0,0,1.8804988146959577e-05
0,0,1.0000000994736041e-07
0,0,1.824523827397478e-07
0,0,1.5496325959043329e-07
0,0,2.1631802477238993e-05
0,0,6.636607137361327e-07
0,0,1.0000000994736041e-07
0,0,1.7054294900818563e-06
0,0,1.0000000994736041e-07
0,0,1.9803328300845625e-06
0,0,1.6550091203006253e-05
0,0,1.0000000994736041e-07
0,0,9.737420921073442e-07
0,1,0.9959498814064981
0,0,1.426166278692564e-05
0,0,6.9616976353421045e-06
0,1,0.9948838523002612
0,0,1.4183289234460277e-06
0,0,3.7419219700343755e-06
0,0,0.0027960049501446383
0,0,4.81700493713292e-07
0,0,0.00229446658062556
0,1,0.9692979243330918
0,0,1.0000000994736041e-07
0,0,0.023763938285599938
0,0,3.676370183594842e-05
0,0,0.1974441038905789
0,0,3.9732740941320416e-07
0,0,0.0016142446484972988
0,0,1.0000000994736041e-07
0,0,5.799566869567368e-06
0,0,2.2423031176163574e-06
0,0,1.0000000994736041e-07
0,0,0.0011903317509127532
0,0,3.132497375381545e-05
0,0,3.924547975811523e-07
0,0,8.299866473225788e-05
0,0,2.474313077138973e-07
0,0,0.03540592251584082
0,0,8.905003305913193e-06
0,0,0.01886907330829719
0,0,6.999734352126872e-05
0,0,7.1672861578882195e-06
0,0,3.433982700400583e-06
0,0,0.00019206357441151173
0,0,1.0000000994736041e-07
0,0,1.1863364343766196e-06
0,0,2.1496238919616393e-05
0,0,1.2899917016555315e-05
0,1,0.9055013239018948
0,0,4.288449144316823e-05
0,0,3.356767941297524e-07
0,1,0.9966181207762089
0,1,0.8970241664803263
0,0,5.290725908241248e-05
0,0,9.53552343736264e-07
0,0,1.0000000994736041e-07
0,0,2.3839271488947798e-07
0,0,1.4869068137381033e-05
0,0,2.5605699607707127e-05
0,0,1.0000000994736041e-07
0,0,7.538465622436239e-07
0,0,1.0000000994736041e-07
0,0,0.00022179073577378112
0,0,1.1129689454182259e-07
0,0,3.693521825883789e-05
0,0,5.663770741252579e-05
0,0,0.0017649516342264512
0,0,7.824372912084807e-07
0,0,3.5353349978293606e-07
0,1,0.9734579809354599
0,0,2.2671426728512037e-05
0,0,0.00022396855467090207
0,0,6.413280826025544e-07
0,0,0.01851110362711123
0,0,5.720174891094521e-06
0,0,3.771596774669833e-06
0,0,0.026330655343059114
0,0,1.0000000994736041e-07
0,0,0.0026717388419727193
0,0,1.0000000994736041e-07
0,0,8.150183137832811e-05
0,0,1.1094090318724632e-05
0,1,0.7791790016015623
0,0,1.0000000994736041e-07
0,0,1.9041364124726434e-06
0,0,8.076085941945852e-07
0,0,0.00034120419196561735
0,0,0.001418237046878446
0,0,0.0006706382679066935
0,0,1.0000000994736041e-07
0,0,7.360794449735186e-07
0,0,1.0000000994736041e-07
0,0,7.21907027563674e-06
0,0,4.163366420806044e-07
0,0,0.0006334125296063545
0,0,0.005252857905167004
0,0,0.0004846393901221855
0,0,0.0008992362534538703
0,1,0.7900973757918268
0,0,0.00013525379680774164
0,0,9.544220007543708e-06
0,0,7.162653725352687e-06
0,0,3.818900661930617e-07
0,0,1.0000000994736041e-07
0,0,0.00010721606902771112
0,0,0.0012450239095572893
0,0,0.0029661396106981227
0,0,7.636877952231143e-05
0,0,0.037833194479121555
0,0,0.00010214479559313467
0,0,1.0000000994736041e-07
0,1,0.9999980085561444
0,0,0.00012747221251332904
0,1,0.994945792595669
0,0,5.334788755682159e-07
0,0,0.0002667022842208647
0,0,2.9488029331826793e-07
0,0,0.0005423323605174493
0,0,8.092710030378496e-05
0,0,6.11352054207956e-05
0,0,0.00011898797766667704
0,0,1.9464961733000588e-06
0,0,1.2813517988598741e-05
0,0,2.047013592437777e-07
0,0,2.664626377235358e-06
0,0,3.7442466693283107e-06
0,0,1.7007134408989867e-06
0,0,2.2382750284917996e-05
0,0,8.52994632218171e-06
0,0,0.2972928155332071
0,0,1.0000000994736041e-07
0,0,1.221232599526463e-06
0,0,0.010224620127846114
0,0,4.3085211532223433e-07
0,0,0.000225438831409386
0,0,1.7418857289953786e-06
0,0,0.004360182688883878
0,0,4.459959703372181e-07
0,0,0.002673719399899822
0,0,2.7831765246347052e-05
0,0,0.015561969136399597
0,0,3.268771987848625e-06
0,0,8.591657511849496e-07
0,0,1.7893924124695302e-07
0,0,0.028284414490951527
0,0,3.949324816893989e-06
0,0,2.421438100432673e-05
0,0,1.0000000994736041e-07
0,0,1.0000000994736041e-07
0,0,6.887568961757684e-06
0,0,1.348138049057826e-05
0,0,2.2767261963329345e-07
0,0,1.9502722952191746e-06
0,0,2.0166693006008946e-06
0,0,4.806989854246281e-06
0,0,1.1066419011728176e-05
0,0,4.1389370952787757e-07
0,0,3.865649021288458e-06
0,0,1.4902676744087341e-05
0,0,1.2994717902813076e-07
0,0,6.389330571336903e-07
0,0,0.00016163538287901225
0,0,1.7478392543694555e-05
0,0,5.163890241889251e-07
0,0,6.745694096241798e-05
0,1,0.8211213391964761
0,0,2.3015466600564713e-07
0,0,2.4372263582464576e-06
0,0,3.7746599738631266e-07
0,0,1.0000000994736041e-07
0,0,0.00027966722651564515
0,0,2.0772669465906936e-05
0,0,0.00017595963596331863
0,0,0.00010961903071388979
0,1,0.9945065738382941
0,0,1.0000000994736041e-07
0,0,1.4060001985532563e-07
0,0,3.55036546424836e-07
0,0,1.055572601602272e-05
0,0,1.0000000994736041e-07
0,0,1.4915446970670102e-07
0,0,5.583926935307015e-06
0,0,0.0001192508108068107
0,0,2.5386946204406654e-06
0,0,8.431755116431595e-06
0,0,3.1861595380766028e-06
0,0,0.3216117131594219
0,0,1.0000000994736041e-07
0,0,1.0000000994736041e-07
0,0,1.2417852382232905e-06
0,0,0.07150526287388595
0,0,1.0000000994736041e-07
0,0,7.852468266651639e-07
0,0,1.0000000994736041e-07
0,1,0.9999999832295873
0,0,0.12518492867297884
0,0,7.52348815184495e-06
0,0,2.7639170524499388e-06
0,0,4.611277723634596e-06
0,0,2.8845685866435937e-05
0,0,0.0061824210994921415
0,0,3.6312115174058435e-05
0,0,1.0000000994736041e-07
0,0,1.0000000994736041e-07
0,0,0.0006704413950426975
0,0,2.2205711715391413e-07
0,0,1.0000000994736041e-07
0,0,2.9858571649124166e-05
0,0,0.01718223303021207
0,0,0.0026532408761690343
0,0,0.003012906197564069
0,0,2.8435984428336243e-05
0,0,1.0000000994736041e-07
0,0,0.026783710226741985
0,0,3.735251860804937e-07
0,0,1.4494781777506737e-07
0,0,6.319591018253029e-05
0,0,1.0000000994736041e-07
0,0,6.327957278726285e-06
0,0,1.0000000994736041e-07
0,0,1.7832592696163738e-07
0,0,2.0535427670812056e-06
0,0,3.849930605940892e-05
0,0,1.744607372513478e-06
0,0,1.8665327461065996e-05
0,0,3.640158807182604e-07
0,0,0.00016368479137767182
0,0,0.0032060129837042646
0,0,5.648772618512425e-06
0,0,0.5653904120349721
0,0,1.0000000994736041e-07
0,1,0.9999870815736229
0,0,1.4913165782346813e-06
0,0,1.0000000994736041e-07
0,0,0.0004368019157012127
0,0,0.0001445671957446088
0,1,0.9921382592068868
0,0,1.0000000994736041e-07
0,0,1.0000000994736041e-07
0,0,1.421609930015431e-06
0,0,0.0038590852572258577
0,0,1.0856105825816724e-06
0,0,9.623088184968641e-06
0,0,5.1253740672651784e-05
0,0,5.1415899828057e-07
0,0,0.06053015985605193
0,0,0.00012039729879789434
0,0,2.1914796306284336e-07
0,0,2.995694170372001e-06
0,0,4.8443289706893715e-06
0,0,3.112925692860733e-05
0,0,4.3009050435411037e-05
0,0,3.8732894979364595e-06
0,0,2.5939809380081495e-05
0,0,3.2706605350823197e-06
0,0,1.4482162668089772e-07
0,0,0.00013384142172341993
0,0,1.4785205342004773e-06
0,0,0.3128939242104396
0,1,0.879513477332681
0,0,1.0000000994736041e-07
0,0,0.2658728732826004
0,0,0.00030430619888243625
0,0,1.0000000994736041e-07
0,0,6.902516246888173e-06
0,0,1.0000000994736041e-07
0,0,1.1026091500279633e-06
0,0,0.005880227742719496
0,0,1.5745296513191716e-06
0,0,6.878674712498186e-05
0,0,0.33188199888864733
0,0,1.1362229454800862e-05
0,0,1.0000000994736041e-07
0,0,4.62921468953037e-06
0,0,7.459132332579562e-06
0,0,1.988402287401874e-07
0,0,1.940953098402359e-06
0,1,0.9999855877318062
0,0,7.426301380672461e-06
0,0,0.00012842166857850837
0,0,4.019826751919254e-05
0,0,1.544974865815733e-07
0,0,0.00029467000006857836
0,0,1.0000000994736041e-07
0,0,6.59262978404416e-07
0,0,3.7190535799903975e-06
0,0,9.387302712135442e-06
0,0,0.13294616733375594
0,0,0.27989859834794323
0,0,0.00034110862513168374
0,0,0.05793876096990457
0,1,0.9999998333919138
0,1,0.9913520679016653
0,0,1.7885013127551926e-06
0,0,0.43461988312469824
0,0,0.021633873609072568
0,0,7.245219950354513e-06
0,0,4.04911766046135e-05
0,0,0.09188513809431402
0,0,3.150343428273746e-07
0,0,1.9757390305561744e-06
0,0,2.097355137482253e-06
0,0,0.00021185895595435278
0,0,1.0000000994736041e-07
0,0,1.3204629236739762e-06
0,0,0.40751489030561994
0,0,2.5273166436386296e-06
0,0,1.1569655932455599e-05
0,0,4.636073223860017e-05
0,0,8.251058342570973e-05
0,0,0.00012850336598353178
0,0,2.47335867362163e-06
0,0,9.532892102893622e-06
0,0,0.00010829045782560045
0,0,1.2133097319717784e-06
0,0,1.08100889987518e-05
0,0,5.074989147811944e-06
0,0,4.059613344284497e-06
0,0,1.0000000994736041e-07
0,0,0.00015051587754637066
0,0,1.9197190335150726e-05
0,0,3.686286308810764e-06
0,0,1.1311527663085413e-06
0,1,0.9999826049484827
0,0,0.3585585651090283
0,0,7.797251544531445e-07
0,0,0.00027699986616914026
0,0,2.001041186405298e-05
0,0,8.176346211583987e-05
0,0,2.093170688479552e-06
0,0,0.0030237366344299864
0,0,0.0021334710682148644
0,0,1.2522525749027895e-06
0,0,0.00014341843393395631
0,0,0.18174694132291505
0,0,0.00027935878020645695
0,0,1.0000000994736041e-07
0,0,2.824138952367509e-06
0,0,0.0001385036137044903
0,0,0.00011325835540726256
0,0,3.6592200891332514e-06
0,0,1.0000000994736041e-07
0,1,0.9999997485169773
0,0,2.628249027512782e-07
0,1,0.9970973896712209
0,0,1.3575342679123964e-06
0,1,0.9871566650148084
0,1,0.9999928113056781
0,0,4.757662516576341e-05
0,0,2.393583835628869e-07
0,0,0.062472237763717145
0,0,1.0000000994736041e-07
0,0,2.5298116495599015e-07
0,0,5.0110556417777055e-06
0,0,0.004029169684478769
0,0,2.2750205402815708e-05
0,0,1.8637516729717647e-05
0,0,0.00010359103351618938
0,0,3.240245761091517e-06
0,0,9.83248945788142e-06
0,0,5.108692077990625e-07
0,0,1.0476338328593856e-07
0,0,1.156012668223073e-07
0,0,0.001072583893118042
0,0,1.9518635132090615e-07
0,0,7.552472800595155e-06
0,0,0.010040998197215729
0,1,0.7855782106759656
0,0,0.0003555145578583217
0,0,7.100185765355388e-05
0,0,0.13244842249267352
0,0,1.0000000994736041e-07
0,0,0.0005166586535193174
0,1,0.7176321115524178
0,0,3.754567562366717e-06
0,0,4.835355034078914e-07
0,0,3.2962450143293334e-07
0,0,0.003375772733525414
0,0,5.89379753868766e-07
0,0,1.0000000994736041e-07
0,0,0.00023931387524030377
0,0,0.005945319978402803
0,0,2.307590646948646e-06
0,0,3.0617326365762495e-05
0,0,0.010373791635901939
0,0,0.26603486314734265
0,0,1.0000000994736041e-07
0,0,0.0003356127502324139
0,0,0.011800428609724111
0,0,1.0000000994736041e-07
0,0,0.48473932974222095
0,0,0.00015648847154619612
0,0,6.74115257090384e-05
0,0,0.2110644483334746
0,0,0.001802629536997524
0,0,5.2207243497201226e-05
0,1,0.9572529224655192
0,0,0.31532325477841033
0,0,0.00011708402449157995
0,0,2.818511888275255e-05
0,0,1.0000000994736041e-07
0,0,1.6956339398937246e-07
0,1,0.9653227711738703
0,0,0.0001800822999675582
0,0,0.00028360825689807174
0,0,5.777325671604029e-07
0,0,2.157667895058338e-05
0,0,0.0005027164827309326
0,0,6.168648444008162e-05
0,0,1.2749511404243393e-05
0,0,1.0000000994736041e-07
0,0,1.1045198529554502e-06
0,0,3.549899321983033e-05
0,0,0.4656270681700112
0,0,3.809179462152902e-05
0,0,0.0010747613201790886
0,0,0.00036441781690101
0,0,3.218567161125873e-05
0,0,0.0056466809508951875
0,0,0.23447577926861538
0,0,0.0005113999533238466
0,0,2.720009798646344e-06
0,1,0.9999912898512414
0,0,8.864775321339748e-05
0,0,0.21055197509739915
0,0,5.213088626606236e-05
0,0,4.085640166028045e-06
0,0,0.00014508827803080232
0,0,5.0492772991733174e-05
0,0,0.0008688591449451897
0,0,0.006957911108168511
0,0,0.003958258607467287
0,0,6.961728622890486e-07
0,0,0.1809773962490426
0,0,3.538961390693931e-07
0,0,4.3008296184843645e-05
0,0,1.674024840986764e-06
0,0,5.536972707469432e-07
0,0,1.3826930977368584e-05
0,0,5.723289171037716e-06
0,0,5.190974985516445e-07
0,0,0.00027707079380033344
0,0,5.306518005326832e-06
0,0,5.675815302414555e-06
0,0,1.0574419376931513e-05
0,0,0.007231641766032905
0,0,0.04071033984905606
0,0,1.0000000994736041e-07
0,0,1.0000000994736041e-07
0,0,4.468408992190624e-07
0,1,0.996648040515939
0,1,0.9908033814067855
0,0,0.0026079662061520696
0,0,0.19136760988048096
0,1,0.9999998450660785
0,0,1.3892482473127874e-06
0,0,0.03117741494773513
0,1,0.9817948019369779
0,0,7.496043892811176e-06
0,0,7.795124563731971e-07
0,0,3.6421346579399595e-05
0,0,0.018033362849406365
0,0,2.7331412130894725e-05
0,0,0.0008429399966326176
0,0,7.013987669416881e-06
0,0,3.018267919540155e-07
0,0,3.6254812272406743e-06
0,0,1.1135275897064619e-05
0,0,1.0000000994736041e-07
0,1,0.9863591364890909
0,0,1.5796544860531276e-06
0,0,4.444628574454304e-07
0,0,1.149271622279714e-07
0,0,9.030166811844098e-07
0,0,1.0000000994736041e-07
0,0,7.745028558476209e-07
0,0,4.6743966387277076e-05
0,0,1.925735652878172e-06
0,0,2.3302406294469367e-07
0,0,2.007210431076487e-07
0,0,4.218045250357455e-07
0,0,2.478180346464776e-06
0,0,0.27072433637833954
0,0,1.608070866179086e-06
0,0,0.0037075849001123383
0,0,1.0131685655478364e-05
0,0,1.0000000994736041e-07
0,0,0.0006381388884100383
0,0,0.41063002347545585
0,0,8.325249042344677e-06
0,1,0.7955762539268655
0,0,6.667910483401718e-07
0,0,2.2331228734782245e-07
0,0,0.000138583533623054
0,0,2.853024329542662e-05
0,1,0.9999999480203361
0,0,1.0000000994736041e-07
0,0,1.6210966787886947e-07
0,0,1.0000000994736041e-07
0,0,0.00025535192996477794
0,0,1.7394886251282158e-06
0,0,0.0007161457614962636
0,0,0.5162321119084686
0,0,0.0008058538543334703
0,0,7.671040001648532e-06
0,0,6.566486184311495e-05
0,0,0.003045238822735811
0,0,8.542926037206199e-07
0,0,8.39055715814097e-07
0,0,4.797905769222148e-06
0,0,4.272682295007131e-07
0,0,8.988328564870434e-05
0,0,0.0031375064254715182
0,0,5.182454832317287e-06
0,0,4.151056263224969e-07
0,0,2.753563168516757e-07
0,0,2.994001659168018e-05
0,0,7.391764820617387e-07
0,0,6.551889569921469e-05
0,0,5.786952833008837e-05
0,0,0.0003939780873818973
0,0,1.5448991947281096e-06
0,0,0.0010580985760882274
0,0,7.215297381694982e-05
0,0,1.6066497066390397e-06
0,0,0.0002651933668376213
0,0,1.0000000994736041e-07
0,0,1.0085467156048538e-05
0,0,2.0460534300620715e-05
0,0,0.00020546889018642608
0,0,1.3313978051393605e-06
0,0,0.00011625850279948557
0,0,0.005310335360701369
0,0,0.04269300362209459
0,0,0.047055517636109066
0,0,1.3347996069337666e-07
0,0,3.1705889154527017e-06
0,0,0.0001632596817367977
0,0,3.3653133591974753e-07
0,0,0.12082778002730005
0,0,1.1605771164175567e-06
0,0,0.00452920142919996
0,1,0.9999999368846323
0,0,1.1094764995868101e-06
0,0,2.2156957055233395e-06
0,0,2.9868870198551257e-06
0,0,0.00021618713213026298
0,0,7.990472870810813e-06
0,0,6.809428639253674e-07
0,0,0.28468836621036775
0,0,0.0198165876799128
0,0,1.0119364940947409e-06
0,0,5.7635526004333887e-05
0,0,4.176399397031426e-06
0,0,2.393583835628869e-07
0,0,1.2720628539223766e-06
0,0,7.047164438871227e-07
0,0,4.534483075706083e-07
0,0,6.476355044609068e-05
0,0,1.0000000994736041e-07
0,0,7.766065890787248e-07
0,0,6.213106604767235e-07
0,0,0.06877854865255377
0,0,1.8039828075019778e-06
0,0,0.0002034420446993964
0,0,2.695690870191387e-06
0,0,1.0000000994736041e-07
0,0,3.0071626700855335e-06
0,0,8.532035702414169e-06
0,0,0.00013680938379501055
0,0,1.0000000994736041e-07
0,0,0.0003913776799290444
0,0,1.0000000994736041e-07
0,0,3.853188386472587e-07
0,0,8.59485949492452e-07
0,0,9.973732341080137e-06
0,0,0.00014155453886995813
0,0,0.0029805368430612937
0,0,1.0000000994736041e-07
0,0,0.00026602817684484646
0,0,0.341174586440459
0,0,0.0033707756135310557
0,1,0.9880254006028713
0,0,6.15237669538639e-06
0,0,3.059567242270574e-06
0,0,1.0327324263148383e-07
0,0,1.111207380760205e-05
0,0,1.0000000994736041e-07
0,0,0.00013119175963836841
0,0,2.5273166436386296e-06
0,0,2.2773206273420473e-06
0,0,0.000181506141006818
0,0,9.682999648923818e-07
0,0,3.1367804274808195e-06
0,0,0.015202536864299608
0,0,0.0006243673274060955
0,0,7.52072953853116e-06
0,0,2.7624064798729758e-06
0,0,0.0001029261139882761
0,0,0.030669861736777167
0,0,1.8197048026828607e-07
0,0,5.678251470861752e-05
0,0,0.0006725618627027513
0,0,2.8387039494820543e-07
0,0,1.0000000994736041e-07
0,0,8.784559537214559e-07
0,0,2.0839667837777008e-07
0,0,1.583188315998444e-05
0,0,1.0375623582144509e-07
0,0,8.529207990122612e-05
0,0,4.3068444746835126e-05
0,0,4.153474595047864e-05
0,0,0.009946215285477846
0,1,0.7363604678878378
0,0,0.001131119206608197
0,0,0.015065818634925591
0,0,1.0000000994736041e-07
0,0,0.0010943334159351763
0,0,7.760425945103606e-06
0,0,1.6550979144567497e-06
0,0,0.0026802117611258174
0,0,0.00013036647572901744
0,0,1.0000000994736041e-07
0,0,0.00034742932133840175
0,0,4.0581691655642764e-07
0,0,5.240491391519206e-07
0,0,5.174773087774069e-07
0,1,0.8855838709389904
0,0,0.014363722240964352
0,0,5.1007282209069855e-06
0,0,1.0000000994736041e-07
0,0,0.004180801089422615
0,0,1.2644976177488096e-07
0,0,1.0000000994736041e-07
0,0,3.167881321139462e-05
0,0,1.4032630142068051e-05
0,0,2.7440634989057496e-07
0,0,0.0015306004492506168
0,0,5.487313350497917e-07
0,0,3.052105868096145e-07
0,0,0.0006482966987347707
0,0,1.7516934574807432e-05
0,0,0.00015036789709390184
0,0,0.0003850281153785773
0,0,0.0011998450663770917
0,0,4.328561535871344e-05
0,0,0.00024296804090950688
0,0,5.51652673370878e-06
0,0,1.7588273278191061e-07
0,0,8.170041889358092e-05
0,0,4.350005007743578e-07
0,0,1.0000000994736041e-07
0,0,1.0207879739883986e-07
0,0,6.319303360463412e-07
0,0,2.223460080824687e-07
0,0,1.0000000994736041e-07
0,0,1.8164800132755554e-06
0,0,3.382496745712617e-05
0,0,1.0000000994736041e-07
0,0,6.893076127553583e-05
0,0,9.306599346737723e-06
0,0,3.0189415963901285e-05
0,0,3.170433361657957e-05
0,0,0.0014790715178016553
0,1,0.9999855820928379
0,1,0.9999989902489836
0,0,0.00809313387593362
0,0,2.408793943599184e-06
0,0,6.576238304708332e-06
0,0,1.0000000994736041e-07
0,0,4.97966078317809e-07
0,0,0.39410713892063487
0,0,0.0005507163539099871
0,0,1.4417882174324544e-05
0,0,0.004034448168856081
0,0,1.5379324098863818e-05
0,0,1.7802576494123428e-05
0,0,1.2181818616771824e-07
0,0,1.0000000994736041e-07
0,0,2.3825843042400793e-06
0,1,0.9999999999999699
0,0,1.7447224689259267e-07
0,0,1.139255995977627e-05
0,0,2.1607770281577656e-06
0,0,1.3665281031080534e-06
0,0,4.376363793695234e-07
0,0,0.00039679946243796626
0,0,5.316910745329541e-07
0,0,0.010675001659462375
0,0,8.084814913609323e-07
0,0,0.0016043438761202135
0,0,1.0641686793282066e-05
0,0,0.13282178292954924
0,0,9.503240170365494e-05
0,1,0.9459688644870101
0,0,0.0002825405444138733
0,0,1.0000000994736041e-07
0,0,2.3376777961226253e-05
0,0,0.019967890414271973
0,0,2.3231042657100137e-05
0,0,9.132808857727371e-07
0,0,0.008631641695067443
0,0,0.029034468526607744
0,0,3.2642611598676117e-06
0,0,2.191457737020792e-07
0,0,0.00010700801011259958
0,0,8.803712667787612e-07
0,0,1.0401506216895258e-07
0,0,1.4990771534980783e-05
0,0,0.001066137942533434
0,0,2.4824865284761145e-06
0,0,1.2806736406710737e-06
0,0,1.3171678117481502e-05
0,0,9.636127391112867e-07
0,0,1.0000000994736041e-07
0,0,1.0000000994736041e-07
0,0,1.1096721602346817e-05
0,0,1.0967020239045078e-06
0,0,4.25262131932652e-06
0,0,7.697183779423753e-06
0,0,1.340503343699667e-06
0,0,1.9423023078602733e-05
0,0,0.30171967792649645
0,0,1.0000000994736041e-07
0,0,0.0004878273120152351
0,0,5.628940458931271e-05
1,1,0.9999999999999699
1,1,0.9999999778017102
1,1,0.9999999999997106
1,1,0.9999999991358386
1,1,0.999999999767369
1,1,0.9999999999999222
1,1,0.9999999999999699
1,1,0.9999999995362834
1,1,0.9999999999999699
1,1,0.9999999999999699
1,1,0.9999999987428677
1,1,0.9999999238138078
1,1,0.9999999999654112
1,1,0.999999999969751
1,1,0.999999927006053
1,1,0.9999999995229187
1,1,0.9999999952362175
1,1,0.9999999983314528
1,1,0.9999999999999699
1,1,0.9999999999999699
1,1,0.9972110531879033
1,1,0.9999999999973033
1,1,0.9999999999999699
1,1,0.9999999999999699
1,1,0.9999999999999699
1,1,0.9999999999984601
1,1,0.9999999996204209
1,1,0.9999999891847353
1,1,0.9999999999900879
1,1,0.9999999993783488
1,1,0.9458020017870648
1,0,0.005857263117462616
1,1,0.9999999999684731
1,1,0.9999999995845469
1,1,0.9999998163884413
1,1,0.9999999999999699
1,1,0.9999999999994559
1,1,0.9999999985822335
1,1,0.9999999985438267
1,1,0.9468774333103993
1,1,0.9999999719128417
1,0,0.27597302572004884
1,1,0.9999999999944439
1,1,0.996135831884036
1,1,0.9999999999999699
1,1,0.9999999842094512
1,1,0.9999999993806102
1,1,0.9815747806746091
1,1,0.9999999882934962
1,1,0.999999998569251
1,1,0.9999999476409015
1,1,0.9999999999997603
1,1,0.9999999999999073
1,1,0.9999999999997767
1,1,0.9999983155556672
1,1,0.9999999984347417
1,1,0.9999999970933018
1,1,0.9605295732515534
1,1,0.9999950983893803
1,1,0.9999999999999699
1,1,0.9999999998308632
1,0,1.0000000994736041e-07
1,1,0.9999999999999699
1,1,0.9999999999831367
1,1,0.9999999999999699
1,1,0.9962135124837616
1,1,0.999999149622419
1,1,0.9999999999999699
1,1,0.9999999999999699
1,1,0.9999999999999699
1,1,0.9999999996885247
1,1,0.9999853831833158
1,1,0.9999999999999699
1,1,0.9999999999999695
1,1,0.9999999999999699
1,1,0.999999998243647
1,1,0.9999999999999699
1,1,0.9999995466934805
1,1,0.9999999999999699
1,1,0.9999999999999699
1,1,0.9999999999999699
1,1,0.9999999755173921
1,1,0.9999999994895308
1,1,0.9999999898520207
1,1,0.9999999999999699
1,1,0.9999999997542115
1,1,0.9999999999999699
1,1,0.9999999999999699
1,1,0.9999999999986063
1,1,0.8916879580551346
1,1,0.9999999997577893
1,1,0.9999999999974323
1,1,0.9999999999999699
1,1,0.9999998901752604
1,1,0.9999999999999699
1,1,0.9999999996843757
1,1,0.9999999999999699
1,0,0.23717562496993955
1,1,0.9999999330420047
1,1,0.9999999999922033
1,1,0.9999999999999699
1,1,0.9999999999900648
1,1,0.9999999999999247
1,1,0.9999999999999699
1,1,0.9999999999998204
1,1,0.9999999999999667
1,1,0.9999999999987396
1,1,0.9999999996605933
1,1,0.9999999932704667
1,1,0.990830056169444
1,1,0.9999999545084322
1,1,0.9999999999999699
1,1,0.9999999978867092
1,1,0.9999999999999699
1,1,0.9999999999997204
1,1,0.9999999999999699
1,1,0.9808960670273223
1,1,0.9999999971587494
1,1,0.9999999995765243
1,1,0.9999999999999699
1,0,0.015429566483380277
1,1,0.9999999999920571
1,1,0.9999999999999699
1,1,0.9999999999999699
1,1,0.9999999999999699
1,1,0.9999999952651337
1,1,0.9999999999999423
1,1,0.9999999999999699
1,1,0.9237249405092227
1,1,0.9999999999999699
1,1,0.9999999428314837
1,1,0.9999999999834063
1,1,0.9999999999844962
1,1,0.9999999999998007
1,1,0.9999999999971317
1,1,0.9999999945995786
1,1,0.9999999983928745
1,1,0.9999999999999699
1,1,0.9628952502167776
1,1,0.9999999999999588
1,1,0.9999999999419512
1,1,0.9999999859126472
1,1,0.9999999223849193
1,1,0.9999999999999699
1,1,0.9999999999999699
1,1,0.9999999999999699
1,1,0.9999999999856927
1,1,0.999985676864552
1,1,0.9999999999999659
1,1,0.9999999972125849
1,1,0.9999999999543954
1,1,0.9999999999999699
1,1,0.888985482356896
1,1,0.9999999999944117
1,1,0.9999999999999699
1,1,0.9999999999999699
1,1,0.9999996142581911
1,1,0.9999999999999699
1,1,0.9999999999999699
1,1,0.9999999999980843
1,1,0.9999999999969889
1,1,0.9999999940871835
1,1,0.9999999999998986
1,1,0.9999999999998281
1,1,0.9999999999999699
1,1,0.8253138215463354
1,1,0.9942586673469361
1,1,0.999999812862692
1,1,0.9999998477223594
1,1,0.99999999995429
1,1,0.999997423271329
1,1,0.9999999999999699
1,1,0.9999999999999699
1,1,0.9999999999728112
1,1,0.9999999999478502
1,1,0.9999999993505131
1,1,0.9999999999999699
1,1,0.993628372196422
1,1,0.9999925391110985
1,1,0.9999999999384367
1,1,0.9999999999998905
1,1,0.9999999999969885
1,1,0.9999999999999699
1,1,0.9999999999999699
1,1,0.9999999999991858
1,1,0.9999999999999699
1,1,0.9859677977442558
1,0,0.4075681921322175
1,1,0.9999999957339492
1,1,0.9999999999999699
1,1,0.9999999999999699
1,1,0.9999999999993483
1,1,0.9999999999999699
1,1,0.9999999833640397
1,0,0.0048720307955106845
1,1,0.9999999762872642
1,1,0.9999999999999699
1,1,0.9999999999999699
1,1,0.9999999999999699
1,1,0.999999999805132
1,1,0.9999924775944177
1,1,0.9999999999968474
1,1,0.9999999999999699
1,1,0.9999999960836063
1,1,0.9999999999999699
1,1,0.9999999771106075
1,1,0.999999993251532
1,1,0.9999999999999699
1,1,0.9999997913999437
1,1,0.9999999926709928
1,1,0.9999999999992313
1,1,0.9999999999999699
1,1,0.9999999999999474
1,1,0.9999999999999699
1,1,0.9999999999975849
1,1,0.9999999999999495
1,1,0.9999999999999699
1,1,0.9999999999999699
1,1,0.9999999999998418
1,1,0.9999999999520461
1,1,0.9999997469602954
1,1,0.9999999998962474
1,1,0.9999999977734545
1,1,0.9999999999999699
1,1,0.9999999999952889
1,1,0.9999999999950443
1,0,0.1133354546449879
1,1,0.9999999999725464
1,1,0.9999999999999699
1,1,0.9999999975943681
1,1,0.9999999999999699
1,1,0.9999985679737396
1,1,0.9999999925692913
1,1,0.9999999999981997
1,1,0.9999999999999699
1,1,0.9999993839871363
1,1,0.9999999999999699
1,1,0.9999999999972751
1,1,0.9956993509730615
1,1,0.9999999999865229
1,1,0.9999997421104563
1,1,0.9999999976740965
1,1,0.9999999999912549
1,1,0.9999999999999595
1,1,0.9999996278405883
1,1,0.9999999996245224
1,0,0.0036185195389021522
1,1,0.9999999999999699
1,1,0.9999998838757006
1,1,0.9999999998472829
1,1,0.9999999485034884
1,1,0.9999999868797804
1,1,0.9999999492799404
1,1,0.9999999998677188
1,1,0.9999999999985355
1,1,0.9999999999999232
1,1,0.9999999999999699
1,1,0.9999814350502005
1,1,0.9999999785161269
1,1,0.7050763037903985
1,1,0.996560978705301
1,1,0.9999999942742458
1,1,0.9999999765756344
1,1,0.9999992259427737
1,1,0.9999999999991608
1,1,0.9999999999999699
1,1,0.9999999999999699
1,1,0.9999999647489756
1,1,0.999999999999832
1,1,0.9999999999999699
1,1,0.9999999999999699
1,1,0.9999999999999699
1,1,0.9999999999999529
1,1,0.9999999999801283
1,1,0.9999999997426878
1,0,0.3066953583144533
1,1,0.9999999994161227
1,1,0.9999999999999699
1,1,0.9999999999999578
1,1,0.9999920603122301
1,1,0.9999999999968379
1,1,0.9999999999999699
1,1,0.9999999999999699
1,1,0.9999999859235565
1,1,0.9999999999999699
1,1,0.9999999999999699
1,1,0.9999999999952578
1,1,0.9999999999092241
1,1,0.9999999999999699
1,1,0.9999999999999699
1,1,0.9999999999999699
1,1,0.9999999999336466
1,1,0.9999998148281163
1,1,0.9999999871442505
1,1,0.9999999999994341
1,1,0.9999999999359912
1,1,0.9999998680307581
1,1,0.9999999999999699
1,1,0.9999999997839828
1,1,0.9999999163669406
1,1,0.9999999998119622
1,1,0.9999999999769458
1,1,0.9999999999999699
1,1,0.9999999999999699
1,1,0.9999999999979652
1,1,0.9999999961961404
1,1,0.9999999999998023
1,1,0.9999999999999699
1,1,0.9999999999999699
1,1,0.9999999999999699
1,1,0.9999999999997676
1,1,0.9999999966475086
1,0,0.0005079221539668035
1,1,0.9999999999998387
1,1,0.9999999990301384
1,1,0.9999999998460081
1,1,0.9999999135665972
1,1,0.9999999999999192
1,1,0.9999999999985106
1,1,0.9999999998738308
1,1,0.9999999974013558
1,1,0.9999999999980291
1,1,0.9999999999998472
1,1,0.9999999999988244
1,1,0.9999999999999699
1,1,0.9999999999968552
1,1,0.9999999999999699
1,1,0.9999999999999699
1,1,0.9999999993388272
1,1,0.9999999999999699
1,1,0.9999999999998002
1,1,0.993876545635653
1,1,0.9999999991949408
1,1,0.9999999962072151
1,1,0.9957272895933732
1,1,0.9999999994776633
1,1,0.9999999999992663
1,1,0.9999999999999699
1,1,0.9999999657481089
1,1,0.9999999577779624
1,1,0.9999999999999699
1,1,0.9999999999999699
1,1,0.9999999998639785
1,1,0.9999999996287067
1,1,0.9999999999999699
1,1,0.9999999834909457
1,1,0.9999999999999699
1,1,0.9999999999991784
1,1,0.9999999999962506
1,1,0.99456043797873
1,1,0.9999999613708934
1,1,0.9999999999588576
1,1,0.9999999999999674
1,1,0.9999997054248008
1,1,0.9999999999999699
1,1,0.9999999998292108
1,1,0.9999999999999699
1,1,0.9999999999999477
1,1,0.9999999999965339
1,1,0.9999999537092605
1,1,0.9999999657849978
1,1,0.999999688338682
1,1,0.9999999999999699
1,1,0.9999999999996778
1,1,0.9999999995351162
1,1,0.9999999999999699
1,0,0.00020730362180542653
1,1,0.9999999999978781
1,1,0.9999999999999699
1,0,0.17051537123140542
1,1,0.9999999992141095
1,1,0.9999999999999699
1,1,0.999999991794047
1,0,0.015191359691685965
1,1,0.9968838372548784
1,1,0.9999999999999477
1,1,0.9999999986066453
1,1,0.9999999999999699
1,1,0.9999999999985913
1,1,0.9999999999179137
1,1,0.9999999999999699
1,1,0.9970131006213907
1,1,0.9999999999999662
1,1,0.9999999070989211
1,1,0.9999999999998656
1,1,0.9999999970909574
1,1,0.9999928967462524
1,1,0.9999999999999699
1,1,0.9999999999964575
1,1,0.999999999999508
1,1,0.9999999999999631
1,1,0.999999999995403
1,0,0.2899986835925631
1,1,0.9999995971295526
1,1,0.9999999999999699
1,1,0.9946706124393419
1,1,0.9999999999973619
1,1,0.9999999999999699
1,1,0.9999999999999699
1,1,0.9894393487644932
1,1,0.9999999999999699
1,1,0.9999999999891833
1,1,0.9999999999999699
1,1,0.9999999999999699
1,1,0.9999999999998509
1,1,0.9999999999759547
1,1,0.9999999999999507
1,1,0.9999999999814628
1,1,0.9999999672528783
1,1,0.9949853608959625
1,1,0.9999999999996045
1,1,0.9999999999811016
1,0,0.39576177460190776
1,1,0.9999999999999699
1,1,0.9999999999204126
1,1,0.9999999999990317
1,1,0.9999999421533973
1,1,0.9999938601371672
1,1,0.9999999999999699
1,1,0.9543744379673057
1,1,0.9999999999999699
1,1,0.9999999999999699
1,1,0.9999999999985401
1,1,0.9999999997847221
1,1,0.9999999999954319
1,1,0.9999999999999699
1,1,0.9999999999999699
1,1,0.9999999998910484
1,1,0.9999999989036921
1,1,0.9999999999993727
1,1,0.9999999999951359
1,1,0.9999999999785536
1,1,0.999999999999886
1,1,0.999999967873126
1,1,0.9999999999999108
1,1,0.9999999999999699
1,1,0.9999999999999699
1,1,0.9999999070831216
1,1,0.9999999999999699
1,1,0.9889128468533581
1,1,0.9999999999999699
1,1,0.9999999999999699
1,1,0.9999999995520867
1,1,0.9946115108649252
1,1,0.9999999999999699
1,1,0.9999999988854856
1,1,0.9999999999999699
1,1,0.9999991269806929
1,1,0.9999999999846927
1,1,0.9999999999999699
1,1,0.9999999999998808
1,1,0.9999999994550518
1,1,0.9999999981574468
1,1,0.9999999999948058
1,1,0.9999999999999308
1,1,0.9999999999743061
1,1,0.9999999999999699
1,1,0.9999999999280764
1,1,0.9999999999999699
1,1,0.9999998618372822
1,1,0.9999999990778271
1,1,0.9999999999736551
1,1,0.7632229527342417
1,1,0.9999999998984375
1,1,0.9953507850971796
1,1,0.9999999999999699
1,1,0.9999999999428323
1,1,0.9999973310620578
1,1,0.9999999999999211
1,1,0.9999999999999699
1,1,0.9999999999999699
1,1,0.9999999961363124
1,1,0.9999999999999699
1,1,0.963408725680242
1,1,0.9999999997786632
1,1,0.9999985160045998
1,1,0.9999999994788971
1,1,0.9999999999576228
1,1,0.9999999999999699
1,1,0.9999999996928158
1,1,0.9999999998495864
1,0,0.47773145827716984
1,1,0.9999999999981599
1,1,0.9999999999999499
1,1,0.9999999999981248
1,1,0.9999999997464908
1,1,0.9999999999999699
1,1,0.9999999999988741
1,1,0.9999999999999318
1,1,0.9999999955289783
1,0,6.033075697311018e-05
1,1,0.9999990323086106
1,1,0.9999999999999699
1,1,0.9999999999999699
1,1,0.9999999999998739
1,1,0.9999999999999699
1,1,0.9999999999999699
1,1,0.9999999999981716
1,1,0.9999999999895318
1,1,0.9999999732272846
1,1,0.9999999999999699
1,1,0.9999999999997214
1,1,0.9999999999947025
1,1,0.9999999930790844
1,1,0.9999999997575131
1,1,0.9999999922152077
1,0,1.738392458330647e-05
1,1,0.9999999993897208
1,1,0.9999999999956356
1,1,0.9999999999999699
1,0,2.1629118712744867e-05
1,1,0.9999999999999699
1,1,0.9999999999999699
1,1,0.9999999999997881
1,1,0.9999999999993866
1,1,0.9999999999999699
1,1,0.9999999999999699
1,1,0.9999999999999699
1,1,0.9999999999932271
1,1,0.999999933311539
1,1,0.999999999999774
1,1,0.9999999999999699
1,1,0.9999999985352516
1,1,0.9930585590786939
1,0,0.022312730814535754
1,1,0.9999999537034295
1,1,0.9999999999991623
1,1,0.9999983316249539
1,1,0.9900861845710429
1,1,0.9999999999943491
1,1,0.9999999999999699
1,1,0.9999999999999374
1,1,0.9999999998914672
1,1,0.9999991245769727
1,1,0.9999999999999699
1,1,0.9999999896901074
1,1,0.9999946056360591
1,1,0.9999999998409796
1,1,0.9999999999999699
1,1,0.9999900027934425
1,1,0.9999999999999332
1,1,0.9999999999999699
1,1,0.9999999999999699
1,1,0.999999998894071
1,1,0.9999999999495939
1,1,0.9999999999450669
1,1,0.9999999999996649
1,1,0.999999999970403
1,1,0.9999999999999699
1,1,0.9999999999845907
1,1,0.9999921169881835
1,1,0.9999999999999237
1,1,0.9999999702467589
1,1,0.9999999999999699
1,1,0.9999998769781885
1,1,0.9999999999886457
1,1,0.9999999999999699
1,1,0.9999847719298212
1,1,0.9999999999999343
1,1,0.9999892452974853
1,1,0.7833895452457909
1,1,0.9999998664507779
1,1,0.9999999990688118
1,1,0.9999999998662519
1,1,0.9999999999999699
1,1,0.9999999999871428
1,1,0.9999999999999699
1,1,0.9999999999989877
1,1,0.9999999999909894
1,1,0.9999999999604609
1,1,0.9999999999999699
1,1,0.9999999999981952
1,1,0.9999999999999699
1,1,0.9999999999999699
1,1,0.9999999998698256
1,1,0.9999999999999699
1,1,0.9999999999576958
1,1,0.9999999999885603
1,1,0.9999999999999699
1,1,0.9999999999248075
1,1,0.9999999999903258
1,1,0.999999960164631
1,1,0.9999999999999699
1,1,0.9999999999519598
1,1,0.9999999999999699
1,1,0.9999999999999699
1,1,0.9999999999999699
1,1,0.9999908778851877
1,1,0.9999994710068579
1,1,0.9999999999999699
1,1,0.9999999982064305
1,1,0.9999999999737939
1,1,0.9999999996197493
1,1,0.9999999994227716
1,1,0.9999999999966366
1,1,0.9999998290455413
1,1,0.9999999998686613
1,1,0.9999999999999699
1,1,0.999999999998768
1,1,0.9999999999999378
1,0,0.5443472150160604
1,1,0.9999999999999699
1,1,0.9999999999289975
1,1,0.9999999999999699
1,1,0.9999945777088967
1,1,0.9999999999999699
1,1,0.9999999999999699
1,0,2.7147678584773885e-05
1,1,0.9999999999999686
1,1,0.9999999999999699
1,1,0.9999999999808691
1,1,0.9999999936502673
1,1,0.9999999999998278
1,1,0.9999999999999699
1,1,0.9999999999999699
1,1,0.9999997224283648
1,1,0.9999999999992958
1,1,0.9999999999999499
1,1,0.9999999999999699
1,1,0.9999999992486749
1,1,0.9999999999593975
1,1,0.9999999999921105
1,1,0.9999996217937467
1,1,0.9999999999811663
1,1,0.9999999999875478
1,1,0.9999999997260901
1,1,0.999999999999286
1,1,0.9999999999999699
1,1,0.9999999999999699
1,1,0.9999999999976177
1,1,0.9999999999999699
1,1,0.9999999999961374
1,1,0.9999999999999699
1,1,0.8455109868267773
1,1,0.9961777008976829
1,1,0.9999999999999699
1,1,0.999999999999386
1,1,0.9999999943434608
1,1,0.9999999999999699
1,1,0.9999999999998478
1,1,0.9999999999204058
1,1,0.9999999999999699
1,1,0.999999999859062
1,1,0.9999990410876882
1,1,0.9999999999993201
1,1,0.9999999999999699
1,1,0.999999988281251
1,1,0.9999999999999699
1,1,0.9999999999983724
1,1,0.9999999999826701
1,1,0.9999999992019061
1,1,0.9999999775642081
1,1,0.9653795311663598
1,1,0.9999999999999699
1,1,0.9999999984112424
1,1,0.9999999999971618
1,1,0.9999999994569657
1,1,0.9999999999922905
1,1,0.9999999997356567
1,0,0.42187544060615173
1,1,0.9999999991578704
1,1,0.9999999902107802
1,1,0.9999999999999699
1,1,0.999999998692358
1,1,0.9999999999950389
1,1,0.999999999934693
1,1,0.9999999974188347
1,1,0.9999999999827429
1,1,0.9999999999999699
1,1,0.9634860593272226
1,1,0.9999998766790902
1,1,0.9958604570888651
1,1,0.9999999953119968
1,1,0.9999998366898979
1,1,0.9999999999934
1,1,0.9999999999999699
1,1,0.9999995400398278
1,1,0.9999999480978958
1,1,0.9899118758101464
1,1,0.9999999999999699
1,1,0.9999999999918509
1,1,0.999999992418909
1,1,0.9999999999999699
1,1,0.9999947891304789
1,1,0.9999999995616571
1,1,0.9999999354340412
1,1,0.9999999999999699
1,1,0.9999999999999699
1,1,0.9999999999174041
1,0,0.01434092292529064
1,1,0.9999999999735646
1,1,0.9999999999999699
1,1,0.9999999999979057
1,1,0.9912570912171424
1,1,0.9999999999999699
1,1,0.9999997988316758
1,1,0.9999999999966787
1,1,0.9999999999971144
1,1,0.9999999999944618
1,1,0.9999999999999699
1,1,0.9999999998463978
1,1,0.9999999999999699
1,1,0.9999999999921976
1,1,0.9999999999843423
1,1,0.9999999999999699
1,1,0.9999999999955127
1,1,0.9999999999999699
1,1,0.8734749561971363
1,1,0.9999999999810798
1,0,0.030989574827289732
1,1,0.9999999999999699
1,1,0.9999999999797553
1,1,0.9999999891396223
1,1,0.9999999999995913
1,1,0.9999999999674696
1,1,0.9999999999917899
1,1,0.9999999999999699
1,1,0.9999999997007754
1,1,0.9999999999999328
1,1,0.9999999999995521
1,1,0.9999999999999699
1,1,0.9999999999977041
1,1,0.9999999999999699
1,1,0.999999999999969
1,1,0.9999999999999699
1,1,0.9999999995550763
1,1,0.9999999999999699
1,1,0.9833348894765529
1,1,0.9999999998328941
1,1,0.9999999999999699
1,1,0.9999999182194376
1,1,0.9999999998621107
1,1,0.9999999999999699
1,1,0.9999999999999699
1,1,0.9999999999999699
1,1,0.9904742358134601
1,1,0.99999999999323
1,1,0.9999999999999699
1,1,0.999999958959886
1,1,0.9999999993870028
1,1,0.9999999999997947
1,1,0.9999999996112664
1,1,0.9999999999868079
1,1,0.9999999959011703
1,1,0.8736453350200241
1,1,0.9999999999999699
1,1,0.9999999999999699
1,1,0.9999993135586753
1,1,0.9956756238007459
1,1,0.999999996415312
1,1,0.9999999999999699
1,1,0.999999999972767
1,1,0.9999999994617071
1,1,0.9999999999999699
1,1,0.9999998708710349
1,0,0.005784200358384847
1,1,0.9999999999659616
1,0,0.32302449921933757
1,1,0.9999999999999699
1,1,0.9875799346075053
1,0,0.036426055963300966
1,1,0.999999999999751
1,1,0.9999992697384147
1,1,0.9900006765066792
1,1,0.99999999999995
1,1,0.9999999999999699
1,1,0.9999999999999699
1,1,0.9999999999999699
1,1,0.9999999998359977
1,1,0.9999999993108051
1,1,0.9999999999999699
1,1,0.9999999999992618
1,1,0.9999992952141157
1,1,0.9999999994206235
1,1,0.9999997315411532
1,1,0.9999999999997714
1,1,0.9999999395379977
1,1,0.9999999959790804
1,1,0.9999999999999699
1,1,0.9999999996070504
1,1,0.9999999999482087
1,1,0.9999999874042754
1,1,0.9999999988585885
1,1,0.9999999999999699
1,1,0.9999999765423875
1,1,0.9999999999997358
1,1,0.9999999997314961
1,1,0.9999999999956034
1,1,0.9999999857204516
1,1,0.9999999997831808
1,1,0.9999999994872988
1,1,0.9999999999802306
1,1,0.9999999999999699
1,1,0.999999999997519
1,1,0.9999996978842781
1,1,0.9999999999987766
1,1,0.9999999999961293
1,1,0.9999999999974426
1,1,0.9999999999999699
1,1,0.9999987056459386
1,1,0.9999999999999699
1,1,0.9999999999648881
1,1,0.9999999999976483
1,1,0.9999985788583123
1,1,0.9999999907975254
1,1,0.9999999999992131
1,1,0.9999999999999699
1,1,0.9999999999999699
1,1,0.9999999994701074
1,1,0.9999999999999699
1,1,0.9999999998860412
1,1,0.9999999999999699
1,1,0.999999999925123
1,1,0.9999999999999699
1,1,0.999999999988634
1,1,0.9999999999999423
1,1,0.9952430990402089
1,1,0.9999999999999699
1,1,0.9999999999994983
1,1,0.9999999999999699
1,0,0.20025111410609342
1,1,0.9999999999995159
1,1,0.9999999999999613
1,1,0.9999999999999699
1,1,0.9922517682447833
1,1,0.9999999999952602
1,1,0.9999962455122015
1,1,0.9999963816709966
1,1,0.9999999999999699
1,1,0.9999999999958472
1,1,0.9999999999917717
1,1,0.9999855464099546
1,0,0.0323242458612721
1,1,0.9999999999999699
1,1,0.999999999999765
1,1,0.9999999999999699
1,1,0.9999999998695884
1,1,0.9999999999999465
1,1,0.9999999991114331
1,1,0.9999999310809714
1,0,0.00016418174102842458
1,1,0.9999999999987597
1,1,0.9999999999999699
1,1,0.9999999999267483
1,1,0.9999999999999699
1,1,0.9999999999999699
1,1,0.9999999984622564
1,1,0.9999999999999699
1,1,0.999999985909585
1,1,0.9999999999999699
1,1,0.9999999937206671
1,1,0.9999999999999699
1,1,0.9999999999999699
1,1,0.9999999999999699
1,1,0.9999999999901046
1,1,0.9999999999999699
1,0,0.17525351093863314
1,1,0.999999008516956
1,1,0.9999999999999699
1,1,0.9999999999981957
1,1,0.9999999999996956
1,1,0.99999999954413
1,1,0.9999999999999699
1,0,0.02196893024857643
1,1,0.9999999999836272
1,1,0.9999999999999699
1,1,0.9999999999999223
1,1,0.9999999780851384
1,1,0.99999999999815
1,1,0.9999999995484584
1,1,0.9999999999369937
1,1,0.9999999999997257
1,1,0.9999999998630916
1,1,0.9999999999794065
1,1,0.9999999999999699
1,1,0.9999999997690769
1,1,0.999999999876895
1,1,0.9999998702594888
1,1,0.9903899944705701
1,1,0.9999999338120931
1,1,0.9999999999154261
1,0,0.041975883528672125
1,1,0.9999999975727253
1,1,0.9999994847733839
1,1,0.9999999999992212
1,1,0.9999999999999681
1,1,0.9999999998879807
1,1,0.9999999999999699
1,1,0.9999999999999699
1,1,0.9999999999999699
1,1,0.9999986564468972
1,1,0.9999999999999495
1,1,0.9999999999999699
1,1,0.9999999994472145
1,1,0.9999999999999699
1,1,0.9999999999659633
1,1,0.9999999555372482
1,1,0.9999999999999699
1,1,0.9999999996372073
1,1,0.9999999999868383
1,1,0.9999999999999699
1,1,0.9999988775557491
1,1,0.9909664371582353
1,1,0.9999999999414023
1,1,0.9999997810126171
1,1,0.9999999999999699
1,1,0.9999998395820743
1,1,0.9624381515662244
1,1,0.99999999999986
1,1,0.999999999999341
1,1,0.9999999999999699
1,1,0.9999999999990248
1,1,0.9999999999878258
1,1,0.9999999999999699
1,1,0.9999999851308164
1,1,0.9999999999999433
1,1,0.9999999999980133
1,1,0.9999999999984611
1,1,0.9999999876631958
1,1,0.9999999999999699
1,1,0.9999999999956942
1,1,0.9999999999913798
1,1,0.9999999999862959
1,1,0.9999999999999039
1,1,0.999999978644784
1,1,0.9999999961771814
1,1,0.9999999999999699
1,1,0.9999999999992042
1,1,0.9999999999991578
1,1,0.9999999999999588
1,1,0.9999999999999699
1,1,0.9999947844134193
1,1,0.9999999999999699
1,1,0.9999999999999699
1,1,0.9999999380034619
1,1,0.9999999999999699
1,1,0.9999999959207139
1,1,0.9999809240276615
1,1,0.9999999999999699
1,1,0.9999999999999699
1,1,0.9999999990359643
1,1,0.999999999999004
1,1,0.9999999999999699
1,1,0.9999999998701414
1,1,0.9999999999999699
1,1,0.9999999980980233
1,1,0.9999999998760039
1,1,0.9999999999999699
1,0,0.00879865885114163
1,1,0.9999999999999397
1,1,0.999993880761274
1,1,0.9999999999987811
1,1,0.9999999999999699
1,1,0.9999999817598093
1,1,0.9999999999999699
1,1,0.9999999999899496
1,1,0.9999999997493856
1,0,0.09612930761304049
1,1,0.9999999997037204
1,1,0.9999999999999699
1,1,0.9999999999968701
1,1,0.9999999952423665
1,1,0.9999999999999699
1,0,0.08621271433130503
1,1,0.9999999452441523
1,1,0.9999999999998807
1,1,0.9999999544354772
1,1,0.9999999618137642
1,1,0.9999997522046327
1,1,0.9999999999999699
1,1,0.9999999999422672
1,1,0.9999999999999699
1,1,0.9999999978327062
1,1,0.9999999999998975
1,1,0.9999999999999699
1,1,0.9943324459640267
1,1,0.9999999999983314
1,1,0.9999999992381944
1,1,0.9999999999970626
1,1,0.9999999999995021
1,1,0.9999999998169278
1,1,0.9618387149833894
1,1,0.9999999793611611
1,1,0.9999999999999699
1,1,0.9999999999998597
1,1,0.9999999999999037
1,1,0.9999987434565002
1,1,0.9999999999999699
1,1,0.9999999999870509
1,1,0.9999999999999699
1,1,0.9999999999999699
1,1,0.9999999999999526
1,1,0.9999999986144832
1,1,0.9999999999999699
1,1,0.9999950560956972
1,1,0.9999999999999699
1,1,0.9999999493609513
1,1,0.9999999999999699
1,1,0.9999999984260216
1,1,0.9999999999999699
1,1,0.9999999999999699
1,1,0.9999999999999699
1,1,0.9999999999555588
1,1,0.9999999999999699
1,1,0.9999999999995454
1,1,0.9999999999999699
1,1,0.9999999999894658
1,1,0.9999999994303878
1,1,0.9999999999999699
1,1,0.9999999999999699
1,1,0.9999999999999699
1,1,0.9999999998620214
1,1,0.9518041752288666
1,1,0.9999999999999699
1,1,0.9999999999933492
1,1,0.9999999999980232
1,1,0.9999999999936691
1,1,0.9999999999999699
1,1,0.8599637355767071
1,1,0.999999999996874
1,1,0.9999999999999699
1,1,0.9999999959115348
1,1,0.9999999999999699
1,1,0.9923122056068029
1,1,0.9999999997212552
1,1,0.9999999999999699
1,1,0.9999962768742182
1,1,0.9999999999999699
1,1,0.9999917447796642
1,1,0.9999999919658834
1,1,0.9999999997865838
1,1,0.999994139212911
1,1,0.9999999999999699
1,1,0.9952952496672771
1,1,0.9999999999999699
1,0,0.3924879154250878
1,1,0.9999999999998551
1,1,0.9999999999967254
1,1,0.9999999999999699
1,1,0.9999999999961557
1,1,0.9999999162816241
1,1,0.9999985398819603
1,1,0.9999808333826797
1,1,0.9999999814715992
1,1,0.9999999999998842
1,1,0.9999999936404181
1,1,0.9999973090887501
1,1,0.9999999998667868
1,1,0.9999999997776385
1,1,0.9999998808508284
1,1,0.9999999999921393
1,1,0.9999999999999699
1,1,0.9999997874894173
1,1,0.999999999996953
1,1,0.9999999999999699
1,1,0.9999999999999699
1,1,0.9999999999984558
1,1,0.9999999999998777
1,1,0.9999999999997512
1,0,7.91152237583997e-06
1,1,0.9999999999999628
1,1,0.9999997244425554
1,1,0.9999999996275175
1,1,0.9999999999999699
1,1,0.9999999999999699
1,1,0.9999999996043566
1,1,0.9999999996613718
1,1,0.9999999999996798
1,1,0.9999999997969342
1,1,0.9999999999953817
1,1,0.9999999999590014
1,1,0.9999999999999699
1,1,0.9999999999998181
1,1,0.9999999984867283
1,1,0.9999999999999699
1,1,0.9999999999890267
1,1,0.9999999999999699
1,1,0.9999999955675449
1,1,0.9999999999998206
1,1,0.9999999999999699
1,0,0.21573513908924893
1,1,0.9999999999999699
1,1,0.9999999998723907
1,1,0.9999999999999699
1,0,0.0003635221365362032
1,1,0.9619148294544219
1,1,0.9999999999999699
1,1,0.9999999999999242
1,1,0.9999999995963054
1,1,0.999999999994777
1,1,0.9999997678201096
1,1,0.9999999970151142
1,1,0.9999999999999699
1,1,0.9999999999999699
1,1,0.9999999999973288
1,1,0.9999999999998348
1,1,0.9999999999956524
1,1,0.9999923293039594
1,1,0.9999999999999699
1,1,0.999999999995734
1,1,0.9999999999999699
1,1,0.9999999982884648
1,1,0.9999999999999699
1,1,0.9999999999957608
1,0,2.1069843216281244e-05
1,1,0.9999999999999699
1,1,0.9999999999998843
1,1,0.999999999999931
1,1,0.9999999998558322
1,1,0.9999999993983231
1,0,0.0006227448567056969
1,1,0.9999999998162276
1,1,0.9999809264827574
1,1,0.9999999999957306
1,1,0.9999999858695582
1,1,0.9999999998130155
1,1,0.9999999999999699
1,1,0.9999998463117518
1,1,0.9999999954825215
1,1,0.999999999999256
1,1,0.9999999886500771
1,1,0.9999999999956622
1,1,0.9999999999969132
1,1,0.9999999999491315
1,1,0.9999999759094029
1,1,0.9999999999991785
1,1,0.9999999990959222
1,1,0.9999999999983308
1,1,0.61786951725444
1,1,0.9999999997106438
1,1,0.9999999999999699
1,1,0.9999999994653237
1,1,0.9999999999851078
1,1,0.9999999999910354
1,1,0.9999999999152088
1,1,0.9953258785342999
1,1,0.9999999997899786
1,1,0.9747500125773642
1,1,0.9999990796449869
1,1,0.9999999999999699
1,1,0.9896190504654631
1,1,0.9999977434782715
1,1,0.9999999999999699
1,1,0.9999999998698521
1,1,0.9999999999999699
1,1,0.9999999999999699
1,1,0.9999999999999699
1,1,0.9999999981746931
1,1,0.9999999999906696
1,1,0.9999924200945888
1,1,0.9999999999999551
1,1,0.9999999999999699
1,1,0.9999999999999699
1,1,0.9999999999996432
1,1,0.9999997691324193
1,1,0.9999999979777314
1,1,0.9963860152932196
1,1,0.9999999999995096
1,1,0.9999999999999699
1,1,0.9999999507538243
1,1,0.9999999999856051
1,1,0.9999999999998089
1,1,0.9999999999992191
1,1,0.9999999999830159
1,1,0.9999999657999226
1,1,0.9999999842665274
1,0,0.003656474939557085
1,1,0.9999999999670819
1,1,0.9999999999999699
1,1,0.9999999999994403
1,1,0.9999999999999699
1,1,0.9999999811854585
1,1,0.9999999999995991
1,1,0.9999999999987756
1,1,0.9999999999975016
1,1,0.9999999999988638
1,1,0.9999999999999699
1,1,0.9999999999968704
1,1,0.999999999999491
1,1,0.9999995294488633
1,1,0.9999999999975989
1,1,0.9999999999999699
1,1,0.9999999963002301
1,0,0.08255340913941099
1,1,0.999999999983797
1,1,0.9999840224616424
1,1,0.9999999999996436
1,1,0.9999999999999699
1,1,0.9971106059311856
1,1,0.9999999999998367
1,1,0.9999997048445568
1,1,0.9999999999999042
1,1,0.9999999999998836
1,1,0.9607611800570126
1,1,0.9999999999998549
1,1,0.9744085720021914
1,1,0.9999998292950933
1,1,0.9999999999734489
1,1,0.935573967007501
1,1,0.9999999951697665
1,1,0.9999999999999699
1,1,0.9999999999999474
1,1,0.9999993700243297
1,1,0.9999999524459092
1,1,0.9999999999999699
1,1,0.9999999999999699
1,1,0.9999999948043007
1,1,0.999999999999917
1,1,0.9999999999872468
1,1,0.9999999999987298
1,1,0.9999999999999699
1,1,0.9999999977993226
1,1,0.9999997007973471
1,1,0.9999999999999699
1,1,0.9999999994564188
1,1,0.9999999999999699
1,1,0.9999999999999699
1,0,9.779603370427137e-06
1,1,0.9999999999976565
1,1,0.9999999999999699
1,1,0.9999999999999699
1,1,0.9999999999999699
1,1,0.999999999999921
1,1,0.9999999558786643
1,1,0.9999999999683271
1,1,0.999999999999525
1,1,0.807228617651614
1,1,0.9999999999998173
1,1,0.9969566350347612
1,1,0.9999999999997402
1,1,0.9999999999992549
1,1,0.9999999967948421
1,1,0.9999999999592993
1,1,0.9999999994135448
1,1,0.9999893565516003
1,1,0.9999999999999699
1,1,0.9999999998272632
1,1,0.9999999986610806
1,1,0.9999999997771128
1,1,0.9999999999964092
1,1,0.9999995299462684
1,1,0.9999999999999699
1,1,0.999999999995176
1,1,0.9999999391297274
1,1,0.9999999999999699
1,1,0.9999999999845401
1,1,0.9999999998866703
1,1,0.9999999999999699
1,1,0.9999999999997405
1,1,0.9895756815223854
1,1,0.9999999999998759
1,1,0.9999999999284881
1,1,0.9999999999996213
1,1,0.9999999787825333
1,1,0.9999999999940055
1,1,0.999999999578454
1,1,0.9999995987598893
1,1,0.9999999999998325
1,1,0.9999999999984212
1,1,0.9999999999999699
1,1,0.9999999241431545
1,1,0.9999999999999699
1,1,0.9999999999999692
1,1,0.9999999999999519
1,1,0.9999999999999699
1,1,0.9999999999999344
1,1,0.997401141621098
1,1,0.9008149343693577
1,1,0.9999999999999699
1,1,0.9999999999986284
1,1,0.999999999999946
1,1,0.9999999978628494
1,1,0.999999998604612
1,1,0.9999999999999699
1,1,0.9999997746168573
1,1,0.9999999999998068
1,1,0.9999999999999435
1,1,0.9999999999999699
1,1,0.9970888500420905
1,1,0.9999999999989868
1,1,0.9999999999999699
1,1,0.9999999767122868
1,1,0.9999998833880854
1,1,0.9999999969813095
1,1,0.9999999999996804
1,1,0.9999999929739011
1,1,0.9999999959115863
1,1,0.9999999999892308
1,1,0.9999999999999699
1,1,0.9999999999999699
1,1,0.9999999999999699
1,1,0.9999999999999634
1,0,0.005744165362222886
1,1,0.9999999999893192
1,1,0.9999999999998731
1,1,0.9999999999999699
1,1,0.9999999989438834
1,1,0.9999999999999699
1,1,0.9999982162908985
1,1,0.9999999978314827
1,1,0.9999999618373372
1,1,0.9999999999975617
1,1,0.999999977762264
1,1,0.999999999995944
1,1,0.9999999078375135
1,1,0.9999999965839289
1,1,0.9999999999995672
1,1,0.9853680408156947
1,1,0.9999999999999661
1,1,0.9999999995480016
1,1,0.9999999999999699
1,1,0.9999999999999699
1,1,0.9999999921585179
1,1,0.9999999999993506
1,1,0.9999999999509018
1,1,0.9999999975978123
1,1,0.9999999999999699
1,1,0.9999999981407757
1,1,0.9999999999400725
1,1,0.9999999999965655
1,1,0.9999999998580088
1,1,0.9999999944990164
1,1,0.9999999999998362
1,1,0.9999999998823331
1,1,0.9999999284634814
1,1,0.9999999210328814
1,1,0.8776056617143243
1,1,0.999999999962108
1,1,0.9999999999999699
1,1,0.9999997759189996
1,1,0.9999999999999699
1,1,0.9999999999999699
1,1,0.9999999999999699
1,0,0.5156493087123107
1,1,0.9999999999976438
1,1,0.9999999999997591
1,1,0.9999999998281203
1,1,0.9999999988923466
1,1,0.9999999999996583
1,1,0.9999999999890563
1,1,0.9999999881001495
1,1,0.9999999997639069
1,0,9.161291560815607e-06
1,1,0.9999999984139243
1,1,0.9999999968203833
1,1,0.9999999866447576
1,1,0.9999999999999699
1,1,0.999999999999169
1,1,0.9999999993256571
1,1,0.9999999999999699
1,0,0.42901379769911974
1,1,0.9999999990421736
1,1,0.9999999999999699
1,1,0.9999996452355018
1,1,0.9999999991837798
1,1,0.9999999999424586
1,1,0.9999999999999699
1,0,0.07084098458731496
1,1,0.9999999999999699
1,1,0.9999999829065666
1,1,0.9999999999999699
1,1,0.9999999999214016
1,1,0.8644052209967346
1,1,0.9999999999934762
1,1,0.9999999999999699
1,1,0.9999999999999699
1,1,0.9999946728001784
1,1,0.9999999999910725
1,1,0.9999999999994456
1,1,0.9999999996690803
1,1,0.9999999999993409
1,1,0.9999999999999699
1,1,0.9999999999999699
1,1,0.9999999999999699
1,0,0.008435297146755815
1,1,0.9999999998685074
1,1,0.9999999999999699
1,1,0.9999999232425609
1,1,0.9999999769219879
1,1,0.9999999999999067
1,1,0.8257735501691581
1,1,0.9999999999995348
1,1,0.999999999962061
1,1,0.9999999002376591
1,1,0.9999999941453044
1,1,0.9999999232262331
1,1,0.9999999990535209
1,1,0.9999999914648192
1,1,0.9999991122792206
1,1,0.9999999988974757
1,1,0.9999999999999699
1,1,0.9999999999997207
1,1,0.9999999999999699
1,1,0.9999998263525854
1,1,0.9999999999999699
1,1,0.9999999999999699
1,1,0.9972808796117352
1,1,0.9999988654618207
1,1,0.9999999999999699
1,1,0.9999999999999699
1,1,0.9999999999810713
1,1,0.999999999999256
1,1,0.9999999393122725
1,0,0.0035499980190113875
1,1,0.9999999372774632
1,1,0.9999999975121583
1,1,0.9999998420176593
1,1,0.9999999999999699
1,1,0.9999999951123071
1,1,0.9999999983913052
1,1,0.9999999999999699
1,1,0.999999975167157
1,1,0.9999980088167134
1,1,0.9999999675056866
1,1,0.9999999999998548
1,1,0.999999999998124
1,1,0.9999999999999699
1,1,0.9999999999999699
1,1,0.9999999999999699
1,1,0.9999999952295734
1,0,0.0031114017871150105
1,1,0.9999999999999699
1,1,0.9999999999999699
1,1,0.9999996340382598
1,1,0.9999999994013797
1,1,0.9999999999943204
1,1,0.9999999990549372
1,1,0.9999999999999699
1,1,0.9999999763120913
1,1,0.9999999999831455
1,1,0.9999999995532834
1,1,0.9999999996612609
1,1,0.9999999999999699
1,1,0.9999999959662488
1,1,0.9999999999995473
1,1,0.9999999999808598
1,1,0.9999999999999699
1,1,0.9999999981350358
1,1,0.9999999999998341
1,1,0.9999999999999699
1,1,0.9999999999999699
1,1,0.9999999999855399
1,1,0.9999999999009208
1,1,0.9999999999987129
1,1,0.9999999987547686
1,1,0.999999999978686
1,1,0.6138382204767213
1,1,0.9999999999888063
1,1,0.9999999999999699
1,1,0.999999999775062
1,1,0.9999999999999699
1,1,0.9999999999889941
1,1,0.9999999999999699
1,1,0.9999999927928317
1,1,0.9999999999822714
1,1,0.9999996004095572
1,1,0.9999999999952381
1,1,0.9999999921241457
1,1,0.6145696611294674
1,1,0.9999999999999699
1,1,0.9999999999849302
1,1,0.9999999999999699
1,1,0.999999999999654
1,1,0.999999998647502
1,0,0.5436388685487488
1,1,0.9999999999990661
1,1,0.9999999999131506
1,1,0.9999999999999699
1,1,0.9999999999999699
1,1,0.9999999999923759
1,1,0.9999999999950883
1,1,0.9999999999999699
1,1,0.9999999998721595
1,1,0.9999999999996358
1,1,0.9999999984968733
1,1,0.9999998851903789
1,1,0.9999999998593496
1,1,0.999999999999801
1,1,0.9999999999999699
1,1,0.9999999999959118
1,1,0.9999999999999699
1,1,0.9999999995292778
1,1,0.9999974602235466
1,1,0.999999999999942
1,1,0.9999999999999699
1,1,0.9999999999993855
1,1,0.9999999999999699
1,1,0.999999999388453
1,1,0.9926854028471631
1,1,0.9999938158399548
1,1,0.9999999999995827
1,1,0.999999999876158
1,1,0.9999886464837975
1,1,0.9999999999999699
1,1,0.9999999999999699
1,1,0.9999999999879019
1,1,0.9999999998960527
1,1,0.9999999999988646
1,1,0.9999990302267348
1,1,0.9999999999999699
1,1,0.9999999997215998
1,1,0.9999999990151818
1,1,0.9999999997164887
1,1,0.9999999999999699
1,1,0.9999999999720486
1,0,0.37600327474849976
1,1,0.9999999999993211
1,1,0.9999999836259723
1,1,0.9999950941967172
1,1,0.991757153083705
1,1,0.9999999999932943
1,1,0.9999999916994552
1,1,0.9999999996577825
1,1,0.980632751731781
1,1,0.9999999999999699
1,1,0.9999999439256468
1,1,0.9999999999783669
1,1,0.9999997602117923
1,1,0.9832161928319294
1,1,0.9999999996087182
1,1,0.9999999999999699
1,1,0.965985698310499
1,0,0.015960033054554786
1,1,0.9922429960454882
1,1,0.9999999999999699
1,1,0.9999999999986675
1,1,0.9999999979530337
1,1,0.9999999999999699
1,1,0.9999999999004978
1,1,0.999998281386633
1,1,0.9999999999999699
1,1,0.9999999999999699
1,1,0.9999999996868205
1,1,0.999999997771771
1,1,0.9999999999999699
1,1,0.9999994464970264
1,1,0.9999999999999699
1,1,0.9999999999987397
1,1,0.9999999999999699
1,1,0.9999999999999161
1,1,0.9999999999999699
1,1,0.9999995982400437
1,1,0.9999999999960479
1,1,0.7403600909561587
1,1,0.9999999996756785
1,1,0.9999999999966753
1,1,0.9999999999999699
1,1,0.9999999999627257
1,1,0.9999999999703942
1,1,0.9999999999999699
1,1,0.9999999999189902
1,1,0.9999999999999699
1,1,0.9999999999999699
1,1,0.9999932474043379
1,1,0.9999999999985996
1,1,0.9999999999999699
1,1,0.9999999978212617
1,1,0.9999995694876436
1,1,0.999999999918851
1,1,0.9999999999965085
1,1,0.9999999994366325
1,1,0.9999999928713831
1,1,0.9999999999720811
1,1,0.9999999999999699
1,1,0.9999999999999699
1,1,0.9999999999999699
1,1,0.999999989441582
1,1,0.9999999997036626
1,1,0.9999999999986693
1,1,0.999999999999955
1,1,0.9999999999923759
1,1,0.9999999999999699
1,1,0.9964321625091007
1,1,0.9999996729129826
1,1,0.9999999997027293
1,1,0.9999999999999699
1,1,0.9999999992899563
1,1,0.8574995643773483
1,1,0.9999999999945592
1,1,0.9999999999994176
1,1,0.9999999999999699
1,1,0.9999999999941653
1,1,0.9999978515205682
1,1,0.9999999982782525
1,1,0.9999999999999425
1,1,0.9999999999999699
1,1,0.9999999795073345
1,1,0.9999999999999699
1,1,0.9999998741132383
1,1,0.9999999965538671
1,1,0.9999999999999699
1,1,0.9999999999959451
1,1,0.9999998505613313
1,1,0.9999999999985664
1,1,0.9999950865487832
1,1,0.9999999999999699
1,1,0.9999999999999699
1,1,0.9999999999962184
1,1,0.9999999828222477
1,1,0.9999999999999699
1,1,0.99251078512354
1,1,0.9999999999640173
1,1,0.9999999999999699
1,1,0.9999999883901066
1,1,0.9999999999999699
1,1,0.99999999999994
1,1,0.9999999999893273
1,1,0.9999999754631353
1,1,0.9999999999999699
1,0,0.32319946633940416
1,1,0.9999999999930393
1,1,0.9999999999231145
1,1,0.9999999999999699
1,1,0.9999999999833175
1,1,0.9999999999490167
1,1,0.9999999999999699
1,1,0.9999999999999699
1,1,0.9999999197048739
1,1,0.9999999999999055
1,1,0.9999999999065396
1,1,0.9999999999986423
1,1,0.9999999999999699
1,1,0.9999999999999699
1,1,0.8210190525851608
1,1,0.9999918077525634
1,1,0.9999911260878608
1,1,0.9999999999958931
1,1,0.9999999999999699
1,1,0.9999999994444834
1,1,0.9999999999999699
1,1,0.9999999999998992
1,1,0.9999999999999685
1,1,0.9999999999982742
1,1,0.9999999999986078
1,1,0.9999999999987809
1,1,0.9999999999999699
1,1,0.9999999999999699
1,1,0.9999999956579199
1,1,0.9999999999938819
1,1,0.9999999999452571
1,1,0.9999999999987549
1,1,0.9999907080616274
1,1,0.9999999999999699
1,1,0.9999999999989084
1,1,0.9999999999998309
1,1,0.9999999999081127
1,1,0.982571135581876
1,1,0.9999999984466067
1,1,0.9999999992654461
1,1,0.9999999938964461
1,1,0.9999999869110074
1,1,0.9999999999999699
1,1,0.9999999987067417
1,1,0.9999999999520371
1,1,0.9830401142235995
1,1,0.9999999997009077
1,1,0.9999999999998365
1,1,0.9948618008307816
1,1,0.9999999999999699
1,1,0.9999999999998149
1,1,0.9999993601856477
1,1,0.9999999999963558
1,1,0.9999999990838799
1,1,0.9999999999950591
1,1,0.9999999999999699
1,1,0.9999996272181167
1,1,0.9999999999999455
1,0,0.017538085995112977
1,1,0.9999999999953758
1,1,0.9999999999999699
1,1,0.9999999999999699
1,1,0.9999999999999699
1,1,0.9999999999999699
1,1,0.9999999999999699
1,1,0.9999999999999699
1,1,0.9999999999983586
1,1,0.9999999999237984
1,1,0.9999999999999699
1,1,0.9999999999999185
1,1,0.9999999992947177
1,1,0.9999999999999699
1,1,0.9999999999968503
1,1,0.9999999998913331
1,0,1.833819662787336e-05
1,1,0.9715434333297682
1,1,0.9999934486454268
1,1,0.9999999999921394
1,0,0.017395893371404313
1,1,0.9999999999996699
1,1,0.9999999999998974
1,1,0.9999999999999573
1,1,0.9856161816224002
1,1,0.9999869501345422
1,1,0.9999999999870626
1,1,0.9999999999999699
1,1,0.9999999999992096
1,1,0.9716086814652676
1,1,0.9999999999999699
1,1,0.9999999999993271
1,1,0.9999998507018725
1,1,0.9999999981344305
1,1,0.9999999999949656
1,1,0.9999999999999303
1,1,0.9999999999913111
1,1,0.9999999736491189
1,1,0.9999999999929157
1,1,0.9999977991420901
1,1,0.9999999952719726
1,1,0.9999999999996375
1,1,0.9999999875998851
1,1,0.9999999998276893
1,1,0.9999999999711134
1,1,0.9999999999999699
1,1,0.9999999818413388
1,1,0.9999999825420208
1,1,0.9999999999999699
1,1,0.9999999982418766
1,1,0.9999999448246466
1,1,0.9999999986332812
1,1,0.9999997382046133
1,1,0.999999999986625
1,1,0.9999999999999699
1,1,0.9999972823335348
1,1,0.9999999999827902
1,1,0.9999999999587944
1,1,0.999999999999386
1,1,0.9999999999999699
1,1,0.9999999980190921
1,1,0.9999999999994282
1,1,0.9999999999369097
1,1,0.9828577696393914
1,1,0.9999999997142096
1,1,0.9929992603775363
1,1,0.9999991584698168
1,1,0.9999999981848013
1,1,0.9999999999376231
1,1,0.9662130879763358
1,1,0.9999999999890268
1,1,0.9999999999126776
1,1,0.9999999999891309
1,1,0.9999882567847346
1,1,0.999999999999702
1,1,0.9999999999999699
1,1,0.9999999999999699
1,1,0.9999999996738943
1,1,0.900822788349912
1,1,0.9999999998932935
1,1,0.9999999999999699
1,1,0.999999983529993
1,1,0.9999996113029849
1,1,0.999999996333915
1,1,0.9999999999999545
1,1,0.9857153812280132
1,1,0.9999999999999699
1,1,0.8688217399633061
1,1,0.9948935960859718
1,1,0.9954216321299313
1,1,0.9999999999789863
1,0,0.0010992217017574144
1,1,0.9999999996340081
1,1,0.9999999999926742
1,1,0.999999869654045
1,1,0.9999999998981526
1,1,0.9999999999999699
1,1,0.9999999999999699
1,1,0.9999999999999699
1,1,0.9999999999797594
1,1,0.9999999999999699
1,1,0.9999982531125239
1,1,0.9999999967184721
1,1,0.9999999999999699
1,1,0.9999999999999699
1,1,0.9999999965495416
1,1,0.9999999998728106
1,1,0.9999999999985313
1,1,0.9999998253241755
1,1,0.9999999999993363
1,1,0.9999999999999699
1,1,0.9999999763698721
1,1,0.999999999927222
1,1,0.9999999982100629
1,1,0.9999999999999699
1,1,0.9999999999999699
1,1,0.9999999999991691
1,1,0.9999999999999699
1,1,0.9999999999856346
1,1,0.9999999999923103
1,1,0.6758255230494953
1,1,0.9999999999999699
1,1,0.9999999999999333
1,1,0.9999999998543233
1,1,0.999999996189198
1,1,0.9999999999999699
1,1,0.9910526087884708
1,1,0.999999963450518
1,1,0.9999999990166512
1,1,0.9999999999999699
1,1,0.9999999999999699
1,1,0.9999999823457615
1,1,0.999999999965661
1,1,0.9999952420424014
1,1,0.9999999875352292
1,0,0.000583973797602947
1,1,0.9999999989474666
1,1,0.9999999999999699
1,1,0.9999999999508552
1,0,0.0005219357828956712
1,1,0.9999999889620309
1,1,0.9999999991046856
1,1,0.9999999999850335
1,1,0.9999999999999699
1,1,0.9999999999393906
1,1,0.9999999999999699
1,1,0.9999999998523847
1,1,0.9999999999950967
1,1,0.9999999999999699
1,1,0.9999999999999699
1,1,0.9999999981698043
1,1,0.9999999999991274
1,1,0.9999999998517133
1,1,0.9999998957324638
1,1,0.999999999962695
1,1,0.9999999999999699
1,1,0.9999999999999699
1,1,0.9999999999950407
1,1,0.9999999999998428
1,1,0.999999999747126
1,1,0.9999999998424902
1,1,0.9999999999999699
1,1,0.9999999999986481
1,1,0.9999999996906
1,1,0.9999999999995582
1,1,0.9999999999531062
1,1,0.9999999999999699
1,1,0.9999999999999699
1,1,0.9999999999999699
1,1,0.9999999986749887
1,1,0.9999999999995545
1,1,0.9999999999896743
1,1,0.9999999999999699
1,1,0.9999999993205986
1,1,0.9999999998280613
1,1,0.9999999990389592
1,1,0.9999999999999699
1,1,0.9999999442218274
1,1,0.9999999999999581
1,1,0.9999999999254824
1,1,0.9999999999983766
1,1,0.9999985114672351
1,1,0.9999999969481012
1,1,0.9999999999999699
1,1,0.9999999910130103
1,1,0.9999999854551138
1,1,0.9999999999998131
1,1,0.99999999610212
1,1,0.9999999999999699
1,1,0.9999999999999699
1,1,0.9999999999969836
1,1,0.9999999999999699
1,1,0.9999999999999699
1,1,0.9999999999934867
1,1,0.999999995636704
1,1,0.9999999999999699
1,1,0.9999999999999699
1,1,0.9999999999999452
1,1,0.9999999999999699
1,1,0.9947235583798906
1,1,0.9999999999999699
1,1,0.9999999999999699
1,1,0.9999999999999699
1,1,0.9999999999999699
1,1,0.9952703939097346
1,1,0.9999999999982531
1,1,0.9999999999855178
1,1,0.9999999991356278
1,1,0.9999999425620544
1,1,0.9999999832146259
1,1,0.9999999994811458
1,1,0.9999999987682104
1,1,0.9999999999999699
1,1,0.9999999999999699
1,1,0.9999999999996366
1,1,0.9999999999998918
1,1,0.9999999999992107
1,1,0.9903711033322088
1,1,0.9999999999999699
1,1,0.9999999999997787
1,1,0.9999999999999699
1,1,0.9999999999999699
1,0,4.0708065970178285e-06
1,1,0.7424002297444832
1,1,0.9999999999999699
1,1,0.9999999999999699
1,1,0.9999883039000913
1,1,0.9999999999999182
1,1,0.9999998327859847
1,1,0.9999999999999699
1,1,0.9999999999999699
1,1,0.9999999999998437
1,1,0.9999999982852599
1,1,0.9999999981868439
1,1,0.9999999999999699
1,1,0.9999999999999699
1,1,0.999999880787018
1,1,0.9999999999999699
1,1,0.9999999998238468
1,1,0.9999999999999699
1,1,0.9999999998378444
1,1,0.9952149160373103
1,1,0.9999999996616511
1,1,0.9999999997627439
1,1,0.9999999999997047
1,1,0.999999999980445
1,1,0.9999962122887335
1,1,0.7117234763820486
1,1,0.9999999999115581
1,1,0.9999999999999336
1,1,0.9999999999999699
1,1,0.9972579811097999
1,1,0.9999999999165509
1,1,0.9999999999346385
1,1,0.9478109007091233
1,1,0.9999999999999112
1,1,0.9999870860742266
1,1,0.9999999997372528
1,1,0.9999999999999699
1,1,0.9999999739741685
1,1,0.9999999999999699
1,1,0.9999999839163582
1,1,0.9999999999999699
1,1,0.9999999998899843
1,1,0.9999999999999699
1,1,0.9999999999999699
1,1,0.9999942863126617
1,1,0.9999999997488015
1,1,0.9999999999999699
1,1,0.9999999961574358
1,0,7.122740568645056e-06
1,1,0.9999999999999699
1,1,0.9999999033644082
1,1,0.9999999999999699
1,1,0.992638768864454
1,1,0.9999999999997821
1,1,0.9999999999911184
1,0,0.02372980671262758
1,1,0.999999999997343
1,1,0.9999999999999699
1,1,0.9999999997568495
1,1,0.9887870028794319
1,1,0.9999999999999687
1,1,0.9999999999999699
1,1,0.9999999057582943
1,1,0.9963598776682612
1,1,0.9999999999679642
1,1,0.999999999981615
1,1,0.9999999999999699
1,1,0.9999966787953279
1,1,0.9999999998651824
1,1,0.9999999827570812
1,1,0.9999999999999699
1,1,0.9999999854020598
1,1,0.9999999999986761
1,0,0.4522907815794801
1,1,0.9999999998950939
1,1,0.9999999999999699
1,1,0.9999997471226214
1,1,0.9999999907251048
1,1,0.9151095598501376
1,1,0.9999950821258091
1,1,0.9999999999784351
1,1,0.9999999999999699
1,1,0.9999999992285952
1,1,0.9999999999999699
1,1,0.761328678214411
1,1,0.9999999999999699
1,1,0.9999999999416261
1,1,0.999999995665769
1,1,0.999999999999961
1,1,0.9999999450550249
1,1,0.9999999999999376
1,1,0.9999999991363715
1,1,0.9999999999999699
1,1,0.9999999999900155
1,1,0.9999999965360054
1,1,0.9999999999893238
1,0,4.49447303760891e-05
1,1,0.9999999999735536
1,1,0.9999999999721929
1,1,0.9999999999555641
1,1,0.9999999999999699
1,1,0.9999999999999699
1,1,0.9999993059780559
1,1,0.9999999999999221
1,1,0.9999999493156853
1,1,0.999999999999917
1,1,0.9999999977001532
1,1,0.9999999994608079
1,1,0.9999999999999699
1,1,0.9999999997354398
1,1,0.9999999999997168
1,1,0.9999999999455986
1,1,0.9999999999875183
1,1,0.9999999999999699
1,1,0.9999997517291916
1,1,0.9999999999999699
1,1,0.9999999999999699
1,1,0.9999999999995308
1,1,0.9999999895889259
1,1,0.9999999999999699
1,1,0.9999999999999699
1,1,0.9999999858380554
1,0,0.006096187897128062
1,1,0.9999999999783296
1,1,0.9999999999997325
1,1,0.9999999999992906
1,1,0.9709025798212778
1,1,0.9999999999999699
1,1,0.999999976514273
1,1,0.9999999999999699
1,1,0.9999999999792545
1,1,0.9999990873054797
1,1,0.9570652687994268
1,1,0.9999999999999699
1,1,0.9999999944622207
1,1,0.9999999985528654
1,1,0.9999999978546797
1,1,0.9999999999653859
1,1,0.9999999979708941
1,1,0.9999999979691694
1,1,0.9999999999999283
1,1,0.999999463554663
1,1,0.9999999999999347
1,1,0.9999999754211345
1,1,0.9999999999999699
1,1,0.9999999999996579
1,1,0.9999983510156635
1,1,0.9999999998638206
1,1,0.9999995350320651
1,1,0.9999999999490272
1,1,0.9999999999999699
1,1,0.9999999985112793
1,1,0.9999999901016409
1,1,0.9999999999969768
1,1,0.9999999999883007
1,1,0.999999999997879
1,1,0.9999999999844116
1,1,0.9999999999782396
1,1,0.9999999999999699
1,1,0.9999999999999258
1,1,0.9999999997651307
1,1,0.999999999069008
1,1,0.6957391592488404
1,1,0.9921544432302022
1,1,0.9999999999951951
1,1,0.9999999999990675
1,1,0.9999999999999699
1,1,0.9869684012271263
1,1,0.9999999999999699
1,1,0.9999999994444154
1,1,0.9999999999999699
1,1,0.9999999932218178
1,1,0.9999999999522832
1,1,0.9999999992683087
1,1,0.9999999999787478
1,1,0.9999999981151194
1,1,0.9999999921845741
1,1,0.9999999999846533
1,1,0.9999999999999699
1,1,0.9999999999998063
1,1,0.9884072898010376
1,1,0.9999999999998765
1,1,0.9999999998744931
1,1,0.9999999999998208
1,1,0.9999999509328943
1,1,0.9936166212087834
1,1,0.999999999965106
1,1,0.9999999999999699
1,1,0.9375792747956317
1,1,0.9999999999999699
1,1,0.9966784794782381
1,0,0.48442125965477495
1,1,0.9999999996850615
1,1,0.9999999987421097
1,1,0.9999999803619981
1,1,0.9999999999999699
1,1,0.9999999999799817
1,1,0.9999999999999699
1,1,0.9999999999960331
1,1,0.9999999999946199
1,1,0.9999999949216536
1,1,0.9999999969716946
1,1,0.990779717975612
1,1,0.9999999734097639
1,0,0.21914953591144393
1,1,0.9999999999879986
1,1,0.9999999032834485
1,1,0.996194391920033
1,1,0.9999999999999699
1,1,0.9999999973982923
1,1,0.9999999999473335
1,1,0.9999999999553736
1,1,0.9999999999999453
1,1,0.9999999999999699
1,1,0.9999999999277589
1,1,0.9999999999993422
1,1,0.9999999999999699
1,0,0.0003813892334793559
1,1,0.9999999999756916
1,1,0.9999999999999699
1,1,0.9999999999999699
1,1,0.9999999999977844
1,1,0.9999999984961755
1,1,0.9999999986141621
1,1,0.9999999999999699
1,1,0.9999999999928539
1,1,0.9999999999999699
1,1,0.9999999783483893
1,1,0.9999999999999699
1,1,0.9999999999436059
1,1,0.9871714485330225
1,1,0.9999999999999699
1,1,0.9999999999999699
1,1,0.9999999999999699
1,1,0.9999999987953451
1,1,0.9999999999786783
1,1,0.9999999986343628
1,1,0.9999999995926229
1,1,0.9999999999999157
1,1,0.999999999999933
1,1,0.999999999951919
1,1,0.9999999999999699
1,1,0.9999999999999699
1,1,0.9999999999999699
1,1,0.9999999881555304
1,1,0.9999999999999699
1,1,0.9999999999985822
1,1,0.9999999988237298
1,1,0.9999999999950835
1,1,0.9999999999996712
1,1,0.9999999968821838
1,1,0.9999999999979797
1,1,0.9999999999999699
1,1,0.9999999999999699
1,1,0.9999999999999699
1,1,0.9999999999998674
1,1,0.9999999864019701
1,1,0.9999999999999699
1,1,0.999999999891571
1,0,0.28374816075119774
1,1,0.9999999999999699
1,1,0.999999763517211
1,1,0.9999997112197062
1,1,0.9999999999571545
1,1,0.9999999465015004
1,1,0.9999999999999699
1,1,0.9999999999984578
1,1,0.9999999999999699
1,1,0.9999999999999699
1,1,0.9999978023732271
1,1,0.9999999999999699
1,1,0.9999998959994708
1,1,0.9999999999999699
1,1,0.9999999999999699
1,1,0.9999999998325729
1,1,0.9999999943593146
1,1,0.9999999999999699
1,1,0.8888802300535605
1,1,0.9999999999994251
1,1,0.933333558976021
1,0,0.034986080594179333
1,1,0.9999999981789164
1,1,0.9999999999999699
1,1,0.9999999922373276
1,1,0.999999997975592
1,1,0.9999999999970193
1,1,0.9999999999364667
1,0,0.0001401456458759679
1,1,0.9792532272202861
1,1,0.9999999999999699
1,1,0.9999999999999699
1,1,0.9999999999999485
1,1,0.9999999999884495
1,1,0.9999999999153067
1,1,0.9999999999999699
1,1,0.9999999999999699
1,0,0.36756962968838114
1,1,0.9999999999999699
1,1,0.9999999999999699
1,0,0.31554256921531065
1,1,0.9999825789893207
1,1,0.9999999999999699
1,1,0.9999999999380762
1,1,0.9999999999999699
1,1,0.9999999999573609
1,1,0.9999999999999616
1,1,0.999999999645376
1,1,0.9999999999999699
1,1,0.9999999999999699
1,1,0.9999999999999699
1,1,0.9999999999996213
1,1,0.9999999999999699
1,1,0.9999960332511484
1,0,0.5738854114215581
1,1,0.9999999999997483
1,1,0.9999999938257271
1,1,0.9999999999227256
1,1,0.999999999980042
1,1,0.9999999999999699
1,1,0.9999999785249395
1,1,0.9999999999999699
1,1,0.9999999999999699
1,1,0.9999999967535056
1,1,0.9999999999999699
1,1,0.999999999408359
1,1,0.9999999999999356
1,1,0.9999901677605925
1,1,0.999999999973692
1,1,0.9999999999968804
1,1,0.9999999999891842
1,1,0.9999999208436924
1,1,0.9999999999999699
1,1,0.9999998683902153
1,1,0.9999999983725474
1,1,0.999999996534868
1,1,0.9999999769771309
1,1,0.9999999999697485
1,1,0.9999999680533892
1,1,0.9999999999999699
1,1,0.9999999985491224
1,1,0.9999999999792185
1,1,0.9999999999999699
1,1,0.9999999999965578
1,1,0.9999999999999699
1,1,0.9999999586275752
1,1,0.9999999999999699
1,1,0.9999999958372382
1,1,0.9999999978989177
1,1,0.9999999999989505
1,1,0.9999999999567091
1,0,0.0947434551661478
1,1,0.9999999999997724
1,1,0.9999999999999699
1,1,0.9999999999999699
1,1,0.9999999687677682
1,1,0.9999999999996986
1,1,0.9999999999928283
1,1,0.9999998855178256
1,1,0.999999998473889
1,0,0.41067546967496477
1,1,0.9999999999999699
1,1,0.9999999999999699
1,1,0.9999999999999699
1,1,0.9999999962423426
1,1,0.9999999999999648
1,0,0.4018201482065692
1,1,0.9999999998296123
1,1,0.9999999999891634
1,1,0.9924989180682663
1,1,0.9999999999999699
1,1,0.93790518550486
1,1,0.9999999999999699
1,1,0.9999999999999699
1,1,0.9999999996580656
1,1,0.999999939404414
1,1,0.9999999999999699
1,1,0.9999897567961148
1,1,0.9999970628728811
1,1,0.9999999999986721
1,1,0.9999999999997985
1,1,0.9999915680465876
1,0,0.004867319449081897
1,1,0.9999999999922141
1,1,0.9999999999894505
1,1,0.9999999999996287
1,1,0.9999999995055848
1,1,0.9999999999992452
1,1,0.9999999991584876
1,1,0.9999999999807888
1,1,0.9999999999661949
1,1,0.9999999999999124
1,1,0.9999999999995998
1,1,0.9999999999999699
1,1,0.9999999999999173
1,1,0.9999999999980274
1,1,0.9999999999999699
1,1,0.999999998819527
1,1,0.9999999999993172
1,1,0.9999999999999699
1,1,0.9999999734262751
1,1,0.9999999999999699
1,1,0.9999999999995867
1,1,0.9999993307911471
1,1,0.999999995678093
1,1,0.9999999999990619
1,1,0.9999999999999699
1,1,0.9999999595527923
1,1,0.9999999999999699
1,1,0.9949738482667704
1,1,0.9999999999999699
1,1,0.9999999997266887
1,1,0.9999999999999699
1,1,0.9999999942327422
1,1,0.9999999996322104
1,1,0.9999999999809407
1,1,0.9999999997122438
1,1,0.9999999999999699
1,1,0.999990582255415
1,0,0.008820671468813256
1,1,0.9999985644880685
1,1,0.9999999999999699
1,1,0.9999999999439043
1,1,0.9999999999997792
1,1,0.9999999999971471
1,1,0.9999888082311121
1,1,0.9999999997799707
1,1,0.9999999982665404
1,1,0.9999999999999699
1,1,0.9999999999920556
1,1,0.9999999998343579
1,1,0.9999999999945307
1,1,0.9999999963024212
1,1,0.9999999933768047
1,1,0.9999999795202343
1,1,0.9950193639819764
1,1,0.999999999999913
1,1,0.9999999999994911
1,1,0.9999999974390297
1,1,0.9999999999999699
1,1,0.9999999999999699
1,1,0.9999999999998506
1,1,0.9999999966157066
1,1,0.9999999999908448
1,1,0.9999999999991158
1,1,0.9999999999822602
1,1,0.999999999999924
1,1,0.9999996232750089
1,1,0.9999999999999699
1,1,0.9999999999999699
1,1,0.9999999993230424
1,1,0.9999999999999699
1,1,0.9999999999856383
1,1,0.9999999092597666
1,1,0.9999999999999699
1,1,0.9999999906479626
1,1,0.9999999999999699
1,1,0.9999999999997746
1,1,0.9999999999934914
1,1,0.9999999999999699
1,1,0.9999999999987002
1,1,0.9999999998684035
1,1,0.9999998058607444
1,1,0.9999999999999699
1,1,0.99999997894255
1,1,0.9999999999977581
1,1,0.9943020380210159
1,1,0.9999999638094398
1,1,0.9999999999988355
1,1,0.9999999999999699
1,1,0.9999999999999699
1,1,0.9999999999999699
1,1,0.9999999999861267
1,1,0.9999999999057407
1,1,0.9999999999999699
1,1,0.9999999999980005
1,1,0.9999999999999131
1,1,0.9999999999749075
1,1,0.9999999999906056
1,1,0.9999999980717083
1,0,0.0013222833529993273
1,1,0.9999999998280569
1,1,0.9999999999999699
1,1,0.9999999999255521
1,1,0.9999978860442532
1,1,0.9999999999901972
1,1,0.9999999999979758
1,1,0.9999999999950994
1,1,0.9999999975769773
1,1,0.9999999999993414
1,1,0.9999999999992296
1,1,0.9999999999999588
1,1,0.9999999999976619
1,1,0.9999999999938634
1,1,0.9999999999999699
1,1,0.9999946308842342
1,1,0.9999999999999699
1,1,0.9999999999999699
1,1,0.9999999999982939
1,1,0.736129837722143
1,1,0.9999999999999699
1,1,0.9999999999999699
1,1,0.9999999999504484
1,1,0.9999999999997657
1,1,0.9999999999999699
1,1,0.999999999974477
1,1,0.9999999999924122
1,1,0.9999999737118913
1,1,0.9999999995679874
1,1,0.9999999999999678
1,1,0.9999999999999493
1,1,0.9999999999999342
1,1,0.9999999999911422
1,1,0.9999999999999699
1,1,0.9999999810051587
1,1,0.9999999997728982
1,1,0.9999992738189378
1,1,0.9999999999999699
1,1,0.9999999999971882
1,1,0.9999999999638192
1,1,0.9999999985330282
1,1,0.999999999999865
1,1,0.9999999920290817
1,1,0.9999999951011939
1,1,0.9999999999999699
1,1,0.9999999932025162
1,1,0.9999999999873663
1,1,0.9941734389218464
1,0,0.002845314230124569
1,1,0.9999999999999699
1,1,0.9999999999999699
1,1,0.999999999999967
1,1,0.9889475822337392
1,1,0.9999999967438634
1,1,0.9999999997933497
1,1,0.999999988476417
1,1,0.9999999999999699
1,1,0.999999949665212
1,1,0.9999999999999699
1,1,0.9999999999998638
1,1,0.9999999957544713
1,1,0.9999999680130212
1,1,0.9999999730754877
1,1,0.9999999999921526
1,1,0.9999999999999699
1,1,0.9999999999999699
1,1,0.9999999999987081
1,1,0.9999999999998854
1,1,0.9999999999999699
1,1,0.9974590455868824
1,1,0.999999999997749
1,1,0.9999999999999699
1,1,0.9796635796576934
1,1,0.9999999999999699
1,1,0.9999999999999699
1,1,0.9999999625358379
1,1,0.9999999999856765
1,1,0.9999999999999205
1,1,0.9999999999680302
1,1,0.9612430412461669
1,1,0.9999999999999699
1,1,0.9999999980884423
1,1,0.99999999999994
1,1,0.9999999999999699
1,0,0.45801077952811087
1,1,0.9999999999991036
1,1,0.9999999999990032
1,1,0.9999999999999699
1,1,0.999999999998328
1,1,0.999999970418928
1,1,0.9999999999999699
1,1,0.991110674584525
1,1,0.9999974717294636
1,1,0.99999999999991
1,1,0.9999999999988739
1,1,0.9999999999961997
1,1,0.9999999999998807
1,1,0.9999999999999699
1,1,0.999999999991965
1,1,0.9999996233361268
1,1,0.9999999997735782
1,1,0.9999999999998465
1,1,0.9999999999971998
1,1,0.999999998479742
1,1,0.9999999999850145
1,1,0.9999999604504826
1,1,0.9999999993289883
1,1,0.9999999999999699
1,1,0.9999999999998901
1,1,0.9999999922896247
1,1,0.9999999999142116
1,1,0.9999999999999699
1,1,0.9999999999999517
1,1,0.9999999999989047
1,1,0.9999999999999699
1,1,0.9999999999997253
1,1,0.9999999999999699
1,1,0.9999999999999699
1,1,0.9999999999997902
1,1,0.894485555691908
1,1,0.9999999999999699
1,1,0.9999815495136282
1,1,0.9864509255938795
1,0,0.01352883855774087
1,1,0.9617718636215268
1,1,0.999999999405104
1,1,0.9999999999998701
1,1,0.9999999976933291
1,1,0.9999999999999699
1,1,0.9999999999998673
1,1,0.9999999999716305
1,1,0.9999999999998763
1,1,0.9999999999999699
1,1,0.9999984498128494
1,1,0.9999999988550059
1,1,0.9729834812671496
1,1,0.9999999999706276
1,1,0.9999999999999699
1,1,0.9999999999337003
1,1,0.9999999943423902
1,0,0.011988714114503383
1,1,0.9999999999999667
1,1,0.9999999999999699
1,1,0.999999999999881
1,1,0.9999999999999699
1,1,0.9999999999988963
1,1,0.9999999999230056
1,1,0.9311823017595813
1,1,0.9999999999376729
1,1,0.9999999999999699
1,1,0.9999999999999699
1,1,0.9999999984990184
1,1,0.9999999999977689
1,1,0.9999999999903131
1,1,0.9999999757429998
1,1,0.9999999445604774
1,1,0.9999999999999699
1,1,0.9999999999999699
1,1,0.9999999727845328
1,0,0.005997605467191555
1,1,0.9999999999999699
1,1,0.999999998904653
1,1,0.9999999999987753
1,1,0.9999999999999699
1,1,0.9999999999961
1,1,0.9999999999984927
1,1,0.9999999997254607
1,1,0.9999999999999699
1,1,0.9999999999999699
1,1,0.999999999999085
1,1,0.9999952060984245
1,1,0.9999999360487374
1,1,0.9999999999999699
1,1,0.9999999858401843
1,1,0.9999999981761449
1,1,0.9999999999969164
1,1,0.9999999999999699
1,1,0.9999999999998961
1,1,0.9999999230545543
1,1,0.9999999999999699
1,1,0.999999999985979
1,1,0.9999999999526591
1,1,0.9999999999994728
1,1,0.9999999999056841
1,1,0.9999999999999699
1,1,0.9961922950985453
1,1,0.999999999930392
1,1,0.9999992469706005
1,1,0.9965195413810385
1,1,0.9930697014409876
1,1,0.9999999946601911
1,1,0.999999999998987
1,1,0.9999999954526337
1,1,0.9999999999973844
1,1,0.9999999999768586
1,1,0.999999413379676
1,1,0.9999999999893294
1,1,0.6634167807163756
1,1,0.9999999999959134
1,1,0.9999999996455572
1,1,0.9999999999999699
1,1,0.9999999999999699
1,1,0.9999999999941656
1,1,0.991502042024492
1,1,0.9999999999999699
1,1,0.9999999999999699
1,1,0.9999997601559891
1,1,0.9999999996757453
1,1,0.9999999999999699
1,1,0.9999999999999699
1,1,0.9999999980489949
1,1,0.9999961033379238
1,0,5.109773730530988e-07
1,1,0.9999999999999699
1,1,0.9999999993472866
1,1,0.9999999999996475
1,1,0.9858245920394761
1,1,0.999999998347503
1,1,0.9557382237645433
1,1,0.9999999999999699
1,1,0.999997454951174
1,1,0.9999999997184813
1,1,0.8362493598396308
1,1,0.9999999999982021
1,1,0.9914281665169525
1,1,0.9999999999998984
1,1,0.9999999985801716
1,1,0.9999940164948481
1,1,0.9999999998162348
1,1,0.9999999999999699
1,1,0.9999999999999699
1,1,0.9999999999996496
1,1,0.9999999989692002
1,1,0.9999999999999404
1,1,0.9999999999694855
1,1,0.9999999999999699
1,1,0.9999999999999699
1,1,0.9999999999996231
1,1,0.9999999999443832
1,1,0.9999999993928073
1,1,0.9999999999999324
1,1,0.9999999999999699
1,1,0.9999999999769467
1,1,0.9999999999795449
1,1,0.9999999991687192
1,1,0.9999999999994551
1,1,0.9581845538991975
1,0,5.533455987915564e-06
1,1,0.9999999998578701
1,1,0.9999999999999699
1,1,0.9999999999910741
1,1,0.9999999999999699
1,1,0.9664231112967993
1,1,0.9999999999940641
1,1,0.9942397956753267
1,0,0.49323934265622504
1,1,0.999999999999955
1,1,0.999999999843714
1,1,0.9856674165862367
1,1,0.9999999946816082
1,1,0.9999999999999699
1,1,0.9578908858489377
1,1,0.9999940862943894
1,1,0.9999999999999699
1,1,0.7240019960248458
1,1,0.9999983734118292
1,1,0.9999999867030811
1,1,0.9999999915695706
1,1,0.9999999999999699
1,1,0.9999999985671572
1,1,0.9999999999994162
1,1,0.9999913370285901
1,1,0.9999999999999699
1,1,0.9999999999950738
1,1,0.9999999999983403
1,1,0.9999999778952603
1,1,0.9999999999776117
1,1,0.9999999999999699
1,1,0.9999999999618742
1,1,0.9999999999999699
1,1,0.9943464047461403
1,1,0.9999999987949796
1,1,0.9999999958377486
1,1,0.996261547091601
1,1,0.9999998136898797
1,0,0.0015236262068388199
1,1,0.9999999999802214
1,1,0.9957842273443623
1,1,0.9999999999999699
1,1,0.8517632258332865
1,1,0.9999999102142674
1,1,0.9999999999999699
1,1,0.9999999999993339
1,1,0.9999999401547403
1,1,0.9999858884262558
1,1,0.9999999999999699
1,1,0.9999981412643916
1,1,0.9999999999999699
1,1,0.9999999992480373
1,1,0.9999999988473787
1,1,0.9999999976949082
1,1,0.9999999999999699
1,1,0.9999990444940758
1,1,0.9999999999112991
1,1,0.9999999998288761
1,1,0.9999999999989163
1,1,0.9999993470977092
1,1,0.9999999999999699
1,1,0.9999999999999699
1,1,0.9934378943352327
1,1,0.9972946497512617
1,1,0.9999999999999699
1,1,0.9999999998718441
1,1,0.9999999999999699
1,1,0.9999999998610161
1,1,0.9999954905572872
1,1,0.9999999999908211
1,1,0.9999999999999699
1,0,2.54858640719177e-06
1,1,0.9999999999999699
1,1,0.9999999999673977
1,1,0.999999999973886
1,1,0.9999999999973853
1,1,0.9999999999999538
1,1,0.9999999999999699
1,1,0.7721363457700496
1,1,0.9999996307044593
1,1,0.9999999999999699
1,0,4.856710053656591e-07
1,1,0.9999999999999611
1,1,0.9999999491629425
1,1,0.9999999999999699
1,1,0.9999999994141844
1,1,0.9999999999999699
1,1,0.9596854486823619
1,1,0.9999999999997874
1,1,0.9999999999284496
1,1,0.9999999999999699
1,1,0.9999999999999699
1,1,0.9999999986725931
1,1,0.9999999997742636
1,1,0.9999999999999699
1,1,0.9999999999999699
1,1,0.999999999997034
1,1,0.9999998289033937
1,1,0.9694715366562568
1,1,0.9999982485941894
1,1,0.9881493343527903
1,1,0.9999998784211838
1,1,0.9999999999999699
1,1,0.9999996929791355
1,1,0.9999999995392232
1,1,0.9999999999981087
1,1,0.9999999999839038
1,1,0.9999999999899618
1,1,0.708352043979167
1,1,0.9999999962091103
1,1,0.9999999999796003
1,1,0.9999999977007573
1,1,0.9999999983956644
1,1,0.9999999999999608
1,1,0.9999999992405308
1,1,0.9999999994747263
1,1,0.9999995364339401
1,1,0.9970581991626893
1,1,0.9999999999999699
1,1,0.9999999997442405
1,1,0.9999999999996834
1,1,0.9999999988948393
1,1,0.9999999999999699
1,1,0.9999999999999699
1,1,0.9999999999892971
1,1,0.9999999999259976
1,1,0.9999999999999699
1,1,0.9999999999999699
1,1,0.9999999999987401
1,1,0.9999999999858343
1,1,0.9999999999650598
1,1,0.9999999998850183
1,1,0.9999999994855936
1,1,0.9972283532597273
1,1,0.9999999968837399
1,1,0.9999999999999699
1,1,0.9999999999978024
1,1,0.9999999999998662
1,1,0.9999999999543381
1,1,0.9999999999970993
1,1,0.9999999999999699
1,1,0.9999998201597957
1,1,0.9999866757049117
1,1,0.9999999997063219
1,1,0.9999999999968332
1,1,0.7374355026007426
1,1,0.9999999880922038
1,1,0.9999996971823212
1,1,0.9999999999984883
1,1,0.9999999999999699
1,1,0.9999999999999699
1,0,0.383780771621825
1,1,0.9999999999716598
1,1,0.9999999999999699
1,1,0.9999999999621898
1,1,0.9999999999999699
1,1,0.9999999999999699
1,1,0.9999999999997674
1,1,0.9999999998274982
1,1,0.9999999999999699
1,1,0.9999999999999699
1,1,0.9999999999999699
1,0,0.07893645103046314
1,1,0.9883336883189096
1,1,0.9999999999999699
1,1,0.999999999989709
1,1,0.9999999999999699
1,1,0.9999999999892484
1,1,0.9999999999999699
1,1,0.9999999999990297
1,1,0.9999999539091695
1,1,0.9999999898142993
1,1,0.9969668037318317
1,1,0.9999999999944836
1,1,0.9999999999970354
1,1,0.9999999824607037
1,1,0.9999999999782299
1,1,0.9999999999999699
1,1,0.9999999999987357
1,1,0.9999999999947203
1,1,0.9999999999994942
1,1,0.9999999999999699
1,1,0.9999999921725282
1,1,0.9999999999997888
1,1,0.999999959806288
1,1,0.9999999999999699
1,1,0.9999931442096277
1,1,0.9999998908797126
1,1,0.9999999833172314
1,1,0.9999999999980528
1,1,0.9999999998884262
1,1,0.9999999999998311
1,1,0.9769915815178448
1,1,0.999999044931289
1,1,0.9999999999940195
1,1,0.9999999814532549
1,1,0.9999985528049122
1,1,0.9999999916059046
1,1,0.9999999999858499
1,1,0.9999999999999699
1,1,0.9999999517258875
1,1,0.9999999999999699
1,1,0.9999999999857817
1,1,0.9999999999999699
1,1,0.9999999999999699
1,1,0.9999999998861072
1,1,0.9999999999999699
1,1,0.9999999888525645
1,1,0.9999996599922569
1,1,0.9999999999999699
1,1,0.999999999999757
1,1,0.999999999994491
1,1,0.9999999896926436
1,1,0.9999999999999699
1,1,0.9999999999999699
1,1,0.9999999990592464
1,1,0.9999999999999699
1,1,0.9999999999999699
1,1,0.9999999999812849
1,1,0.9999999999829268
1,1,0.9999999999996674
1,1,0.9999999999192938
1,1,0.9999999999999699
1,1,0.9999999999999699
1,1,0.9999999999856459
1,1,0.9999998914030037
1,1,0.9999999999999514
1,1,0.9999999999999699
1,1,0.9999999819321467
1,1,0.9999997862392156
1,1,0.9999999962715237
1,1,0.9999999999998115
1,1,0.9999999999999633
1,1,0.9999999999999312
1,1,0.9999999999998986
1,1,0.9404605751418995
1,1,0.9999999999626772
1,1,0.9999999999525613
1,1,0.999997831634367
1,1,0.9999999999999619
1,1,0.9999978011708544
1,1,0.999999999996309
1,1,0.9999999999944368
1,1,0.9999999951474831
1,1,0.9999999992195462
1,1,0.9999999774806054
1,1,0.9999999999999699
1,1,0.9999999999817488
1,1,0.9999999999915947
1,1,0.9999999998862878
1,1,0.9999999999999699
1,1,0.999999999608901
1,1,0.9999999999959684
1,1,0.9999998740982552
1,1,0.9999999999796292
1,1,0.9999999931550764
1,1,0.9999999999999699
1,1,0.9999999999999699
1,1,0.999999999977849
1,1,0.9999999999999551
1,1,0.9999999996846551
1,1,0.9999999997716039
1,1,0.9999999999999699
1,1,0.9999999998742135
1,1,0.9999999999999699
1,1,0.9999941047003905
1,1,0.9999999999941878
1,1,0.9999999999999699
1,1,0.999999999920731
1,1,0.9999908257455878
1,1,0.999999999914464
1,1,0.9999998276501119
1,1,0.9999999999802596
1,1,0.9999999890239188
1,1,0.9999999999848123
1,1,0.999999985418796
1,1,0.9999999998177345
1,1,0.9999999999998126
1,1,0.9999999999999699
1,1,0.9999983305490482
1,1,0.9999999999999699
1,1,0.9999999999972171
1,1,0.9999999999990727
1,1,0.9999999999801819
1,1,0.9999999999999699
1,1,0.9999999999997162
1,1,0.9999999936610403
1,1,0.9999999999997364
1,1,0.9999999996692788
1,1,0.9999999999999699
1,1,0.9999999999580234
1,1,0.9999999999999699
1,1,0.9999999999999699
1,1,0.9999999999998116
1,1,0.9999999999999699
1,1,0.9999999999977878
1,1,0.9999999997031436
1,1,0.9589632269166938
1,1,0.9999999999080907
1,1,0.9999999999999699
1,1,0.9999999999999699
1,1,0.9999999999999699
1,1,0.9999999999999699
1,1,0.9999999775119257
1,1,0.9999999999999699
1,1,0.9999999999962425
1,1,0.9999999999083355
1,1,0.9999999999979016
1,1,0.9999999432921678
1,1,0.9999999999999699
1,1,0.9999999993481529
1,1,0.9999999927560422
1,1,0.9999999953049267
1,1,0.9999999999999699
1,1,0.9999999977905368
1,1,0.9999999497089489
1,1,0.9999999999999699
1,1,0.9999999999999699
1,1,0.9999999999999699
1,1,0.9999999999232747
1,1,0.9999999999991431
1,1,0.9999999999807397
1,1,0.9999999999854339
1,1,0.9999999999999567
1,1,0.9999999999999699
1,1,0.9999999999999699
1,1,0.9999999999999699
1,1,0.98796703979048
1,1,0.9999999999999699
1,1,0.9999999999239778
1,1,0.9999999992013384
1,1,0.999999999985288
1,1,0.9999999998809438
1,1,0.9999999999997194
1,1,0.999999999030278
1,1,0.9999999785879823
1,1,0.9999999999174192
1,1,0.9999999999999699
1,1,0.9999999957480885
1,1,0.9999999397439576
1,1,0.9999999999875926
1,1,0.9999999998704567
1,1,0.9999999936202247
1,1,0.9999999985790111
1,1,0.9999999998069081
1,1,0.9999999999999699
1,1,0.9999999895591571
1,1,0.9999999999967322
1,1,0.9999999999999699
1,1,0.9999999999999699
1,1,0.9999999984835471
1,1,0.9999999727549261
1,1,0.9999999953691734
1,1,0.9999999993290002
1,1,0.999999997492927
1,1,0.9999999999977532
1,1,0.9999999999921686
1,1,0.9999999999551196
1,1,0.9999999993368525
1,1,0.9999999999999699
1,1,0.9999999999978143
1,1,0.9999999999999645
1,1,0.9999999999983928
1,1,0.9999999083567048
1,1,0.9999999998475885
1,1,0.9999999999999699
1,1,0.9999994922075621
1,1,0.9999999999999699
1,1,0.9999999994073315
1,1,0.9999999999999695
1,1,0.9999999999999699
1,1,0.9999999598174067
1,1,0.9999999900053369
1,1,0.9999999999878083
1,1,0.9999999999550367
1,1,0.9999999433048542
1,1,0.9999999999999699
1,1,0.7754042328768591
1,1,0.9999999988655262
1,1,0.9999999969596834
1,0,0.09272353317132599
1,1,0.9999999999999344
1,1,0.9999999998406178
1,1,0.999999999972813
1,1,0.9999999401362791
1,1,0.9999999999999699
1,1,0.999999999998956
1,1,0.9999999977945228
1,1,0.9999999999995055
1,1,0.9999999999995395
1,1,0.9999999779844381
1,1,0.999999999200809
1,1,0.9999999999999699
1,1,0.9999999802954571
1,1,0.9999999992474977
1,1,0.999999999999944
1,1,0.9999999999999699
1,1,0.9999999999999699
1,1,0.9999999999999699
1,1,0.9999999999999699
1,1,0.9999999990197733
1,1,0.9199234242962264
1,1,0.9999999999962387
1,1,0.9999999999999699
1,1,0.7701070444833391
1,1,0.9999999997765242
1,1,0.9999999999999699
1,1,0.9999998879720957
1,1,0.8739892228420232
1,1,0.9999999999999699
1,1,0.9999999999999699
1,1,0.9999999999999013
1,1,0.9999999999999626
1,1,0.9999999984600777
1,1,0.9834763108012436
1,1,0.9999999999999699
1,1,0.9999999999989129
1,1,0.9574144048860128
1,1,0.9999999999999699
1,1,0.999999999999516
1,1,0.9999999990526317
1,1,0.9999999999999699
1,1,0.999999999998013
1,1,0.9999999999999699
1,1,0.9999999999754091
1,1,0.9999999998656537
1,1,0.9541124698630378
1,1,0.9999999999996796
1,1,0.9999999950623307
1,1,0.9857772914052076
1,1,0.9999999999997505
1,1,0.9999970420405595
1,1,0.9999999953487693
1,1,0.9999999999999699
1,1,0.9999999999974887
1,1,0.9999999999966444
1,1,0.9999999998994454
1,1,0.9999999998419998
1,1,0.9999999999991483
1,1,0.9999999999999699
1,1,0.9999999999570602
1,1,0.9999999999910574
1,1,0.9999999999999699
1,1,0.9999999999983856
1,1,0.9999999999999699
1,1,0.9999996416981355
1,1,0.9999999999665037
1,1,0.9933829785101403
1,1,0.9999999999999699
1,1,0.9999999999999699
1,1,0.9999999999470336
1,1,0.9999999999999699
1,1,0.9999999877041013
1,1,0.9999999090298177
1,1,0.7828216835313052
1,1,0.999999999970989
1,1,0.99999999980776
1,1,0.9999999999996987
1,1,0.9999999999999699
1,1,0.9999999999972651
1,1,0.9999999999998364
1,1,0.9999999938048282
1,1,0.9999999999841186
1,1,0.999998577920925
1,1,0.9999999999975211
1,1,0.999999999279772
1,1,0.9999999999999699
1,1,0.9999999599643151
1,1,0.9999999999998941
1,1,0.9999999999944523
1,1,0.9999999542194297
1,1,0.9999999999999699
1,1,0.9999999972899724
1,1,0.6384748399088507
1,1,0.9999999999952365
1,1,0.9999999999999699
1,1,0.9999860738595381
1,1,0.9999999999999699
1,1,0.9999999872397598
1,1,0.9999999999999699
1,0,4.153763832977083e-07
1,1,0.9999999999927387
1,1,0.9999999999999699
1,1,0.999999999999969
1,1,0.9999999999998831
1,1,0.9999999999978995
1,1,0.99999999999216
1,1,0.9999999999999379
1,1,0.9999999998900275
1,1,0.9999999992644045
1,1,0.999999999988645
1,1,0.9962331563668824
1,1,0.9999999999999699
1,1,0.9999999999999699
1,1,0.9999999999999699
1,1,0.9999999999999699
1,1,0.9999999999567345
1,1,0.9999999088687518
1,1,0.9999999961873344
1,1,0.9999999899144768
1,1,0.9999999999995718
1,1,0.9999999999999436
1,1,0.9999999999999699
1,1,0.9999999685413146
1,1,0.9885403874392442
1,1,0.9999999996034008
1,1,0.9909517883949451
1,1,0.9999999999999699
1,1,0.9999999998803664
1,1,0.9999999999987318
1,1,0.9999999999999699
1,1,0.9999999949827965
1,1,0.9911226590626583
1,1,0.9999999999998522
1,1,0.999999999982601
1,1,0.9999999998475159
1,1,0.9999999944917488
1,1,0.9999999999973734
1,1,0.9999999999640926
1,1,0.9999999999205582
1,1,0.9999999999908976
1,1,0.7482263551420966
1,0,0.24938647615631399
1,1,0.9999999999999699
1,1,0.962750011598563
1,1,0.9999999999999699
1,1,0.9999999999999699
1,1,0.9999999999999699
1,1,0.9965116965449489
1,1,0.9973398373641815
1,1,0.999999999880583
1,1,0.999999999987007
1,1,0.9999999999999699
1,1,0.9892244695478676
1,1,0.9999999984100528
1,1,0.9999996338968853
1,1,0.9999999999999248
1,1,0.9999999999999154
1,1,0.9999999999998967
1,1,0.9999999999841909
1,1,0.9999900699070682
1,1,0.9999999996605478
1,1,0.9999999974914174
1,1,0.9999967523687636
1,1,0.9999999999195498
1,1,0.9999999999995879
1,1,0.9999929809154022
1,1,0.9999999970441862
1,1,0.9999999997889144
1,1,0.9999999999997108
1,1,0.9999999999587974
1,1,0.8654711119335019
1,1,0.9999999999939421
1,1,0.6402514919851852
1,1,0.9999999999939153
1,1,0.9999999999999699
1,1,0.9999999999045833
1,1,0.9999999900100687
1,1,0.9999999999999699
1,1,0.999999998992916
1,1,0.9999999998282985
1,1,0.9999999999999699
1,0,1.0000000994736041e-07
1,1,0.9999999992449462
1,1,0.9945014775088586
1,1,0.9967725239569789
1,1,0.9999985347750996
1,1,0.9999999999996174
1,1,0.9999999967722872
1,1,0.9999996407134537
1,1,0.9999999997171062
1,1,0.9999999999999699
1,0,0.0007093915307854809
1,1,0.9999999999948955
1,1,0.9999999358341525
1,1,0.9999999999999418
1,1,0.9999999999990764
1,1,0.9999999999998774
1,1,0.9999999999999699
1,1,0.9999999999999699
1,1,0.9999999999999699
1,0,0.10995934603182919
1,1,0.999999999996582
1,1,0.9999999997733597
1,1,0.9880882944538906
1,1,0.9999989161789443
1,1,0.9999999999946078
1,1,0.9826406344193414
1,1,0.9733029545962049
1,1,0.9999999999954083
1,1,0.9999999966364044
1,1,0.9999999999999699
1,1,0.9999999919098397
1,1,0.9999999672212517
1,1,0.9999999999999699
1,1,0.9999999999786463
1,1,0.999999806867133
1,1,0.9999999999999344
1,1,0.9999999999999699
1,1,0.9808665278196483
1,1,0.9999999999999147
1,1,0.9999999999999635
1,1,0.9999999999993051
1,1,0.9999999998941151
1,1,0.9999999999412803
1,1,0.9999999989826033
1,1,0.9999999999992075
1,1,0.9999999999999699
1,1,0.9999999999897928
1,1,0.9999999999024246
1,1,0.999999999976283
1,1,0.9999999999990222
1,1,0.9999999999999699
1,1,0.9999999604116407
1,1,0.9999853439060767
1,1,0.999999999995663
1,1,0.9999996192067194
1,1,0.9999999999986451
1,0,0.012221883168220081
1,1,0.9999999999999699
1,1,0.999999999998297
1,1,0.9999954123795552
1,1,0.9999999984311487
1,1,0.9999999999487297
1,1,0.9999999989140562
1,1,0.999999999999916
1,1,0.9999999999999699
1,1,0.999999999893995
1,1,0.999999999998829
1,1,0.9999999999999699
1,1,0.9999985986187772
1,1,0.9999999993753924
1,1,0.9999999734433042
1,1,0.9999999976921938
1,1,0.9999999999999624
1,1,0.8390133365812426
1,1,0.9999999321416283
1,1,0.9999999999980312
1,1,0.999999999999869
1,1,0.9999999999999699
1,1,0.9999999999002798
1,1,0.9999999999999699
1,1,0.9999999999999699
1,1,0.9999999999181641
1,1,0.9999999999999699
1,1,0.9999970437158252
1,1,0.9999999999379171
1,1,0.9999999999999699
1,1,0.9999999999941246
1,1,0.9999999994248976
1,1,0.9999999999999699
1,1,0.9999995946729658
1,1,0.9999997405904375
1,1,0.9999999999999699
1,1,0.9881084884241511
1,1,0.999999999999345
1,1,0.9077006683981524
1,1,0.9778773183855453
1,1,0.9999999955499072
1,1,0.9999999862519577
1,1,0.999999874909384
1,1,0.9999999999999653
1,1,0.9999999999995811
1,1,0.9999999999999699
1,1,0.999999999963833
1,1,0.999999999998747
1,1,0.997410911185976
1,1,0.9999999999999699
1,1,0.9999999998700415
1,1,0.9999959635931818
1,1,0.9999999999852626
1,1,0.9999999999999699
1,1,0.9999999999994181
1,1,0.9999999999999699
1,1,0.9999999999925954
1,1,0.999999752521766
1,1,0.9999999378625692
1,1,0.9999999985522433
1,1,0.9999999999999699
1,1,0.9999999999970686
1,1,0.9999998549650068
1,1,0.9999999988251724
1,1,0.999999999991362
1,1,0.9999999999998538
1,1,0.9999999999959825
1,1,0.9999999980456704
1,1,0.9999999999999699
1,1,0.9999999999999668
1,1,0.9999999999996914
1,1,0.9999999999998932
1,1,0.9999999999968665
1,1,0.9909161278411704
1,1,0.9999999999999699
1,1,0.9999999999999634
1,1,0.9999999937114059
1,1,0.9999999996671504
1,1,0.9999998708337212
1,1,0.9999999999853655
1,1,0.999999999622163
1,1,0.9999932426239455
1,1,0.9999999999999699
1,1,0.999999999186942
1,1,0.9999999999999699
1,1,0.9999999999999699
1,1,0.9999999999196781
1,1,0.9999999999999699
1,1,0.9999999999999699
1,1,0.9999999999996256
1,1,0.9999999999992222
1,1,0.9999997069551918
1,1,0.9999999999999699
1,1,0.9999999999644278
1,1,0.9999999955006927
1,1,0.9999999999997318
1,1,0.99999057214986
1,1,0.9999999999999699
1,1,0.9999869537149774
1,1,0.824152826961327
1,1,0.9999999999999699
1,1,0.9999999997678451
1,1,0.9999999999999699
1,1,0.9999999999946317
1,1,0.9999999999999699
1,1,0.9999999527046008
1,1,0.9999999999999699
1,1,0.9999999999988305
1,1,0.9999999999999699
1,1,0.9999999999297096
1,1,0.9999999971518914
1,1,0.9999999999711027
1,1,0.9999999999999699
1,1,0.9999997565211747
1,1,0.9999999999995743
1,1,0.9999999999999699
1,1,0.9999999959052505
1,1,0.9779928008992429
1,1,0.999999999998489
1,1,0.9999999868802505
1,1,0.9999999999999699
1,1,0.9999999999999699
1,1,0.9999999997586455
1,1,0.9999999920662651
1,1,0.9999999987066053
1,1,0.9999999994321261
1,1,0.999999945002217
1,1,0.9999999999999699
1,1,0.9999999973598331
1,1,0.9999999989512763
1,1,0.9999999999999699
1,1,0.9999999999999699
1,1,0.6543553032656261
1,1,0.9999999978027936
1,1,0.9999999999994118
1,1,0.9999999996751927
1,1,0.9999999999994548
1,1,0.9999999997229664
1,1,0.9999999999930065
1,1,0.9999999991721091
1,1,0.999999925242329
1,1,0.9999999999999699
1,1,0.9999999999999699
1,1,0.999999999368773
1,1,0.9999999999999699
1,1,0.9999999999904208
1,1,0.9999999999999699
1,1,0.9999999999999699
1,1,0.9999999999999699
1,1,0.9999999944546989
1,1,0.9999999986015562
1,1,0.9913287214634885
1,1,0.9999999999976977
1,1,0.9999999999997402
1,1,0.9999999999995053
1,1,0.9999999999999699
1,1,0.9999999999999699
1,1,0.9999999961918232
1,1,0.9999999999999699
1,1,0.9999999999999699
1,1,0.9999939613958987
1,1,0.9999999999943602
1,1,0.9999999999999699
1,1,0.9999840662468015
1,1,0.9999999999999699
1,1,0.9999999632561953
1,1,0.9999999999998219
1,1,0.9999845512638847
1,1,0.9999999988614695
1,1,0.9999999998575319
1,1,0.9999999997695757
1,0,0.10916271781931634
1,1,0.9999999942275177
1,1,0.9999999999854712
1,1,0.9999999999998417
1,1,0.9999999990404145
1,1,0.8310323377243343
1,1,0.9999999998198043
1,1,0.9999999999999699
1,1,0.9999999992721103
1,1,0.9999999999999699
1,1,0.9999999999999699
1,1,0.6791820053681106
1,1,0.9999999999999699
1,1,0.9999999843402155
1,1,0.9999977555770356
1,1,0.9999999999999699
1,1,0.9999999975272248
1,1,0.9999999989849852
1,1,0.9999999999995667
1,1,0.9999977814630803
1,1,0.8974667988086547
1,1,0.9999999662224096
1,1,0.9999999999977526
1,1,0.9999999999999699
1,1,0.9999999999999699
1,1,0.9999999998875688
1,1,0.9999999999999699
1,1,0.9999999906879987
1,1,0.9999999999999699
1,1,0.9999999999933366
1,1,0.9999999999999699
1,1,0.9999999966101283
1,1,0.9999999999999392
1,1,0.9999999999999699
1,1,0.9999999999991434
1,1,0.9999999999999699
1,1,0.9999999998361772
1,1,0.9999998862187575
1,1,0.9974474474060998
1,1,0.9999999987981589
1,1,0.9999999999999699
1,1,0.9999999999567497
1,1,0.9999999884177644
1,1,0.9999999999998881
1,1,0.9999999997355933
1,1,0.9999995873615419
1,1,0.9999995555715087
1,1,0.9999999998906799
1,1,0.9999999999996718
1,1,0.9999999999972295
1,1,0.9999999999449257
1,1,0.9999999999999699
1,1,0.9999999999999002
1,1,0.9970195596776857
1,1,0.999999999999311
1,1,0.9999999998594191
1,1,0.9999999999999645
1,1,0.9999999999997584
1,1,0.9999999999999699
1,0,6.056964827640441e-06
1,1,0.9999999990580315
1,1,0.9999999999978105
1,1,0.9999999468958243
1,1,0.9999999999074394
1,1,0.9999999999976682
1,1,0.9999999975031264
1,0,0.5513492049453684
1,1,0.999999999995344
1,1,0.9999999999999699
1,1,0.9999999999996246
1,1,0.9999999943572512
1,1,0.9999972133580457
1,1,0.9999999999369095
1,1,0.9999999999999699
1,1,0.9999999999974213
1,1,0.9999999999099504
1,1,0.9999999986051119
1,1,0.9999999999999699
1,1,0.999999999993
1,1,0.9999999999999699
1,1,0.9999999999999699
1,1,0.9999999999868174
1,1,0.9999999999999699
1,1,0.9999999927953183
1,1,0.9999999999648151
1,1,0.9999999999997654
1,1,0.999999996465484
1,1,0.9999999999996153
1,1,0.9999999474411627
1,1,0.9999999999999699
1,1,0.9999999354983505
1,1,0.9999999996356203
1,1,0.9999999999225794
1,1,0.9999999999873662
1,1,0.9999999999999699
1,1,0.999999999579993
1,1,0.9999999999996269
1,1,0.9927645364374493
1,1,0.9999999999999699
1,1,0.9999999967832848
1,1,0.9999999999994419
1,1,0.9999999999940057
1,1,0.9999999999998868
1,1,0.9999999999977099
1,1,0.999999999999206
1,1,0.9999999999999699
1,1,0.9999999999997391
1,1,0.9862840117996068
1,1,0.9999999999999699
1,1,0.9999999999999699
1,1,0.9999999992143026
1,1,0.9999999992351486
1,1,0.9999999999987256
1,1,0.9999999999654564
1,1,0.999999999999793
1,1,0.9999999999999699
1,1,0.9966470571766105
1,1,0.9999999674106295
1,1,0.9999999897090206
1,1,0.9999999993767688
1,1,0.9999999990174182
1,1,0.9999999999997873
1,1,0.9999999999999699
1,0,0.43030225096587027
1,1,0.9999999999999699
1,1,0.9999999999999699
1,1,0.9999999998331071
1,1,0.999999999973452
1,1,0.9999999999989924
1,1,0.9999999999979607
1,1,0.9999999992584783
1,1,0.9999999726715606
1,1,0.9999999841293684
1,1,0.9999999995595479
1,1,0.9999998417654679
1,1,0.9999999964847424
1,1,0.9999999999999699
1,1,0.9999999999999699
1,1,0.9999999999999699
1,1,0.9999999999841174
1,1,0.9999999997856716
1,1,0.9999999999998921
1,1,0.9999921652756648
1,1,0.9999999996301879
1,1,0.9999999441951419
1,1,0.9999999993246256
1,0,0.5531064883306005
1,1,0.999999999994301
1,1,0.8211580925080889
1,1,0.9999988255711455
1,1,0.9999999993047194
1,1,0.9999999995161158
1,1,0.9999999999999699
1,1,0.9999994517644889
1,1,0.9999999999992895
1,1,0.9999999788629523
1,1,0.9999999678154359
1,1,0.9999999999711384
1,1,0.9999999999377449
1,1,0.9999999995317624
1,1,0.9999999999999699
1,1,0.9999999465040819
1,1,0.9999999999947736
1,1,0.9999999892065862
1,1,0.999999999997223
1,1,0.9999999834058844
1,1,0.9999999999999699
1,1,0.9999999999999699
1,1,0.9999999996688199
1,1,0.9999999999999699
1,1,0.9999999999999699
1,1,0.9999999999999699
1,1,0.6865736273947175
1,1,0.769108205802254
1,1,0.9999999999840947
1,1,0.9999999999999332
1,1,0.9850718076110269
1,1,0.9999999999863819
1,1,0.9999999999999699
1,1,0.9999999999327918
1,1,0.9999999999999578
1,1,0.9999999999662827
1,1,0.9999999994594484
1,1,0.9999999999999699
1,1,0.9999999999999699
1,1,0.9999999999999699
1,1,0.9999999999999699
1,1,0.9999999999996735
1,1,0.9999999999999699
1,1,0.9999999999991909
1,1,0.9999999999999699
1,1,0.9999999999986322
1,1,0.9999999999999699
1,1,0.9999993820107144
1,1,0.9999989538417152
1,1,0.9999999999993243
1,1,0.9999999999999699
1,1,0.9999999911151515
1,1,0.9999999619034994
1,1,0.9999999999999699
1,1,0.9999999897410214
1,1,0.999999999772014
1,1,0.9879634901230017
1,1,0.9999999999350359
1,1,0.9999999999083324
1,1,0.9999999999910102
1,1,0.9999999999986692
1,1,0.9999999999998044
1,1,0.9999995660938307
1,1,0.9999999999865145
1,1,0.9999994212785429
1,1,0.9999999626708743
1,1,0.999999999834792
1,1,0.9999999974707978
1,1,0.9999999999998829
1,1,0.9999999999985366
1,1,0.9999999999175113
1,1,0.9999999999999699
1,1,0.9999999836307669
1,1,0.9999999999999699
1,1,0.9999999999999699
1,1,0.9999999999846166
1,1,0.9999999985515279
1,1,0.9999999999999699
1,1,0.999999999998185
1,1,0.999999389241048
1,1,0.9999999999999699
1,1,0.9999999965294613
1,1,0.9999999983633652
1,1,0.9999999996454412
1,1,0.9999999999999699
1,1,0.9999999998529362
1,1,0.9999999999607306
1,1,0.9999999962334395
1,1,0.9999999226365783
1,1,0.9999999998706333
1,1,0.5969636814424741
1,1,0.9999983095628313
1,1,0.9999999999477305
1,1,0.9999999999999488
1,1,0.9999999999999699
1,1,0.9999999999397083
1,1,0.9999999999864227
1,1,0.9999999999999699
1,1,0.9999999999930138
1,1,0.9969999419551003
1,1,0.9999999999999699
1,1,0.9999999999999699
1,1,0.9999999999999699
1,0,0.07790474154644556
1,1,0.9999999821646346
1,1,0.9999999999999699
1,1,0.9999999999999699
1,0,0.06168887177091708
1,1,0.9999998253630681
1,1,0.9999999470502267
1,1,0.9999999999980631
1,1,0.9999999999973026
1,1,0.9999999999998953
1,1,0.9999999999999699
1,1,0.9999999999999699
1,1,0.9999999877637654
1,1,0.9999999932764275
1,1,0.9999999999924153
1,1,0.999999999998426
1,1,0.9974677120848798
1,1,0.9999971042480412
1,1,0.9999999999999699
1,1,0.9999999403994042
1,1,0.9999999995844168
1,1,0.9999999999971471
1,1,0.9999999999998771
1,1,0.9999999998798729
1,1,0.9999999999999699
1,1,0.9999999999999699
1,1,0.9999999991862113
1,1,0.9999969499104335
1,1,0.9971987654879229
1,0,0.1686271661501831
1,1,0.9999981522793512
1,1,0.9999999999877074
1,1,0.9999999999999698
1,1,0.9999999646302162
1,1,0.9999999999999699
1,1,0.9930978810989225
1,1,0.9999994406089243
1,1,0.9999999999258442
1,1,0.9999999999999699
1,1,0.9999999999999187
1,1,0.9999999619964636
1,1,0.9999999999999699
1,1,0.9999999944265853
1,1,0.9999999999650498
1,1,0.9999999999962289
1,1,0.9999999999999699
1,1,0.9999999549818223
1,1,0.9999999999998823
1,1,0.9999999998637171
1,0,0.02644904997359766
1,1,0.9999999999998961
1,1,0.9999999999975004
1,1,0.9999998883248273
1,1,0.9704191832087604
1,1,0.9999999999999699
1,1,0.9999999999999699
1,1,0.9999999999999699
1,1,0.9999999999841153
1,1,0.9999983303058775
1,1,0.9999999999999621
1,1,0.9999999999999699
1,1,0.9999999998661951
1,1,0.9999999999953015
1,1,0.6649643778873542
1,1,0.9999999999999699
1,1,0.9999999999999699
1,1,0.9999999999999699
1,1,0.9999999999969388
1,1,0.9999999999998748
1,1,0.9999999973573203
1,1,0.9999999999663691
1,1,0.9999992148702361
1,1,0.9999999999999699
1,0,3.3964920067247435e-05
1,1,0.9999999999999365
1,1,0.9999999999629411
1,1,0.9999999999999699
1,1,0.9999999999999699
1,1,0.9999999999999699
1,1,0.9151960757268776
1,1,0.9999999999909837
1,1,0.9999999999998126
1,1,0.9999999999933151
1,1,0.9999999999999699
1,1,0.9999999999932837
1,1,0.9999998135045902
1,1,0.9999999979570069
1,1,0.9999999987524222
1,1,0.9999999999933499
1,1,0.9999999999998949
1,1,0.9999999994832259
1,1,0.9999999974386099
1,1,0.9999999999995958
1,0,0.046717962477519547
1,1,0.9999999999990788
1,1,0.9999999999999699
1,1,0.9999999999999398
1,1,0.9999999999999699
1,1,0.9999999999962935
1,1,0.9999999999999699
1,1,0.9925200678796922
1,1,0.9999999999999699
1,1,0.999999999999623
1,1,0.9999999999999699
1,1,0.9999999999999699
1,1,0.9999999999627466
1,1,0.9999999999420519
1,1,0.9999999999999699
1,1,0.9999999904763491
1,1,0.9999999818419829
1,0,0.5
1,1,0.9999999999996286
1,0,0.18190566327651503
1,1,0.9999999999995337
1,1,0.9999999999856055
1,1,0.9999999996386314
1,1,0.9999999999999699
1,1,0.9999997949033005
1,1,0.9999999999997113
1,1,0.9876269425694486
1,1,0.9491517321282763
1,1,0.9999999999995328
1,1,0.9999999947461277
1,1,0.9999999999999699
1,1,0.9999999999961983
1,0,0.3132660357462195
1,1,0.9999999999999699
1,1,0.9999999999999699
1,1,0.9999999995788004
1,1,0.9951497212264964
1,1,0.9999999999999699
1,1,0.9999999999999699
1,1,0.9381953329664288
1,1,0.7420810384237597
1,1,0.9999999999999304
1,1,0.9999999945721512
1,1,0.999999999925064
1,1,0.9999999999999699
1,0,0.0008842771925327215
1,1,0.9999999999089237
1,1,0.9999999999999699
1,1,0.9999999999997485
1,1,0.9999999867735234
1,1,0.999999094353969
1,1,0.9999999999999699
1,1,0.9999999295614341
1,1,0.9999999999858311
1,1,0.9877079711621399
1,1,0.9999997487820165
1,1,0.9999999926628259
1,1,0.9999999999999699
1,1,0.9999999999999699
1,1,0.9999999999999699
1,1,0.9999999999918261
1,1,0.9999998024504746
1,1,0.9999999999999699
1,1,0.9999999999999699
1,1,0.9999999999999408
1,1,0.9999998650993768
1,1,0.9999999999999699
1,0,0.0006417128475495606
1,1,0.9999999999948868
1,1,0.9999999877915318
1,1,0.9999999999999699
1,1,0.9999999999999699
1,1,0.9999999999978078
1,1,0.9999999999895196
1,0,0.0001663706476623046
1,1,0.9999999999999699
1,1,0.9999999999999699
1,1,0.9999999999999699
1,1,0.9999999999849484
1,1,0.9999999999997828
1,1,0.9999999999999699
1,1,0.9999999998121111
1,1,0.9999999972444834
1,1,0.9999999999999699
1,1,0.9999999999999699
1,1,0.9999999933858704
1,1,0.7424105002263767
1,1,0.9999952083450072
1,1,0.9999999999667538
1,1,0.9999999961094099
1,1,0.9999999999999699
1,1,0.9999999999999699
1,1,0.9999999999999479
1,1,0.9999999999999699
1,1,0.9999999990460375
1,1,0.9999999985352459
1,1,0.9999999999999699
1,1,0.9999999999999699
1,1,0.9999999999999235
1,1,0.9999999999958505
1,1,0.9999999958328383
1,1,0.9999999874390102
1,1,0.9999999999999699
1,1,0.9999999999987879
1,1,0.9999999999967718
1,1,0.9999999999999699
1,1,0.9539476123126615
1,0,0.1984503334164254
1,1,0.9999999963116903
1,1,0.9999999999999699
1,1,0.9999999999999527
1,1,0.9999999874042227
1,1,0.9999999999999699
1,1,0.9999999926928297
1,1,0.9999999999559807
1,1,0.9999999999999699
1,1,0.9999999954408911
1,1,0.9924014805048722
1,1,0.9999917283262079
1,1,0.999999995184643
1,1,0.9999999999960315
1,1,0.9752312874905578
1,1,0.9999997155610006
1,1,0.9999999999145067
1,1,0.999999999986661
1,1,0.9999999946241231
1,1,0.9999999999999699
1,1,0.9999999844848518
1,1,0.9999999999765262
1,1,0.9999999999995243
1,1,0.9999999999951525
1,1,0.9999999999999699
1,1,0.9999999971423906
1,1,0.9999999895131882
1,1,0.9999999999999699
1,1,0.9999999999999699
1,1,0.9999999999999699
1,1,0.9999999999999699
1,1,0.9999999999999699
1,1,0.9999965327781275
1,1,0.9999999999999699
1,1,0.9999999999999362
1,1,0.9999999999999699
1,1,0.9999999887957098
1,1,0.9999999999999699
1,1,0.9999999999998775
1,1,0.999999983744334
1,1,0.9999997035251673
1,1,0.9999999999999699
1,1,0.9999999999999699
1,1,0.9999999999995167
1,1,0.9999999995342304
1,1,0.9999999999999227
1,1,0.9972282773569534
1,1,0.9999999999999699
1,1,0.9999997635155742
1,1,0.9999997519440571
1,1,0.9999999995553175
1,1,0.9999999871839932
1,1,0.9999999999997612
1,1,0.9999999999320264
1,1,0.9999987000927806
1,1,0.9999999999814707
1,1,0.9999999999999699
1,1,0.9999949074657419
1,1,0.9999999999996989
1,1,0.9999999999999699
1,1,0.9999998901138997
1,1,0.9928033439079864
1,1,0.9999999999706124
1,1,0.9999999999999699
1,1,0.9999999998077177
1,1,0.9999999875872077
1,1,0.9999999999999699
1,1,0.9999999997903618
1,1,0.9999999999999699
1,1,0.999999999996513
1,1,0.9999999999968651
1,1,0.999999999972205
1,1,0.9999999999924819
1,1,0.9999997383833178
1,1,0.9999999999999699
1,1,0.9802177134117928
1,1,0.9999999999999699
1,1,0.9999995071754584
1,0,1.7981366192501194e-05
1,1,0.9999999999999699
1,1,0.9999999999999699
1,1,0.9999999999860483
1,1,0.9999999993228711
1,1,0.9999999999999699
1,1,0.9999999224296775
1,1,0.9943628490799984
1,1,0.9999999999999699
1,1,0.9999999999999699
1,1,0.98460199640246
1,1,0.9999999737180416
1,1,0.9999999999719678
1,1,0.9999999999999699
1,1,0.9999999999574816
1,1,0.9836440263601582
1,1,0.9999999999953137
1,1,0.9999996989012738
1,1,0.9999999999929978
1,1,0.9999999980743485
1,1,0.9955229963111104
1,1,0.9999999996593542
1,1,0.9999999999999192
1,0,0.3807775777869044
1,1,0.9999999999999699
1,1,0.999999999995104
1,1,0.9999960024236857
1,1,0.9999999807761362
1,1,0.9999999999999699
1,1,0.9999999999805754
1,1,0.999999984045772
1,1,0.9999999999998916
1,1,0.9999999999999699
1,1,0.9999999999999699
1,1,0.9999999999999617
1,1,0.999999999996775
1,1,0.9999999973189022
1,1,0.9999999999999699
1,1,0.9999999999999699
1,1,0.9999999999996483
1,1,0.9999999999989143
1,1,0.9999999999999699
1,1,0.9999999997893297
1,1,0.9999999999729551
1,1,0.9999999996098774
1,1,0.9999998761449463
1,1,0.9999999999992181
1,1,0.9999999999999699
1,1,0.9999965197298217
1,1,0.9999999999999699
1,1,0.9999999999999699
1,1,0.9999999997321886
1,1,0.9999999951630923
1,1,0.9999999999994904
1,0,1.8543976133381284e-05
1,1,0.9999999735671766
1,1,0.9999999999952596
1,1,0.9999999532386833
1,1,0.9999999999985792
1,1,0.9999999973940457
1,1,0.9999999999831294
1,1,0.9999999999999699
1,1,0.9999999999999699
1,1,0.9999999995030507
1,1,0.9999999999999699
1,1,0.999999989136074
1,1,0.9999999053421063
1,1,0.9999999999997793
1,1,0.999999998993989
1,1,0.9999999999965584
1,1,0.999999999996661
1,1,0.9999998801710276
1,1,0.999999999999953
1,1,0.9999999996026039
1,1,0.9999999999999699
1,1,0.9999999999839431
1,1,0.965018562739241
1,1,0.9999999999999699
1,1,0.9999999997808224
1,1,0.9999999999999699
1,1,0.9999999999998391
1,1,0.9999997982256271
1,0,0.028897484123130597
1,1,0.9999999535991183
1,1,0.9999999999963053
1,1,0.9999999999999699
1,1,0.9999999999999185
1,1,0.9999999999999699
1,1,0.9999999984818556
1,1,0.9999999999999699
1,1,0.999999999998417
1,1,0.9999999999880347
1,1,0.9999999999999699
1,1,0.9999999999999699
1,1,0.999999988601735
1,1,0.9999999999999699
1,1,0.9999999872721258
1,1,0.9999996164016663
1,1,0.9999999079150251
1,1,0.9999999999999201
1,1,0.9999999999999699
1,1,0.9999999999779182
1,0,0.025199228113520947
1,1,0.9999999999999375
1,1,0.999999999692485
1,1,0.9999999523732856
1,1,0.999999935280364
1,1,0.9999999454127523
1,1,0.9938559676922147
1,1,0.9999999999999699
1,1,0.9999999999823549
1,1,0.9999999998270748
1,1,0.9999999290955304
1,1,0.9999997983642872
1,1,0.9999999999970833
1,1,0.9999999999982736
1,1,0.9999999999999699
1,1,0.9999999999999699
1,1,0.977202660730007
1,1,0.9999999999999699
1,1,0.9999999999999699
1,1,0.9999999999999699
1,1,0.9999999134670439
1,1,0.999999994237002
1,1,0.9999999999999414
1,1,0.9999999999998384
1,1,0.9999999999999699
1,1,0.9999999999999699
1,1,0.9999999986812945
1,1,0.9999999917036725
1,1,0.9999999999217668
1,1,0.9999999999998971
1,1,0.9999969468328002
1,1,0.9999999997499449
1,1,0.9999999999999699
1,1,0.9999999999984951
1,1,0.9999999999999699
1,0,0.0005466201713689921
1,1,0.9999999635965305
1,1,0.9999921266449026
1,1,0.9999999999999699
1,1,0.9999999999998052
1,1,0.999999999856401
1,1,0.9999999999088868
1,1,0.9999999995414349
1,1,0.9999999999999699
1,0,0.14641183194365356
1,1,0.759878353720864
1,1,0.9999999994266174
1,1,0.9999999998790698
1,1,0.9999999999999699
1,1,0.999999999999918
1,1,0.9962205136519302
1,1,0.9999999999999699
1,1,0.9999999979248679
1,1,0.9999999999999699
1,1,0.9999999999999699
1,1,0.9999999999999699
1,1,0.9999999999995971
1,1,0.9999999999999699
1,1,0.9999999999998292
1,1,0.9999999999900337
1,1,0.9999999998591833
1,1,0.9999999999999699
1,1,0.9999999999999699
1,1,0.9999999964041942
1,1,0.9999999999371627
1,1,0.9999999999973866
1,1,0.9999999290854171
1,1,0.9999999999984569
1,1,0.9999999988869256
1,1,0.9999999999999346
1,1,0.9999999999991158
1,1,0.9999999999968073
1,1,0.9999999919806135
1,1,0.9999999999999699
1,0,0.5756650953162481
1,1,0.99999997753108
1,1,0.9999999904490178
1,1,0.9999999505329541
1,1,0.9999999999081682
1,1,0.9999999960616522
1,1,0.9999998819525644
1,1,0.9999999999967737
1,1,0.9999999999980353
1,1,0.9999999893058682
1,1,0.999996740700695
1,1,0.9999999998851916
1,1,0.9999999999557733
1,1,0.9999999067446665
1,1,0.9999993802975528
1,1,0.9999999997641563
1,1,0.9999999997994716
1,1,0.9999999999980592
1,1,0.9892988618627314
1,1,0.9076858692752148
1,1,0.9999999999994061
1,1,0.9999999983098292
1,1,0.9999999465043569
1,1,0.999999987318781
1,1,0.9999999986140354
1,1,0.9999999999980788
1,1,0.9999999999968796
1,1,0.9999999999890343
1,1,0.9999999999999634
1,1,0.999999999982171
1,1,0.9999999999997204
1,1,0.9999997357572018
1,1,0.9999999756065011
1,1,0.9999999999998939
1,1,0.9999999999999699
1,1,0.9999999999987856
1,1,0.9999999999662119
1,1,0.9999999999999699
1,1,0.9196979939824741
1,1,0.9999999999999699
1,1,0.9999999993934864
1,0,0.5520570731438469
1,1,0.9999999999999699
1,1,0.9999957062547777
1,0,0.04166107961689765
1,1,0.9999999999966638
1,1,0.9999999944134689
1,1,0.9999999999999699
1,1,0.9999999999999377
1,1,0.9999999996711301
1,1,0.9999999997519252
1,1,0.9999993814069355
1,1,0.9999999997447367
1,1,0.9999999999999699
1,1,0.9999999883060564
1,1,0.9999999999999699
1,1,0.9999999999999699
1,1,0.9999999999999699
1,1,0.9999999999999392
1,0,0.47857896683685586
1,1,0.9999999999999699
1,1,0.9999999999985629
1,1,0.9999999999999699
1,1,0.9999999829781536
1,1,0.9999999999869778
1,1,0.9999999999914719
1,1,0.9999999999999699
1,1,0.9999999999999699
1,1,0.9230543370145804
1,1,0.9999999999996604
1,1,0.9999987639651581
1,1,0.9973670822341195
1,1,0.9999999999999472
1,1,0.9945776684996229
1,1,0.9999999999999699
1,1,0.9999999999952337
1,1,0.9999999999999699
1,1,0.9999999998487181
1,1,0.9999999999999699
1,1,0.9999999999997223
1,0,0.4152619923955967
1,1,0.9999999999981507
1,1,0.9999999999972911
1,1,0.9608415153611214
1,1,0.9999999999997256
1,1,0.9999999999999699
1,1,0.9999999999988539
1,1,0.999999999999954
1,1,0.9999999893025082
1,1,0.9999999999625621
1,1,0.9999999999999699
1,1,0.9999999999999699
1,1,0.9999999999790742
1,1,0.9999999999947582
1,1,0.9999999999996656
1,1,0.9999999999999699
1,1,0.9999999988875796
1,1,0.9999999999999157
1,1,0.9999999999999699
1,1,0.9999999999450465
1,1,0.9999999999999699
1,1,0.9999999999999699
1,1,0.9916621037646816
1,1,0.9999999675788324
1,1,0.9999999993167753
1,1,0.9999999999785384
1,1,0.9384992429842783
1,0,0.012984804708092535
1,1,0.9999999955015987
1,1,0.9999999999999699
1,1,0.9999999999999699
1,1,0.9999982773488149
1,1,0.9999999999999699
1,1,0.9999999999999699
1,1,0.999999991797447
1,1,0.9999999999999699
1,1,0.9999999997780505
1,1,0.9999999994000293
1,1,0.9999999999999699
1,1,0.9999999999953427
1,1,0.9999999999999699
1,1,0.9999999988754493
1,1,0.9999999999999699
1,1,0.9999999995146301
1,1,0.9999999999781284
1,1,0.9999999999999699
1,1,0.9999999998964161
1,0,0.016465696986020777
1,1,0.9999997904038439
1,1,0.9843055475565836
1,0,5.025674116840311e-07
1,1,0.9999999999999145
1,1,0.9999999999891163
1,1,0.9999999999983177
1,1,0.9999999999999699
1,1,0.9999999999995537
1,1,0.9999999999917768
1,1,0.9999999999999699
1,1,0.9999999999941729
1,1,0.999999999464573
1,1,0.9999999999916099
1,1,0.9999999999999699
1,1,0.9999999724430764
1,1,0.9999999973657859
1,1,0.9999999999977496
1,1,0.9999991809026597
1,1,0.9999999957919125
1,1,0.9999999964624472
1,1,0.9999999999541815
1,1,0.9999999999999699
1,1,0.9999951036591479
1,1,0.9999996320730951
1,1,0.9999999999898485
1,1,0.9999999918826091
1,1,0.9999999999999699
1,1,0.9999999999999699
1,1,0.9999999992383349
1,1,0.9999999999999699
1,0,0.5644236859200913
1,1,0.9999933903082365
1,1,0.9999999983464206
1,1,0.999999999999666
1,1,0.9999999999999699
1,1,0.9999999999142261
1,1,0.9999999999999699
1,1,0.9999999999291742
1,1,0.999999998394422
1,1,0.9999999649797949
1,1,0.9999999999999699
1,1,0.9999999999991118
1,1,0.9999999968362613
1,1,0.9999999936632777
1,1,0.9999958452545272
1,1,0.9999999979743575
1,1,0.9999999999978615
1,1,0.999999999999968
1,1,0.9999999999999699
1,1,0.9999999999999699
1,1,0.9999999999999699
1,1,0.9940358984348681
1,1,0.9423351089777596
1,1,0.9999999940835019
1,1,0.9999999999999699
1,1,0.9999999999937675
1,1,0.8931426625223188
1,1,0.999999999999844
1,1,0.9999999999999699
1,1,0.9999999999999699
1,1,0.9999999999772126
1,1,0.9999999999990106
1,1,0.9999989880787694
1,1,0.9999999999999699
1,1,0.9999999999999699
1,1,0.999999999999902
1,1,0.999999867386062
1,1,0.9999991161451238
1,1,0.9999999999985403
1,1,0.9999999999877491
1,1,0.9999999911421995
1,1,0.9999999995729925
1,1,0.9999999999999699
1,1,0.9999999999999699
1,1,0.9610639132981826
1,1,0.9999999999999699
1,1,0.999999999991725
1,1,0.999999999851032
1,1,0.9999999999931556
1,1,0.9999999999998921
1,1,0.9999999999998749
1,1,0.9999999999986047
1,1,0.9999999998337648
1,1,0.9999999999999699
1,1,0.9999999999999518
1,1,0.9999999999999396
1,1,0.9999999999999699
1,1,0.9999999999998529
1,1,0.9999999878275881
1,1,0.9999999999999699
1,1,0.9944905153584737
1,1,0.9999999999999699
1,1,0.9999999999796685
1,1,0.9999999999990844
1,1,0.9999999999939875
1,1,0.9999999999999699
1,0,0.2454316653494073
1,1,0.9999999999999699
1,1,0.9999999977459224
1,1,0.9999999888840698
1,1,0.9999999978476475
1,1,0.9999999999999009
1,1,0.9999999972330098
1,0,0.0011758687659801626
1,1,0.999999999998742
1,1,0.9999999999921175
1,1,0.9999977803888389
1,1,0.9999999999999699
1,1,0.9999999999877588
1,1,0.9999999999999699
1,1,0.9999999999847314
1,1,0.9999999913908719
1,1,0.9999999982119168
1,1,0.9999999999999699
1,1,0.9999999999999699
1,1,0.9999945059601951
1,1,0.9999999999917414
1,1,0.9999999958280295
1,1,0.9999999999999699
1,1,0.9999999999999699
1,1,0.9999998752323643
1,1,0.9999999999999633
1,1,0.9999999999999699
1,1,0.9999999999999699
1,1,0.9999999999908016
1,1,0.9999999999999316
1,1,0.999999999997487
1,1,0.9999999999999699
1,1,0.9999999972225686
1,1,0.9999999873868886
1,1,0.9999931637613683
1,1,0.9999999992441901
1,1,0.9999991915013254
1,0,0.0007331436451079366
1,1,0.999999999999763
1,1,0.9999999999939293
1,1,0.9999999999850632
1,1,0.9999999999999699
1,1,0.9957867469029569
1,1,0.9999999990348082
1,1,0.9999999992355291
1,1,0.9999999998913573
1,1,0.9923797051380917
1,1,0.9999999773867642
1,1,0.9999999999918312
1,1,0.9999999999999699
1,1,0.9999999999999699
1,1,0.9999961577074062
1,1,0.999999999744212
1,1,0.9999999999999699
1,1,0.9999999999999699
1,1,0.9999999999999699
1,1,0.9437193613234546
1,1,0.9961088819376902
1,1,0.9999999999999699
1,1,0.999999999999611
1,1,0.9999999999998341
1,1,0.9999999999976139
1,1,0.9999999999999545
1,1,0.9999999999999699
1,1,0.9999999999997434
1,1,0.9999997240499547
1,1,0.9999999999999699
1,1,0.9999999999925212
1,1,0.7988532468179593
1,1,0.9999999999999699
1,1,0.999999999999931
1,1,0.9999999999906557
1,1,0.9999999999992939
1,1,0.9999999999999699
1,1,0.9999999907798125
1,1,0.9999999844334568
1,1,0.7151676354635438
1,1,0.9999999999990957
1,1,0.9999999998077399
1,1,0.9999999866277545
1,1,0.9999999999999699
1,1,0.9999999999999699
1,1,0.9999999981977935
1,1,0.9999999999999699
1,1,0.9999999999999246
1,1,0.9999999999999699
1,1,0.9999999999997464
1,1,0.9999999511291995
1,1,0.9999999914550907
1,1,0.9999999999998443
1,1,0.9999999999999699
1,1,0.9999999941922461
1,1,0.9999996468398171
1,1,0.9999999916255322
1,1,0.5862633620958658
1,1,0.9999999999999699
1,1,0.999999999978541
1,1,0.9999999999999699
1,1,0.9999999999999699
1,1,0.9999999998789367
1,1,0.986857703573387
1,1,0.9972010129081837
1,1,0.9999999999999699
1,1,0.9999999999999699
1,0,0.016209922266460283
1,1,0.9999999999908931
1,1,0.999999999999809
1,1,0.9999997134186873
1,1,0.9999999999117267
1,1,0.9999999999999699
1,1,0.9999999999999699
1,1,0.9999999999999638
1,0,0.5
1,1,0.9999999996465736
1,1,0.9999999534094637
1,1,0.9999974570763411
1,1,0.9999999932310738
1,1,0.9999999473866565
1,1,0.9999999999865173
1,1,0.9999999999999699
1,1,0.9999999999854775
1,1,0.9999999764641403
1,1,0.9999999952805775
1,1,0.9999999999999699
1,1,0.9999999998754111
1,1,0.999999999968121
1,1,0.9999999994542506
1,1,0.9999999999994119
1,1,0.9999999999999639
1,1,0.9999999999999699
1,1,0.9999999999999699
1,1,0.9880563443718212
1,1,0.9999999576844291
1,1,0.9999999999999699
1,0,0.10143361755937835
1,1,0.9999999999999699
1,1,0.9915833525630401
1,1,0.9999999999999699
1,1,0.9999999945453553
1,1,0.9999991150257337
1,1,0.9999999999998551
1,1,0.9999999999999699
1,1,0.9999999999999664
1,1,0.9999999999999699
1,1,0.75840013206419
1,1,0.9999999999999699
1,1,0.9999999999999699
1,1,0.9999999995813958
1,1,0.999999999999822
1,1,0.9999999999841974
1,1,0.9999999999999699
1,1,0.9999999999826682
1,1,0.9999999975984653
1,1,0.9999999380143754
1,1,0.9999999995722143
1,1,0.9999999999999523
1,1,0.999999221674487
1,1,0.9999978654111599
1,1,0.9999999865497835
1,1,0.9999999394568003
1,1,0.9999999999999699
1,1,0.999999999861738
1,1,0.9999999262097201
1,1,0.9999999999999699
1,1,0.7695263531595874
1,1,0.9999999992304592
1,1,0.9999999999897718
1,1,0.9999999999999261
1,1,0.9999999999999699
1,1,0.9999998176845118
1,1,0.9999999999972594
1,1,0.9999999999993492
1,1,0.9999999999925427
1,1,0.9999999999978602
1,1,0.9999999999999699
1,1,0.9999999802565644
1,1,0.9999999999570616
1,1,0.9999999923856141
1,1,0.9999999999999699
1,1,0.9999999366658331
1,1,0.9999989952192784
1,1,0.9999999997483475
1,1,0.9999999943850589
1,1,0.9999999999920806
1,1,0.9829100466120939
1,1,0.9398797662948015
1,1,0.9999999998076232
1,1,0.9999999890771886
1,1,0.9999999999992013
1,1,0.9999999999384916
1,1,0.9999999999999506
1,1,0.9999995349372398
1,1,0.999999999878576
1,1,0.9999999999542096
1,1,0.9999999999596104
1,1,0.9999999995191223
1,1,0.9999999999877718
1,1,0.9969824329512529
1,1,0.9999999999999699
1,1,0.999999999999007
1,1,0.9999999999912286
1,1,0.9999999999999699
1,1,0.9999999999999699
1,1,0.9999999999983907
1,1,0.9999999998840631
1,1,0.9999998717465276
1,1,0.9999999999872239
1,1,0.9805391631977454
1,1,0.9999999999966033
1,1,0.9999999999999699
1,1,0.9999999997723508
1,1,0.9999999992731459
1,1,0.9999999999990169
1,1,0.9999999999993294
1,1,0.9999999999961179
1,1,0.9999999999999699
1,1,0.9999999999999699
1,1,0.9999999999732627
1,1,0.9999999999999699
1,1,0.9967146462279144
1,1,0.9999999999999218
1,1,0.9999999976079598
1,1,0.9999999999999699
1,1,0.9407259617653958
1,1,0.9999999999999699
1,1,0.9999998841822471
1,1,0.9999999995011889
1,1,0.9999999999551633
1,1,0.9999999918067283
1,1,0.9999999999994734
1,1,0.9999999999999699
1,1,0.9999999999977809
1,1,0.9999999799387261
1,1,0.9999999999999699
1,1,0.9999999660650701
1,1,0.999999999644582
1,1,0.9999999999866184
1,1,0.9999999999999699
1,1,0.9999999999999069
1,1,0.9999999999999699
1,1,0.9999999998838712
1,1,0.9999999999997956
1,1,0.9999999999999699
1,1,0.9999999965254825
1,1,0.9999999966675915
1,1,0.9999999998939886
1,1,0.999999396330089
1,1,0.9999999999997862
1,1,0.9999999999939576
1,1,0.9999999999967029
1,1,0.9999999986539427
1,1,0.9999999941784306
1,1,0.9999999999680191
1,1,0.9999999728328046
1,1,0.9999999999998167
1,1,0.9999999999999699
1,1,0.9999999999999317
1,1,0.9999999159158859
1,1,0.9999996596915821
1,1,0.9999999999999699
1,1,0.9999999998676565
1,1,0.9999999999547063
1,1,0.9999999999999699
1,1,0.9999999999999699
1,1,0.9476392744935839
1,1,0.9999999999502749
1,1,0.9999999999964468
1,1,0.9999999600611139
1,1,0.9999999999228648
1,1,0.9999994172307991
1,1,0.9999999909333877
1,1,0.9999999999976208
1,1,0.8154292306456337
1,1,0.9999999986057229
1,1,0.999999999386682
1,1,0.9999999997724189
1,1,0.9999999957237693
1,1,0.9951495002536441
1,1,0.9999999999999083
1,1,0.999994426662554
1,1,0.9999999727172965
1,1,0.9999999999999699
1,1,0.9999999999999375
1,1,0.999999999889655
1,1,0.9999999999999699
1,1,0.999999999999071
1,1,0.9999998834718244
1,1,0.999989975903033
1,1,0.9999999999999699
1,1,0.9999999672578157
1,1,0.9999999998380349
1,1,0.9999999980614567
1,1,0.9999999999999699
1,1,0.9999999901445866
1,1,0.9999999999967214
1,1,0.9999999999976823
1,1,0.9999999999999699
1,1,0.9999999999999266
1,1,0.9999999983462754
1,1,0.9999999984295005
1,1,0.9999954866101456
1,1,0.9999999999999699
1,1,0.9999999999999699
1,1,0.9999999999902477
1,0,0.03779100288645815
1,1,0.9967800004782574
1,1,0.999999999939826
1,1,0.9999990638086649
1,1,0.9999998601177125
1,1,0.7117240109043924
1,1,0.9924616189629909
1,1,0.9999999999997933
1,1,0.9999999999762116
1,1,0.9890737706112591
1,1,0.9999999999999699
1,1,0.9999999999996315
1,1,0.9999996861842378
1,1,0.9999999999993892
1,1,0.9999999999055847
1,1,0.9999999997338789
1,1,0.9999999999999699
1,1,0.9999999999999273
1,1,0.9999999999999699
1,1,0.9999999999999699
1,1,0.9624014382764663
1,1,0.9999999999999699
1,1,0.9999988712754289
1,0,0.04228227988290349
1,1,0.9999999999999699
1,1,0.9999999999998942
1,1,0.9999999999999699
1,1,0.99999999991716
1,1,0.9999999999998718
1,1,0.9999999999987884
1,1,0.9999999999999689
1,0,0.014693329682159322
1,1,0.9999999999999699
1,1,0.9999999999635951
1,1,0.9999999991404243
1,1,0.9999999999999699
1,1,0.9999999999999699
1,1,0.9999999992557398
1,1,0.9831752427031153
1,1,0.9999999869394899
1,1,0.9999999744837337
1,1,0.9999999988283356
1,1,0.9999999999997788
1,1,0.9999999999997895
1,1,0.9999999999999699
1,1,0.9999999999891267
1,1,0.9999999999999699
1,0,0.0003786884632602918
1,1,0.999999999991461
1,1,0.9999999999999699
1,1,0.9999999999999699
1,1,0.999999943094634
1,1,0.999999999999905
1,1,0.9999999947838427
1,1,0.9999999999998088
1,1,0.9999999999990329
1,1,0.9999999976523035
1,1,0.9999999999999699
1,1,0.9999999956355003
1,1,0.9999999999988793
1,1,0.9894144596536294
1,1,0.9999999999735197
1,1,0.9999999588747566
1,1,0.9999999959158816
1,1,0.9999999999999699
1,1,0.9633030683595649
1,1,0.9999999999999699
1,1,0.9999999999999699
1,1,0.647585620447957
1,1,0.999999999999664
1,1,0.9999999995982685
1,1,0.9999999999999031
1,1,0.999999999999753
1,1,0.9999997830864142
1,1,0.9999999999999699
1,1,0.9999999999986204
1,1,0.9999999988680692
1,1,0.9999999999977502
1,1,0.9999985382770551
1,1,0.9553725635210631
1,1,0.9999999996146659
1,1,0.9999999999999699
1,1,0.9999999999999699
1,1,0.9999999999947295
1,1,0.9967651108659829
1,1,0.9999999999999699
1,1,0.999999995270777
1,1,0.9999959465079561
1,1,0.9999999999980769
1,1,0.9999999999908238
1,1,0.9999999999999699
1,1,0.9999998814308007
1,1,0.9999999999872714
1,1,0.9999999999997983
1,1,0.9999999999999699
1,1,0.9999986112594056
1,1,0.9999999999999699
1,1,0.9953708812218716
1,1,0.9999999999974714
1,1,0.9999999999800154
1,1,0.9999999999995168
1,1,0.9999999999999699
1,1,0.9999999996016111
1,1,0.9999999999999699
1,1,0.999999999998948
1,1,0.9999999999999699
1,1,0.9999999999999699
1,1,0.9955375751565254
1,1,0.9999999999999699
1,1,0.999999999989839
1,1,0.9999999999999699
1,1,0.9999999999999699
1,1,0.9999999477725781
1,1,0.9999999999999699
1,1,0.9999999990754137
1,1,0.9999999999999699
1,0,0.4511097096501824
1,1,0.9999999999999699
1,1,0.9999999999999699
1,1,0.9925012323737067
1,1,0.9999962927027524
1,1,0.9999999999338132
1,1,0.99999999987504
1,1,0.9999998404245588
1,1,0.9999999999999699
1,1,0.999998747997761
1,1,0.999999999887242
1,1,0.9999999993117116
1,1,0.9999993314828548
1,1,0.9773251947461911
1,1,0.9999999999999699
1,1,0.9999999999627766
1,1,0.9999999996375852
1,1,0.9999999999950612
1,1,0.9999999999999699
1,1,0.9999999996721214
1,1,0.9999999999999699
1,1,0.999999999937304
1,1,0.99999999843125
1,1,0.9999999999930326
1,1,0.9037947345566382
1,1,0.9999999999999699
1,1,0.9999999979953589
1,1,0.9999999701857384
1,1,0.9999999999999699
1,1,0.9592849978328101
1,1,0.9999985527549737
1,1,0.9999999895368283
1,1,0.9999999999999699
1,1,0.9999999999999699
1,1,0.999999999931367
1,1,0.9999999999999699
1,1,0.9999999999260782
1,1,0.9999998871302983
1,1,0.9999999999469813
1,1,0.9999999989948746
1,1,0.9999999999995852
1,1,0.9947816557391197
1,1,0.9999999973253348
1,1,0.9999999995280252
1,1,0.999999991760561
1,1,0.9999999999999699
1,1,0.9999997947695648
1,1,0.9999996440716703
1,1,0.9999986643254449
1,1,0.9999999999999077
1,1,0.9999999508694433
1,1,0.9999999999999699
1,1,0.9999999999999699
1,1,0.999999963437613
1,1,0.9999999719055926
1,1,0.9999995884054484
1,1,0.949539583564417
1,1,0.999999999994288
1,1,0.99999999993046
1,0,0.015327700026585447
1,1,0.9999881421802181
1,1,0.9999999999999699
1,1,0.9999999999999699
1,1,0.9999999999999699
1,1,0.9999995957293665
1,1,0.9999999999999699
1,1,0.9999999999999699
1,1,0.9999999999999699
1,1,0.9999996211776238
1,1,0.9999999989341362
1,1,0.9999999999974868
1,1,0.9999999999999699
1,1,0.7241804539793997
1,1,0.9999999999999699
1,1,0.9999999968668603
1,1,0.9999999999996209
1,1,0.999999958795892
1,1,0.9999999999996745
1,1,0.9999999999999699
1,1,0.9999999779131145
1,1,0.873632433180073
1,1,0.9999999975517064
1,1,0.9999999897597902
1,1,0.9999999999999699
1,1,0.9999999997756553
1,1,0.9999999999999699
1,1,0.9999999999999699
1,1,0.9999999998930528
1,1,0.9999998641588274
1,1,0.9999999999999688
1,1,0.9999999998618585
1,1,0.9999999999992841
1,1,0.9999994659186913
1,1,0.9999999999994825
1,1,0.9999999890496155
1,1,0.9999999999999232
1,1,0.999999853321081
1,1,0.9999999999991035
1,1,0.9999996042985646
1,1,0.9999999999999699
1,1,0.9999999999999699
1,1,0.9999999999997992
1,1,0.9999999998944686
1,1,0.9999999974816592
1,1,0.9999999999974021
1,1,0.9999999999999699
1,1,0.9972641099382251
1,1,0.9999999304571467
1,1,0.9999998402713418
1,1,0.9999999765701737
1,1,0.9999999999999093
1,1,0.999999999998553
1,1,0.9999999999997068
1,1,0.9948213151894091
1,1,0.9999999964583712
1,1,0.9999999997262058
1,1,0.9999999999922832
1,1,0.9999946491394599
1,1,0.9999999999982294
1,1,0.9999999999683028
1,1,0.9999999999999605
1,1,0.9999999999583807
1,1,0.9999999999875463
1,1,0.9999999999923588
1,1,0.9999999999999699
1,1,0.9999999999999699
1,1,0.9999999999999699
1,1,0.9999999999999699
1,1,0.9999999999999699
1,1,0.999999999780954
1,1,0.9999999999950185
1,1,0.9999999999999699
1,1,0.7171419289525094
1,1,0.9999999078985808
1,1,0.9999999996836879
1,1,0.9999999999957315
1,0,0.22166925539800372
1,1,0.9999999999999699
1,1,0.9999999999999699
1,1,0.9999999999999699
1,1,0.9999999444488218
1,1,0.9999999999999699
1,1,0.999999283517286
1,1,0.9999998878281126
1,1,0.9999999945435896
1,1,0.9999999999983823
1,1,0.9860766624406567
1,1,0.9999999999999586
1,1,0.9999999999999699
1,1,0.9999999996249068
1,1,0.9999999809625465
1,1,0.9999999999999699
1,1,0.9999999949769915
1,1,0.9999999993556553
1,1,0.9999999997049855
1,1,0.9999999999977575
1,1,0.9999999999716693
1,1,0.9999999998661175
1,1,0.7313431396334937
1,1,0.9999999999928677
1,1,0.9999953783459208
1,1,0.9999999999941667
1,1,0.9999981437132472
1,1,0.9999999999999699
1,0,0.002389758564083451
1,1,0.9999999999856023
1,1,0.9999999998363376
1,1,0.9999999999955084
1,1,0.9999999999997595
1,1,0.999999999767855
1,1,0.9999999999993814
1,1,0.9999999995676547
1,1,0.9999999999999699
1,1,0.9999999999999699
1,1,0.9875539582453454
1,1,0.9999999998693646
1,1,0.9999999999999699
1,1,0.9999999999997796
1,1,0.9999999999999699
1,1,0.9999999999999699
1,0,0.43398856693447174
1,1,0.999999912271256
1,1,0.979553247145797
1,1,0.9999999999999699
1,1,0.9999999997914969
1,1,0.9999999999267887
1,1,0.9999999964706623
1,1,0.9999999998883657
1,1,0.9999999999999699
1,1,0.9952707877551348
1,1,0.9999999999999699
1,1,0.9999999481295537
1,1,0.9999999999940059
1,1,0.9999999999087993
1,1,0.9999999999993412
1,1,0.9999999999999699
1,1,0.9999999999294549
1,1,0.8367028431679926
1,1,0.9999999999999699
1,1,0.9999999999999414
1,1,0.9999999999999699
1,1,0.999999978168682
1,1,0.9999999999987398
1,1,0.9538652124609688
1,1,0.9999999999973632
1,1,0.99999999969488
1,1,0.9999996490395777
1,1,0.9999999999959449
1,1,0.9999999999936224
1,1,0.9546483200115781
1,1,0.999999996783411
1,1,0.9999999999999699
1,1,0.9999988999371012
1,1,0.9999998596562326
1,1,0.9999999894976092
1,1,0.9999845617445585
1,1,0.9999999886289004
1,1,0.9999999999999699
1,1,0.9999999999999699
1,1,0.9999999995521532
1,1,0.9999988424225594
1,1,0.9999888542351523
1,1,0.9999997891491452
1,1,0.9999987654808654
1,1,0.99999999999995
1,1,0.9999999978332389
1,1,0.9999947175382511
1,1,0.9999999999999699
1,1,0.9999999999999699
1,1,0.9999999996828891
1,1,0.9999999992245944
1,1,0.9999999999999699
1,1,0.999999972794705
1,1,0.9999999998259499
1,0,0.07093199281076293
1,1,0.999999999999412
1,1,0.9999999999604684
1,1,0.9999992810578091
1,1,0.9999999994031775
1,1,0.9999999999539201
1,1,0.9999999999999699
1,1,0.996295265385343
1,1,0.9999999999988406
1,1,0.9999999999999699
1,1,0.9999999999999699
1,1,0.9999999999999699
1,1,0.9999958214201943
1,1,0.9999999999999699
1,0,0.051179406969821095
1,1,0.9999999999999699
1,1,0.9999999999999699
1,1,0.9999999999883825
1,1,0.999999999968808
1,1,0.6739054203864747
1,1,0.9999999999999699
1,1,0.9999999999967298
1,1,0.9999999999999699
1,1,0.9999999999999699
1,1,0.9999999999981452
1,1,0.9999999975301442
1,1,0.9999999999997663
1,1,0.9999999668767526
1,1,0.9999999994428767
1,1,0.9999999965015677
1,1,0.9999990946649393
1,1,0.9999999999999699
1,1,0.9999999997276011
1,1,0.9999999999999699
1,1,0.9999999998558351
1,1,0.9999999758043956
1,1,0.999999744737871
1,1,0.9999826847509528
1,1,0.9999999999999699
1,1,0.9999999999970487
1,1,0.9999999999071469
1,1,0.9959975948338191
1,1,0.999999999999004
1,1,0.9999999999993954
1,1,0.9999999999966664
1,1,0.9999999997703061
1,1,0.9999999990420869
1,1,0.9999999999999699
1,1,0.9999999999999699
1,1,0.999999999999144
1,1,0.9870693533488123
1,1,0.9999999999999699
1,1,0.9999999999999699
1,1,0.9999999996252978
1,1,0.99999999999777
1,1,0.9999999999995496
1,1,0.6001455222309368
1,1,0.9999999999563713
1,1,0.9999845027180305
1,1,0.9999999637962014
1,1,0.9999999999999699
1,1,0.9999999999904264
1,1,0.999999999997677
1,1,0.9999999999992154
1,1,0.9999999999999699
1,1,0.9999999999967951
1,1,0.9999999980642924
1,1,0.9999999999983967
1,1,0.9999999999994941
1,1,0.9999838993943224
1,1,0.9999999999999699
1,1,0.9999999997849046
1,1,0.9999998987323261
1,1,0.9999999999983841
1,1,0.9999959066285159
1,1,0.9999999999999699
1,1,0.9999999999999699
1,1,0.9999917306208501
1,1,0.9999999999999699
1,1,0.9999999993054562
1,1,0.9050240645901708
1,0,0.1978789231014623
1,1,0.9999999510473363
1,1,0.9999999975147326
1,1,0.9999999999996846
1,1,0.9571944417788663
1,1,0.9999999999999699
1,1,0.9999999999974789
1,1,0.9999999999998248
1,1,0.9999999999999699
1,1,0.9952850625143089
1,1,0.9999999972525497
1,1,0.9999999857862913
1,1,0.9999999999999699
1,1,0.9999999999989654
1,1,0.9999999999998761
1,1,0.9999999969359792
1,1,0.999999997636093
1,1,0.9999999823176426
1,1,0.9999999999966188
1,1,0.9999999999999699
1,1,0.9999999999700813
1,1,0.9999999952564643
1,1,0.9999999988873752
1,1,0.9999999973382867
1,1,0.999999999977667
1,1,0.9999995268489993
1,1,0.9999999999999699
1,1,0.9999999513682765
1,1,0.9999998762911968
1,1,0.9999999998763589
1,1,0.9999999999999699
1,1,0.9999999999999699
1,1,0.9999998096744938
1,1,0.9999901482581097
1,1,0.9999999999650039
1,1,0.9999999999998417
1,1,0.9999999967854749
1,1,0.9999999999999699
1,1,0.9999999999999699
1,1,0.9999999999999699
1,1,0.9999999999993008
1,1,0.9999999999999699
1,1,0.9999999999973355
1,1,0.9999999999886103
1,1,0.9999999999999699
1,1,0.9999999999440528
1,1,0.9999999998296628
1,1,0.9999999999999699
1,1,0.9999999999994831
1,1,0.9999999981550662
1,1,0.9999999998622157
1,1,0.9999999942781144
1,1,0.9999999999999699
1,1,0.9999999999999699
1,1,0.9999999984454568
1,1,0.9999999983191568
1,1,0.9999999999962529
1,1,0.9999999999903343
1,1,0.9999999999999651
1,1,0.999999999941341
1,1,0.9999999999992497
1,1,0.999997039871179
1,1,0.9999999999997203
1,1,0.9999999999999699
1,1,0.9999999999999699
1,1,0.9999999999426534
1,1,0.9999999999850091
1,1,0.9999999999999699
1,1,0.9999999999999699
1,1,0.9999999999999699
1,1,0.999999993212251
1,1,0.9999999999962333
1,1,0.9999999999806677
1,1,0.999999999985754
1,1,0.999999999997965
1,1,0.8616264198393296
1,1,0.99999999999843
1,1,0.9999999999999699
1,1,0.9999999999999699
1,1,0.999999999999869
1,1,0.9999999999716067
1,1,0.9999999999999699
1,0,0.40196357679814226
1,1,0.9999999999999699
1,1,0.9999999996731863
1,1,0.9999999999999699
1,1,0.9999999930744138
1,1,0.9999999999999699
1,1,0.9999999997671836
1,1,0.9999999998025305
1,1,0.9999999999999699
1,1,0.5882441297791258
1,1,0.9999999999999699
1,1,0.9999999991302578
1,1,0.99999999999954
1,1,0.9999999975037741
1,1,0.9999999999999699
1,1,0.9999999999999699
1,1,0.9999999999999699
1,1,0.9999999996937754
1,0,0.007506633237258918
1,1,0.9999988915773542
1,1,0.9999999996992054
1,1,0.9999999999999699
1,1,0.9999999999742741
1,1,0.9999999999999699
1,1,0.9999999999999699
1,1,0.9999999999973368
1,1,0.9999999999999699
1,1,0.9999999999999699
1,1,0.9999998483945329
1,1,0.9999999979352613
1,0,0.5
1,1,0.9999999999999699
1,1,0.9999999997606313
1,1,0.9999999993400729
1,1,0.9999999999999699
1,1,0.9999999426031508
1,1,0.9999999999999699
1,1,0.9999999999938806
1,1,0.9999999999999699
1,1,0.9999999995408795
1,1,0.9999999999551101
1,1,0.9999999982896254
1,1,0.9999999999999699
1,1,0.9999999701419359
1,1,0.9999991721150756
1,1,0.999998787068363
1,1,0.9999999998012336
1,1,0.9999999999999699
1,1,0.9999999941181538
1,1,0.9999999995797266
1,1,0.9999999966223978
1,1,0.9999999912555156
1,1,0.9999999999999699
1,1,0.9999999911253104
1,1,0.9999999999965661
1,1,0.99999995268579
1,1,0.9999999985558405
1,1,0.9999999999999458
1,1,0.9999999999968224
1,1,0.9999999999820419
1,1,0.9999999989955876
1,1,0.9999999999154745
1,1,0.9735393913411917
1,1,0.9999999951449049
1,1,0.9999999999992881
1,1,0.9961626125848023
1,1,0.9999999996057914
1,1,0.999999652408873
1,1,0.9999999999936584
1,1,0.9999999999999699
1,1,0.9999999417099913
1,1,0.9999999999770837
1,1,0.92696754872158
1,1,0.9999999616268807
1,1,0.9999999999999699
1,1,0.9999999999990427
1,1,0.9999999999999699
1,1,0.9999999999997157
1,0,0.051804475271446236
1,1,0.9999999968776343
1,0,8.424170342348509e-06
1,1,0.999999999998795
1,1,0.9999995880550108
1,1,0.9999999999999699
1,1,0.9999999999999699
1,1,0.9999999872371135
1,1,0.9999999999954966
1,1,0.9999999673651078
1,1,0.9999999999999699
1,1,0.9999999999768874
1,1,0.9999999999732138
1,1,0.9999999999998159
1,1,0.999999999090379
1,1,0.999999999982569
1,1,0.9999999999999699
1,1,0.9999999602376674
1,1,0.9999999981431936
1,1,0.9999999999999404
1,1,0.9999999999999699
1,1,0.9999983914268852
1,1,0.9999999999999699
1,1,0.9999999999963871
1,1,0.7541072419372505
1,1,0.9999999999999699
1,0,0.23344751486979243
1,1,0.9999999999999699
1,1,0.9999999999998959
1,1,0.9999999999999699
1,1,0.9999999999885619
1,1,0.9999999954334955
1,1,0.9999999999834791
1,1,0.9999999999999699
1,1,0.9999999999999699
1,1,0.9999999999999699
1,1,0.9999999998264636
1,1,0.9999999999876904
1,1,0.9999999999999699
1,1,0.9999999999999699
1,1,0.9999999999999699
1,1,0.9999999999997438
1,0,0.0027034053249577446
1,1,0.9999999999999699
1,1,0.9999999999999699
1,1,0.9999999999422117
1,1,0.9999999999991623
1,1,0.9999999999999077
1,1,0.9999999999999283
1,1,0.9999999999999699
1,1,0.9999999999999699
1,1,0.9999999999366025
1,1,0.999999981630934
1,1,0.9999999999700829
1,1,0.9999999962081868
1,0,0.03733100443613668
1,1,0.999999999975314
1,1,0.999999995005166
1,1,0.9999999995984359
1,1,0.9999997019226542
1,1,0.9999999999984522
1,1,0.9999999999999699
1,1,0.9999999999992488
1,1,0.9999999999999699
1,1,0.9999999999999699
1,1,0.9999999999999699
1,1,0.9999999998543662
1,1,0.9999999999999699
1,1,0.9969312562992688
1,1,0.9999986321845407
1,1,0.999999999992649
1,1,0.9999999999999699
1,1,0.9999999967136285
1,1,0.9999999100620599
1,1,0.9999999999999699
1,1,0.9999999734848626
1,1,0.9999999973082081
1,1,0.9999999982450848
1,1,0.9999999998157989
1,1,0.9999999986772957
1,1,0.9964695103403206
1,1,0.9999999999940591
1,1,0.9999999996834533
1,1,0.9999999985957834
1,1,0.9999999999999699
1,1,0.997407831527782
1,1,0.9999999996683543
1,1,0.9999999999999699
1,1,0.9999999999999699
1,1,0.9999999999999699
1,1,0.9999999999999571
1,1,0.9999999999955672
1,1,0.9999999999990438
1,1,0.9999999999999699
1,1,0.9999999999999535
1,1,0.9999999999382199
1,1,0.9926971104200356
1,1,0.9999999999999699
1,1,0.9999999999718555
1,1,0.9999999999999699
1,1,0.9999999999999699
1,1,0.9999999934236058
1,1,0.9999999999993695
1,1,0.9999999999999699
1,1,0.9478337306822917
1,1,0.9999981016944791
1,1,0.9999999999999699
1,1,0.9999999999691569
1,1,0.9999999999592927
1,1,0.9999999986691637
1,1,0.9999999999999699
1,1,0.9999999999244875
1,1,0.9999999999999699
1,1,0.9999999999999024
1,1,0.9999999999348871
1,1,0.9999999998278843
1,1,0.9999999999999699
1,1,0.9999890240504499
1,1,0.9999999999997379
1,1,0.9999999999604283
1,1,0.996607584814462
1,1,0.999999999971092
1,1,0.9999999999999376
1,1,0.9999999990770223
1,1,0.9999999999995618
1,1,0.9999999999999699
1,1,0.9999830598656018
1,1,0.9999999998860916
1,1,0.9999999999833096
1,1,0.9999999999917132
1,1,0.9999999999975707
1,1,0.9999999999999047
1,1,0.9999999966301508
1,1,0.9999999999999699
1,1,0.999999999997651
1,1,0.9999999999999699
1,1,0.9999999999999699
1,1,0.9999999999999699
1,1,0.9999999999993922
1,1,0.9830190966328286
1,1,0.9999999996632448
1,1,0.9999999999999699
1,1,0.9845106021128766
1,1,0.9999999999999699
1,1,0.9999999998511077
1,1,0.9999999997267547
1,1,0.9999999999994669
1,1,0.9999999999999699
1,1,0.9999999999996624
1,1,0.9999999808998095
1,1,0.9999999994068766
1,1,0.9999999999557281
1,1,0.9999999999913067
1,1,0.9999999973866747
1,1,0.9999971468731957
1,1,0.9999999999980381
1,1,0.7939831535797761
1,1,0.9999999998734851
1,1,0.8537043563698806
1,1,0.9999999999973956
1,1,0.9999999999999699
1,1,0.9999999999999699
1,0,0.022860763236326638
1,1,0.9999999999999699
1,1,0.9999999999999699
1,1,0.9999999351753622
1,1,0.9999999999999699
1,1,0.9999999950670011
1,1,0.9999999999999699
1,1,0.9999999999999699
1,1,0.9999999999967619
1,1,0.9999999535063527
1,1,0.9529190795883126
1,1,0.9999854722401029
1,1,0.9999999999999699
1,1,0.9999999999999699
1,1,0.9999999999992454
1,1,0.9283055791859092
1,1,0.9999998807062584
1,1,0.9999999999999699
1,1,0.9999999983690779
1,1,0.9999999999995847
1,1,0.9999999999938657
1,1,0.9999999999995971
1,1,0.9999999986563887
1,1,0.9999999999905367
1,1,0.9999996574676062
1,1,0.9999999999999699
1,1,0.9999999999999699
1,1,0.9999991555668933
1,1,0.9999968556094286
1,1,0.9999999999999699
1,0,0.07616963762065074
1,1,0.8960093476824513
1,1,0.9999999999998666
1,1,0.9999999999999699
1,1,0.9999999999999699
1,1,0.9999999999999699
1,1,0.9999988160697035
1,1,0.9999905327976515
1,1,0.9999999983981843
1,1,0.9999999999999699
1,1,0.999999971503033
1,1,0.9999999999999367
1,0,0.06563235187180703
1,1,0.9999999291278062
1,1,0.9999999999928756
1,1,0.9999999999999699
1,1,0.9999999999995122
1,1,0.8708256856042168
1,1,0.9999999985459165
1,1,0.9999999999999699
1,1,0.9999999999999699
1,1,0.9999999999999699
1,1,0.9999995666676366
1,1,0.9999999999998751
1,1,0.999999998456079
1,1,0.9999999999840338
1,1,0.9999999999999506
1,1,0.9999999999951824
1,1,0.9999999999606548
1,1,0.9999926359230589
1,1,0.9999999910267139
1,1,0.9999999999999583
1,1,0.9999999999999699
1,1,0.9999996416482277
1,1,0.999999999770354
1,1,0.9999999934926831
1,1,0.9999999999999699
1,1,0.9999999998691678
1,1,0.9999999999204063
1,0,0.06176724103810905
1,1,0.9999999981658091
1,1,0.9999999999999436
1,1,0.9999999873654943
1,1,0.9999999999383148
1,1,0.9898524199947497
1,1,0.9999999999999699
1,1,0.9999999988535899
1,1,0.9999999999997805
1,1,0.9999999997362455
1,1,0.9999999999600238
1,1,0.9999999999999699
1,1,0.9999999999999699
1,1,0.9911612480776943
1,1,0.9999999999999699
1,1,0.9999991528072266
1,1,0.9999999999998246
1,0,0.0008258663590742259
1,1,0.9999999999997935
1,1,0.9999999999999699
1,1,0.9999999996470552
1,1,0.9999999999999699
1,1,0.9999999999988074
1,1,0.9999999994918691
1,1,0.9999999953928499
1,1,0.9999999999998113
1,1,0.9999999999999699
1,1,0.9999999999555195
1,1,0.9999999999770207
1,1,0.9999999999999699
1,1,0.9999999999999699
1,1,0.9999999999999699
1,1,0.9999999998215566
1,1,0.9999984382748078
1,1,0.9999999663864068
1,1,0.9999999999999699
1,1,0.999999959348259
1,1,0.9999918642227495
1,1,0.999999998749033
1,1,0.9280844475833726
1,1,0.9999999999999699
1,1,0.999999999649926
1,1,0.9972232255759864
1,1,0.9999999999999699
1,1,0.9999999999782762
1,1,0.9999999999998673
1,1,0.7910500556647336
1,1,0.9999999999999699
1,1,0.9999999994790243
1,1,0.9999999999999613
1,1,0.9999999999999094
1,1,0.9970622412224005
1,1,0.9999990279506153
1,1,0.9999999999999699
1,1,0.9864381679188575
1,1,0.9797703302559474
1,0,0.003654098211436508
1,1,0.9999999999999699
1,1,0.9999999999999699
1,1,0.9999999999528778
1,1,0.9999999989696581
1,1,0.9999998827320183
1,1,0.9999999999999699
1,1,0.9999999997336253
1,1,0.9999999999492831
1,1,0.9999999999999699
1,1,0.9999999334432762
1,1,0.9999981191453595
1,1,0.9999999999856202
1,1,0.9999999999999699
1,1,0.9999999999999699
1,1,0.9999999999797019
1,1,0.9999999999999699
1,1,0.9999999999999699
1,1,0.9999818412489933
1,1,0.9999999999999699
1,1,0.9999999982414234
1,1,0.9999999999981709
1,1,0.9248433075268179
1,0,0.23014826032766486
1,1,0.9999999999452441
1,1,0.9999999999871038
1,1,0.9999999999981002
1,1,0.9929818881124304
1,1,0.9999983807668562
1,1,0.9999938315167368
1,1,0.9999999999999699
1,1,0.9999999999999523
1,1,0.9999999991050343
1,1,0.9999999999999699
1,1,0.9999999999999596
1,1,0.9999993220339037
1,1,0.9999999999504361
1,0,0.07502722907392854
1,1,0.9999999999999699
1,1,0.999999999992084
1,1,0.9999999999998829
1,1,0.9999999992873498
1,1,0.9999920487865516
1,1,0.9999999999999699
1,1,0.9999999999999699
1,1,0.992504261637442
1,1,0.9999999999999699
1,1,0.9999999997343151
1,1,0.9999876117677811
1,1,0.9999999890529797
1,0,2.2274709712016943e-06
1,1,0.9999999999127113
1,1,0.9999999999999699
1,1,0.9999999999988373
1,1,0.9999999979015283
1,1,0.9999999999054742
1,1,0.9999999999294874
1,1,0.9999999999985671
1,1,0.999999999836904
1,1,0.999999999991085
1,1,0.9999999999999699
1,1,0.9999999999999699
1,0,0.34884149300396405
1,1,0.9999999982436667
1,1,0.9999999999999699
1,1,0.9999999999999699
1,1,0.9999999999999699
1,1,0.9999999999999699
1,1,0.9923374153096578
1,1,0.9999999999999699
1,0,0.00017951131228421404
1,1,0.9999999999999625
1,1,0.9999999963428468
1,1,0.9956603063850634
1,1,0.9999999999999699
1,1,0.9999999855850253
1,1,0.9031548814539815
1,1,0.9999999983490142
1,1,0.9999999457363091
1,1,0.9999999790914379
1,1,0.9999999999999699
1,1,0.9199274753990049
1,1,0.993321305643501
1,1,0.9999999991681425
1,1,0.9999999999998982
1,1,0.9999999999999665
1,1,0.999999999999724
1,1,0.9999999999995308
1,1,0.999999997966752
1,1,0.9999999999999699
1,1,0.9999988362879488
1,1,0.9999999999999699
1,1,0.9999999020913543
1,1,0.9999999999999699
1,1,0.999999976884992
1,1,0.993602417131048
1,1,0.9999999999999118
1,1,0.9999999999999699
1,1,0.9999999995843492
1,1,0.9999992070695459
1,1,0.9999999997997112
1,1,0.999999999914265
1,1,0.9999999999286776
1,1,0.9999999999999699
1,1,0.9999999999999699
1,1,0.9999999999999699
1,1,0.999999999939328
1,1,0.9999999999999699
1,1,0.9999999665902695
1,1,0.9999999999999699
1,1,0.9999999999999699
1,1,0.999999999976504
1,1,0.9999999999953629
1,1,0.9999999945897864
1,1,0.9999999999417727
1,1,0.9999999999999699
1,1,0.9999999995327857
1,1,0.9999999999999699
1,1,0.9999999999709028
1,1,0.9593022649350255
1,1,0.9999999999966436
1,1,0.9999985600648078
1,1,0.9999999999955705
1,1,0.9999999999812419
1,1,0.9999999999873578
1,1,0.9999999917071445
1,1,0.9999999999999699
1,1,0.9999999999999699
1,1,0.9999999999969228
1,1,0.9999999999933478
1,1,0.9999999999995943
1,1,0.9999999996660506
1,1,0.9999999999999699
1,1,0.9999999999999699
1,1,0.9999999999497544
1,1,0.8279559484882559
1,1,0.9999999999999699
1,1,0.9999999999999699
1,1,0.9999990759222083
1,1,0.9999999999572214
1,1,0.5987718570025177
1,1,0.9999999999999223
1,1,0.99999999996194
1,1,0.9999999999997192
1,1,0.9999999999792192
1,1,0.9999999999998795
1,1,0.9999964599518388
1,1,0.9999999997579422
1,1,0.9999999999592758
1,1,0.9904890325902204
1,1,0.9999999997565455
1,1,0.9999999999999699
1,1,0.9999999999988703
1,1,0.9999999999986552
1,1,0.9999999999995188
1,1,0.9999999999999699
1,1,0.9999999999999699
1,1,0.9999999999999699
1,1,0.9999999998697298
1,0,0.5
1,1,0.9999999989932423
1,1,0.9999995842372762
1,1,0.9999999999821354
1,1,0.9999999998478415
1,1,0.9999999995498353
1,1,0.9684139390233065
1,1,0.999999999994111
1,1,0.9999999994400397
1,1,0.9999999999999699
1,1,0.9999999942945902
1,1,0.9999999999999089
1,1,0.9999999959990972
1,1,0.9999992459752338
1,1,0.9999999999999173
1,1,0.999999999998985
1,1,0.9999893187666998
1,1,0.9999999999999699
1,1,0.9999999999999699
1,1,0.9999999999999699
1,1,0.9999999995425564
1,1,0.9999999637907563
1,1,0.9999999999999699
1,1,0.999999614684004
1,1,0.9999999999999629
1,1,0.9999999999989306
1,1,0.9999992187800775
1,1,0.9999999999999699
1,1,0.9999999999999699
1,1,0.9999999999998654
1,1,0.9999999999999699
1,1,0.9999999999957238
1,1,0.9999999999540101
1,1,0.9999999999998787
1,1,0.9999999132935766
1,1,0.9999999962601357
1,1,0.9999999999999699
1,0,0.0022503484748195805
1,1,0.9999981482745975
1,1,0.9999999997170225
1,1,0.9999999999940142
1,1,0.9999999103136014
1,1,0.9999999999844162
1,1,0.9999999973551815
1,1,0.9999999999999699
1,0,0.2066076179486641
1,1,0.9999999999999699
1,1,0.9973124260819702
1,1,0.9999999998682547
1,1,0.9999999999999699
1,1,0.9999999999974746
1,1,0.9999999999999699
1,1,0.9928079837580873
1,1,0.9999999999999395
1,1,0.9999999999999699
1,1,0.9999999999946939
1,1,0.9999909160894256
1,1,0.9999999999323073
1,1,0.9999999999972151
1,1,0.999999999981587
1,1,0.9999999999502749
1,1,0.9999999999998251
1,1,0.9969708147533676
1,1,0.9999999999976625
1,1,0.9999999801838501
1,1,0.9999999985366829
1,1,0.9999999999954519
1,1,0.9999999999999699
1,1,0.9999999999846263
1,1,0.9999999999871366
1,1,0.9999999993790927
1,1,0.9999999999999699
1,1,0.9999999643644911
1,1,0.9999999999938851
1,1,0.9999999999999699
1,1,0.9999999998772776
1,1,0.9999922531783207
1,1,0.9999999983965592
1,1,0.9999999999989573
1,1,0.9999999963569633
1,1,0.9999999999999699
1,1,0.6468199390954599
1,1,0.9999999983502657
1,1,0.9999999994159
1,1,0.9999999918451642
1,1,0.9999957146345695
1,1,0.9999999998861078
1,1,0.9999999993672639
1,1,0.9999999999999699
1,1,0.9999919733362314
1,1,0.9999999999976283
1,1,0.9999999999923603
1,1,0.9999996198284982
1,1,0.9999999999999699
1,1,0.9999999999999134
1,1,0.9999999999495087
1,1,0.9999999999999699
1,1,0.9999999994627704
1,1,0.9999999996716441
1,1,0.9999999999999699
1,0,0.12053801189429499
1,1,0.9999943887591831
1,1,0.9999999999999055
1,1,0.9999999994812873
1,1,0.9999999999780245
1,1,0.9999999999951943
1,1,0.9999999999913085
1,0,0.0014986734894514497
1,1,0.9999999778085833
1,1,0.9999999999962519
1,1,0.9999999827323143
1,1,0.9999999999976563
1,1,0.9999999999996815
1,1,0.9999972604473708
1,1,0.9999999999990377
1,1,0.9999982308752582
1,1,0.9999996772596428
1,1,0.9999999748502505
1,1,0.9999999710875227
1,1,0.9999999999991303
1,1,0.9999999999999699
1,1,0.9999999999999699
1,1,0.9999999999200423
1,1,0.9999999999999512
1,1,0.9999999999964444
1,1,0.9948131402977249
1,1,0.9999999999770632
1,1,0.9999999999998713
1,1,0.9999999999999699
1,1,0.9999999999993089
1,1,0.9999999999992383
1,1,0.9517921042393912
1,1,0.9999999999999699
1,1,0.9970877234920811
1,1,0.9999999999999699
1,1,0.9999999999773139
1,1,0.9999999812053817
1,1,0.9999999999836039
1,1,0.9999999989492255
1,1,0.9999999910392362
1,1,0.9999999999998855
1,1,0.9252280326369092
1,1,0.9999999999999699
1,1,0.9999999999999699
1,1,0.9999999992985553
1,1,0.9999999999999699
1,1,0.9999999999873829
1,1,0.9999999998959912
1,1,0.9999999999999677
1,1,0.9999999999805335
1,1,0.9999999999996335
1,1,0.9999999999503193
1,1,0.9999999997172819
1,1,0.9999999999999699
1,1,0.9999999997524209
1,0,0.18747169551728976
1,1,0.9999999999999699
1,1,0.9999999999510245
1,1,0.9999999999999699
1,1,0.9999999988734901
1,1,0.9999999999516571
1,1,0.9999999996766217
1,1,0.9999999999999699
1,0,0.010116848915651962
1,1,0.9999999999983845
1,1,0.999999999999769
1,1,0.9999999999999699
1,1,0.9999999999999699
1,1,0.9999999999999699
1,1,0.9999999999999699
1,1,0.9999999999999699
1,1,0.9999943724277388
1,1,0.99999999999428
1,1,0.9999999997474822
1,1,0.9999999999999699
1,1,0.9654077102444769
1,1,0.9999999999951488
1,1,0.999999999546401
1,1,0.9925682851713618
1,1,0.9999999999999699
1,1,0.9999999999999699
1,1,0.9999999999999699
1,1,0.9999999998292026
1,1,0.9999999999970491
1,1,0.9999999959980049
1,1,0.9999999999954347
1,1,0.9999999394649153
1,1,0.9999999999996841
1,1,0.9999999999980818
1,1,0.9999999999751168
1,0,0.13867292041043136
1,1,0.8660862859986713
1,1,0.9999999997183571
1,1,0.9999999999999699
1,1,0.9999999999999699
1,1,0.9792934249066629
1,1,0.9999999978623159
1,1,0.9999999999999699
1,1,0.9999999998031972
1,1,0.9999999984872151
1,1,0.9999999999999699
1,1,0.9999999999784543
1,1,0.9999999971463511
1,1,0.9999999999967183
1,1,0.9999909133330916
1,1,0.9999999999999699
1,1,0.9999999999629351
1,1,0.9999999999975805
1,1,0.9999999887618153
1,1,0.9999999999999699
1,1,0.9999999740940138
1,1,0.9999999919657969
1,1,0.9999999999999699
1,1,0.9999999999951511
1,1,0.9999999999999699
1,1,0.9999999999999699
1,1,0.9999920187638041
1,1,0.9999999999999699
1,1,0.9999999707829444
1,1,0.999999999049232
1,1,0.9818620522615314
1,1,0.9999999994887672
1,1,0.9999879404837801
1,1,0.9999999999999699
1,1,0.9999999999963042
1,1,0.9999999999990377
1,1,0.9333097540641646
1,1,0.9999999999999699
1,1,0.999999999999968
1,1,0.9999999956490441
1,1,0.9999992831806733
1,1,0.999999999986037
1,1,0.9999999999999699
1,1,0.9999995220351563
1,1,0.9863000494328098
1,1,0.9999999999591865
1,1,0.9999999991708173
1,1,0.9999999964428002
1,1,0.9999999999999699
1,1,0.9999999745439704
1,1,0.9999999999999699
1,1,0.9743705720734332
1,1,0.9999999999999699
1,1,0.9999999997732288
1,1,0.9999999999999699
1,1,0.9166055582170329
1,1,0.97152468572744
1,1,0.9999999842766373
1,1,0.9999999999976552
1,1,0.9999999951819959
1,1,0.9999982010672398
1,1,0.9999999999999699
1,1,0.99999981305733
1,1,0.9999999989598735
1,1,0.9999999999805184
1,1,0.9999999999383576
1,1,0.9999999999157866
1,1,0.9999999997312462
1,1,0.9999999999999699
1,1,0.9999999999596355
1,1,0.9999999999999699
1,1,0.9999999999999699
1,1,0.9999999999753719
1,1,0.9999999999999699
1,1,0.996755260369061
1,1,0.9999999999995356
1,1,0.9999867820223772
1,1,0.9999998747246935
1,1,0.9999998910583894
1,1,0.9999999999998287
1,1,0.9999999999999699
1,1,0.9999999999999699
1,1,0.9999997401256664
1,1,0.9999999984381571
1,1,0.999999999996149
1,0,0.5443329017903175
1,1,0.9999999999893986
1,1,0.9999999999996552
1,1,0.9999999999999699
1,1,0.9999999999999699
1,1,0.9999999999999699
1,1,0.9999999992058523
1,1,0.9999999999999699
1,1,0.9973761417418675
1,1,0.9999999999974427
1,1,0.9999999999588964
1,1,0.9999999999999555
1,1,0.9999999999999176
1,1,0.9999999999907362
1,1,0.9999999999999699
1,1,0.9999983474763181
1,1,0.9999999997471931
1,1,0.9999999961346961
1,1,0.9999999541518825
1,1,0.9999999999999699
1,0,0.00019325466325065732
1,1,0.9999999999999699
1,1,0.9961641316729476
1,1,0.9999999999999699
1,1,0.9999999995989715
1,1,0.9999999999998768
1,1,0.9999999999973245
1,1,0.9999999999999699
1,1,0.9999999027718134
1,1,0.999992534572241
1,1,0.9999999997900237
1,1,0.9999999999999699
1,1,0.9999999993310011
1,1,0.9999999951205378
1,1,0.9999999999999699
1,0,0.016678902748965826
1,1,0.9999999999999699
1,1,0.9999999999010495
1,1,0.9999999999999699
1,1,0.9999999999917342
1,1,0.9999999999999699
1,0,0.00016969470029676355
1,1,0.9999999999999699
1,1,0.9884196984390754
1,1,0.9999999999870824
1,1,0.9900449446871522
1,1,0.9999999999999699
1,1,0.9922056976777853
1,1,0.9999999998599441
1,1,0.9999999999997039
1,1,0.9999999478249656
1,1,0.9999999999999699
1,1,0.9999998548574098
1,1,0.9999999999804506
1,1,0.9999999959293248
1,1,0.9928171132267597
1,1,0.9999999999858774
1,1,0.9999999999999699
1,1,0.9999999999996605
1,1,0.9999999995807437
1,1,0.9999999990610976
1,1,0.9999971317187563
1,1,0.9999999972079758
1,1,0.9999999999947358
1,1,0.9999999999204927
1,0,0.528558820306481
1,1,0.9999999999999104
1,1,0.9999999999999699
1,1,0.999999999990211
1,1,0.9999999999999699
1,1,0.9999999999999699
1,1,0.9999999835767122
1,1,0.9999999999996709
1,1,0.999999479660019
1,1,0.9999999999999699
1,1,0.9999999999999699
1,1,0.9999999995141399
1,1,0.9999999999901018
1,1,0.9999999999998306
1,1,0.9999999999999699
1,1,0.999999999996145
1,1,0.9999999999554415
1,1,0.9999999999981272
1,0,0.012103548524937903
1,1,0.9999999999877305
1,1,0.9999999999999699
1,1,0.9999999999982871
1,1,0.9999999999943758
1,1,0.9999999952703478
1,1,0.9999999999999699
1,1,0.9999999999999699
1,1,0.9999999996450264
1,1,0.9999999988711967
1,1,0.9999999999965886
1,1,0.9999999774434624
1,1,0.9999999999901129
1,1,0.999999999999962
1,1,0.9999999970867887
1,1,0.9999999999964833
1,1,0.9999995045337905
1,1,0.9999999999984066
1,1,0.9999999999999699
1,1,0.9999999998228656
1,1,0.9999999999999699
1,1,0.9999999999976703
1,1,0.9999999999999699
1,1,0.9999999986092064
1,1,0.9999999999999699
1,1,0.9999999999999699
1,1,0.9999999999999535
1,0,0.17779007370315916
1,1,0.9999999999999699
1,1,0.9999999872469708
1,1,0.9999999999802421
1,1,0.9999999999999699
1,1,0.9999999999080765
1,1,0.9999999994664496
1,1,0.9999999999999699
1,1,0.9999999999999674
1,1,0.9965536680230065
1,1,0.9999999998186394
1,1,0.9999999999999699
1,1,0.9999999793656276
1,0,0.09888358712215461
1,1,0.9999979140547216
1,1,0.9999999999609013
1,1,0.9999955030022978
1,1,0.9999999999597136
1,1,0.9999999996500883
1,1,0.9999999999999699
1,1,0.9934852259263769
1,1,0.9999999134254576
1,1,0.9999999999999699
1,1,0.9999999999994637
1,1,0.9999999999997213
1,1,0.9999999999827364
1,1,0.9999999997938132
1,1,0.9999998505399763
1,1,0.9999999996367945
1,1,0.999999999782424
1,1,0.999999999308096
1,1,0.9999999999999315
1,1,0.9999999998418707
1,1,0.9999997851789043
1,1,0.9999999999999699
1,1,0.9999994191531645
1,1,0.999999981869713
1,1,0.9999999999997603
1,1,0.9999999999999699
1,1,0.9999999996351026
1,1,0.9794444842108737
1,1,0.9999999999999699
1,1,0.999999999999957
1,1,0.9999999999999699
1,1,0.9999999998293653
1,1,0.9999999399147234
1,1,0.9999999999991567
1,1,0.9999999999999699
1,1,0.9999999999999699
1,1,0.9999999999999699
1,1,0.9999999999999699
1,1,0.9951457556138624
1,1,0.9999999999999699
1,1,0.9999999904572716
1,1,0.9797792443062756
1,1,0.7396987884231301
1,1,0.9825819258827847
1,1,0.932547731610421
1,1,0.9999999999941854
1,1,0.9999999934019232
1,1,0.9999999999999699
1,1,0.9999999999867478
1,1,0.9999999999999699
1,1,0.9999999998821326
1,1,0.9999999937595391
1,1,0.9999999999992071
1,1,0.9999999999999699
1,1,0.9999999895214696
1,1,0.9999999999999699
1,1,0.9999999999989906
1,0,0.00014005170170098018
1,1,0.9999999999999699
1,1,0.9999999996668113
1,1,0.9999999999999699
1,1,0.999991639324609
1,1,0.982018090547275
1,1,0.9999999999987541
1,1,0.9914585753554943
1,1,0.9999999461810647
1,1,0.9999999999980124
1,1,0.9999999994104725
1,0,0.0006768095507648712
1,1,0.9999999999999699
1,1,0.9927454006960199
1,1,0.9999999999999699
1,1,0.9999999999388691
1,1,0.999999999695321
1,1,0.9999999999999699
1,1,0.9999995109072367
1,1,0.9965065774073208
1,1,0.9999999999999699
1,1,0.9999999986609845
1,1,0.9999986913970168
1,1,0.9999998258035961
1,1,0.9999999999999293
1,1,0.9999999999999101
1,1,0.9999999996848026
1,1,0.9999999928498812
1,1,0.9999999999999699
1,1,0.9999999998806793
1,1,0.9999938019749316
1,0,1.061522114599365e-06
1,1,0.9999999999999699
1,1,0.9999999234628654
1,1,0.9999999999999699
1,1,0.9999999999999699
1,1,0.9999999999950933
1,1,0.9999999999999699
1,1,0.999999954542234
1,1,0.9999999999999699
1,1,0.9999999999994967
1,1,0.9999999999249637
1,1,0.9999999998844581
1,0,0.5059840716762211
1,1,0.9999999999999444
1,1,0.9999999999952457
1,1,0.9999999997595119
1,1,0.9999999999997882
1,1,0.9999999999999699
1,1,0.999999999998751
1,1,0.9999999999837154
1,1,0.9999999999439249
1,0,0.010193318989605297
1,1,0.9999999996986676
1,1,0.993885350548725
1,1,0.9999999999999699
1,1,0.9999999999999699
1,1,0.9999999999999135
1,1,0.9999999999999699
1,1,0.999999974246768
1,1,0.9999999999999699
1,1,0.9999999993062723
1,1,0.9968036851294093
1,1,0.9999999999999699
1,1,0.9999999998637196
1,1,0.9999999797468861
1,1,0.9999999389781591
1,1,0.9999999963791192
1,1,0.9999999997747684
1,1,0.9999999999998521
1,1,0.9999999973536466
1,1,0.9999999985624136
1,1,0.9999999962264889
1,1,0.9999999999962192
1,1,0.9999999999999699
1,1,0.9999999999999699
1,1,0.9999999999999699
1,1,0.975667056254792
1,1,0.9999999500501657
1,0,0.28244346561968875
1,1,0.999999999846764
1,1,0.9999999999999699
1,1,0.9999999999998123
1,1,0.9999999999999699
1,1,0.9999997257734113
1,1,0.9999999999999699
1,1,0.9999999999999699
1,1,0.9999999999999699
1,1,0.9999999999999699
1,1,0.9999999999965205
1,1,0.9999999999999699
1,1,0.999999999557519
1,1,0.9999999998982918
1,1,0.9999999993635371
1,1,0.9999999040946911
1,1,0.9999999999115472
1,1,0.9999997513926245
1,1,0.9999999999999699
1,1,0.9999999999889492
1,1,0.9999999999999699
1,1,0.999999998539922
1,1,0.9764971385034831
1,1,0.999999984046879
1,1,0.9999999860806713
1,1,0.9999999999999699
1,1,0.9999999999999699
1,1,0.9999999999998644
1,1,0.9999999999937654
1,1,0.9999999999999699
1,1,0.9999999999999699
1,1,0.9999999999999699
1,1,0.999999999993565
1,1,0.9999999999999699
1,1,0.9999999999996656
1,1,0.9999999999905576
1,1,0.9999999999999699
1,0,0.25638410041289206
1,1,0.969514640571355
1,1,0.9999992883576599
1,1,0.9999920990291772
1,1,0.9999999997053443
1,1,0.9999997037144577
1,1,0.9999999999999449
1,1,0.999999999616315
1,1,0.9999999987259555
1,1,0.9970674064248113
1,1,0.9999999776240491
1,1,0.9999999954563238
1,1,0.9999999948792135
1,1,0.9999999999854343
1,1,0.9999999999999699
1,1,0.9999999999999699
1,1,0.9999999996776849
1,1,0.9999999999999171
1,1,0.9999999999347166
1,1,0.999999999996171
1,1,0.9999998717131126
1,1,0.9999999987127733
1,1,0.9999999999863688
1,1,0.9999999999965584
1,1,0.9999999976558079
1,1,0.6913709061484526
1,1,0.9999998857922432
1,1,0.9999999999999699
1,1,0.9999999999998097
1,1,0.9999999999999699
1,1,0.9999999876464589
1,1,0.9999999999999699
1,1,0.9999999999999699
1,1,0.9999999996996379
1,1,0.9567803481565759
1,1,0.9999999923994919
1,1,0.9999999999999699
1,1,0.9999999999999699
1,1,0.9999999999999699
1,1,0.9999999999999699
1,1,0.9999999999998646
1,1,0.9999999999725133
1,1,0.9999999999998724
1,1,0.9999999970842768
1,1,0.9999999999999699
1,1,0.9999999999999699
1,1,0.9999999999787563
1,1,0.9999999999907256
1,1,0.9999999999992976
1,1,0.9999999999112608
1,1,0.9924024729948934
1,1,0.9999999999999699
1,1,0.9999999999984746
1,1,0.9999999962865734
1,1,0.9999999999994801
1,1,0.9999999999999699
1,1,0.9999999999999699
1,1,0.9999999999999699
1,1,0.9999999993193333
1,1,0.9999999999924258
1,1,0.9999999999999699
1,1,0.9999999999817338
1,1,0.9999999999978868
1,1,0.9999999707523033
1,1,0.999999785703019
1,1,0.9999999997538274
1,1,0.9999999999996935
1,1,0.9693440058710545
1,1,0.9999999999987539
1,1,0.9999999998724802
1,1,0.9829497069215216
1,1,0.9999999999983364
1,1,0.9999999999999699
1,1,0.9999998277807043
1,1,0.9999999999970968
1,1,0.9999999999962149
1,1,0.9999999999999699
1,1,0.9999999981110843
1,1,0.9999999999774345
1,1,0.9999999998690535
1,1,0.9999999999999699
1,1,0.9999999999999699
1,1,0.9999999999892325
1,1,0.9999999999999699
1,1,0.9999999999965391
1,1,0.9999999999844185
1,0,0.004416707643573977
1,1,0.9999999999734001
1,1,0.9999999999999699
1,1,0.9999999999995742
1,1,0.9999999999999202
1,1,0.9999990567948875
1,1,0.9999996734173754
1,1,0.9999999999999699
1,1,0.9999999998656559
1,1,0.9999999999999699
1,1,0.9999999999999699
1,1,0.9999999999999202
1,1,0.9999999999538226
1,1,0.9999999999988052
1,1,0.9999999999303487
1,1,0.9549710009564041
1,1,0.9999999999999699
1,1,0.9999999999997212
1,1,0.9999999999895656
1,1,0.9999999999200078
1,1,0.9999999999999699
1,1,0.9999999999652525
1,1,0.9999999999990808
1,1,0.9999968045686309
1,1,0.9999999967685147
1,1,0.9999999916894382
1,1,0.9999999999999699
1,1,0.9999999999623025
1,1,0.8945743921611922
1,1,0.9999999999999556
1,1,0.9999999999745647
1,1,0.9999999988899554
1,1,0.9999999999999699
1,1,0.9080353970531663
1,1,0.9999999999999699
1,1,0.9999999840482088
1,1,0.999999984086815
1,1,0.9999999970384058
1,1,0.9999999999999699
1,1,0.9999999999780965
1,1,0.9999999998500395
1,1,0.9999999605376174
1,1,0.9999999999934669
1,1,0.999999375632182
1,1,0.9999999999999699
1,1,0.9999999998735624
1,1,0.9999999987440733
1,1,0.999999999998149
1,1,0.9999999999999699
1,1,0.9999999961725395
1,1,0.9999999999999699
1,1,0.999999999999951
1,1,0.9999999999999699
1,1,0.9952213859501506
1,1,0.9999999999999629
1,1,0.9999999621950205
1,1,0.9999940686013068
1,1,0.9999983742888211
1,1,0.9785398122919088
1,1,0.9999999995644715
1,1,0.9999987263079411
1,1,0.9999999999999699
1,1,0.9999999999999699
1,1,0.9999999999997926
1,1,0.9999999999994045
1,1,0.9999962463475247
1,1,0.9999999999999699
1,1,0.9999996404709544
1,1,0.9999999999946151
1,1,0.9999999999996517
1,1,0.9999999999956297
1,1,0.9999990365175842
1,1,0.9999999999999699
1,1,0.9999999999902135
1,1,0.9999997225364778
1,0,0.15331319781055144
1,1,0.9999999999999699
1,1,0.9803984514395244
1,1,0.9999999999943174
1,0,0.4947051353573452
1,1,0.9999999999953635
1,1,0.9999999999999699
1,1,0.9999999999759983
1,1,0.9999996613206249
1,1,0.9999999999473573
1,1,0.9999999999978803
1,1,0.9914051057985339
1,1,0.9999999999999699
1,1,0.8566759755144412
1,1,0.9999999897022334
1,1,0.9999999999987644
1,1,0.9999999996559485
1,1,0.9999999999857698
1,1,0.9999999999999699
1,1,0.9999999623883418
1,1,0.9999999999999699
1,1,0.999999999999113
1,1,0.9999999999997007
1,1,0.9999999999999575
1,0,0.514068847471094
1,1,0.9999999788312354
1,1,0.9999999826987621
1,1,0.9999999999996246
1,1,0.9999999999999699
1,1,0.999999999973252
1,1,0.9999999999531444
1,1,0.99999999918772
1,1,0.9999999999983792
1,1,0.9999999999822476
1,1,0.9999999999999699
1,1,0.9999999999998148
1,1,0.9999999999999205
1,1,0.9999999999999699
1,1,0.9999999999976547
1,1,0.9999999999999699
1,1,0.9999999999964693
1,1,0.9999982956849479
1,1,0.9999999999999699
1,1,0.9999999999999699
1,1,0.9999997270523594
1,1,0.999999999999261
1,1,0.9999999999361378
1,1,0.9999999627369711
1,1,0.9999999999958297
1,1,0.999999999979
1,1,0.9999999999944923
1,1,0.9999999999999699
1,1,0.9999999981743902
1,1,0.9999999999999699
1,1,0.9999999999888576
1,1,0.9999999999998133
1,1,0.9999932405569714
1,1,0.9999999998832519
1,1,0.9999999292797325
1,1,0.9999991648625824
1,1,0.99999999999988
1,1,0.9999999999999699
1,1,0.9999999996710293
1,1,0.9999999999721687
1,1,0.999999999999926
1,1,0.9854954538529299
1,1,0.9999999999999699
1,1,0.9999999999999699
1,1,0.999999669433523
1,1,0.9999976043067305
1,1,0.9999999999655432
1,1,0.9999999962323574
1,1,0.9999999634942838
1,1,0.9999999999991742
1,1,0.9999999999999699
1,0,0.30862619987814993
1,1,0.9999999999999699
1,1,0.9999999999999699
1,1,0.9999999999980791
1,1,0.9999999685296908
1,1,0.9999999999999699
1,1,0.9713986105952749
1,1,0.9999999999999699
1,1,0.9999999999999699
1,1,0.984661028106557
1,1,0.9999999999999699
1,1,0.9999999814668109
1,1,0.9999999999999314
1,0,0.5627932942055995
1,1,0.9999999999999699
1,1,0.9999999999999699
1,1,0.9999999999999699
1,1,0.9999999999999699
1,1,0.9896073780938504
1,1,0.9999999999999699
1,1,0.9999999999999699
1,1,0.9999999771151278
1,1,0.9999999999975488
1,1,0.9999999999999699
1,1,0.9751819081776821
1,1,0.9999999999999699
1,1,0.7025605027203808
1,1,0.9999999983179713
1,1,0.9999999999981105
1,1,0.7699176818218091
1,1,0.9731041266042927
1,1,0.9999999999277909
1,1,0.9999999996953429
1,1,0.99999999999966
1,1,0.9999999999999699
1,1,0.9999999999908384
1,1,0.9999999999672421
1,1,0.9999999966530057
1,1,0.9999999991765173
1,1,0.9999999999854162
1,1,0.9999999999618467
1,1,0.9999999999999699
1,1,0.9999999999999699
1,1,0.9999999999999699
1,1,0.9999999999999699
1,1,0.9999999995584176
1,1,0.9999992891939525
1,1,0.9999999999980894
1,1,0.9999999999999648
1,1,0.7807841506239107
1,1,0.9999999999918541
1,1,0.9999999998247024
1,0,0.0019338742542484805
1,1,0.9999999999999699
1,1,0.9999999999929751
1,1,0.9999999999999699
1,1,0.9999999999999699
1,1,0.9999999999992791
1,1,0.9999999999634789
1,1,0.999999998053316
1,1,0.9999999999906387
1,1,0.9999999999999699
1,1,0.986031554248362
1,1,0.9999999999999699
1,1,0.9110000854808554
1,1,0.999999989354019
1,1,0.9999999806522322
1,1,0.9999999999993321
1,1,0.9999999999999699
1,1,0.9999999999298134
1,1,0.9999999999999699
1,1,0.9999999999999699
1,1,0.9999999989605716
1,1,0.9999999985445112
1,1,0.999999999801994
1,1,0.999999998664294
1,1,0.9999997724156048
1,1,0.999999999999862
1,1,0.9999999999999699
1,1,0.9999999999999348
1,1,0.9999999999999699
1,1,0.9999999999836662
1,1,0.943331869229994
1,1,0.9999999999999635
1,1,0.9674479709832108
1,1,0.99999999994365
1,1,0.9999999999999699
1,1,0.9999999999999699
1,0,0.04953114319304237
1,1,0.9999999999999699
1,1,0.9999999998367188
1,1,0.8743425537800094
1,1,0.9999999999981274
1,0,0.3014304744694716
1,1,0.9891849120280038
1,1,0.9947672974954631
1,1,0.9999999999990955
1,1,0.9999998582482189
1,1,0.9999999999999699
1,1,0.9999999998360041
1,1,0.9999999352930181
1,1,0.9999999999933676
1,1,0.9999999999997882
1,1,0.999999998809637
1,1,0.9999999999991764
1,1,0.9999999999830667
1,1,0.9999999999998191
1,1,0.9999999999986451
1,1,0.9999999769128435
1,1,0.9999999999993737
1,1,0.9999999999997891
1,1,0.9999999997218556
1,1,0.9999999987403642
1,1,0.9999999991740363
1,1,0.9999999999999699
1,1,0.9999999999999699
1,1,0.9999999999999699
1,1,0.9999999999983569
1,1,0.9999999999982631
1,1,0.9999999999999699
1,1,0.9999999999999699
1,1,0.9999999999259279
1,1,0.9957793226867855
1,1,0.9999999999999551
1,1,0.9999998814883722
1,1,0.9999999999789179
1,1,0.9999999999886335
1,1,0.9999999999902286
1,1,0.9999999999973079
1,1,0.9999999999699449
1,1,0.9701177437167147
1,1,0.9999999999561204
1,1,0.9999999999992248
1,1,0.9999999999999699
1,1,0.865439394299542
1,1,0.9999999999999699
1,1,0.9999999999999674
1,1,0.9999999974802942
1,1,0.9999991113854685
1,1,0.9999999999999699
1,0,0.2794133172251518
1,1,0.9999999999999699
1,1,0.999999999294077
1,1,0.9999999999999699
1,1,0.9999999999999699
1,1,0.9999999999631726
1,1,0.9999967755041917
1,1,0.9999999997045168
1,1,0.9999999999809029
1,1,0.9999999995009687
1,1,0.9999999788171686
1,1,0.9999999999999699
1,1,0.9849482198330293
1,1,0.999999999994816
1,0,0.0005888757379208946
1,1,0.9999999999999699
1,1,0.9999999999999699
1,1,0.9999999999999699
1,1,0.9999999999931216
1,1,0.9999999999999699
1,1,0.9999999999649485
1,1,0.999999999992344
1,1,0.9999999999968312
1,1,0.9999999999999699
1,1,0.9999999999993424
1,1,0.9999999998309045
1,1,0.9999999999999699
1,1,0.9999999999999699
1,1,0.9999999999977427
1,1,0.9999999999999699
1,1,0.9825624112503725
1,1,0.9999999999999699
1,1,0.9999933783000066
1,1,0.9999999999932047
1,1,0.9999999999999699
1,1,0.9999999999868452
1,0,0.546778591380739
1,1,0.9999999999998989
1,1,0.9999999063675992
1,1,0.9999999999999699
1,1,0.9999999999999699
1,1,0.9999990283847549
1,1,0.9999999441566956
1,1,0.9999999999958534
1,1,0.999999999673373
1,1,0.999999999228086
1,1,0.9999999999999699
1,1,0.9999999999451129
1,1,0.9918690034554285
1,1,0.9999998112902359
1,1,0.9999967352795996
1,1,0.9999999999999699
1,1,0.9999999954326605
1,1,0.9999999998455741
1,1,0.9999999999999699
1,1,0.9999999999190193
1,1,0.9999999951713869
1,1,0.9999999999999699
1,1,0.9999999999997519
1,1,0.9999999999998027
1,1,0.9999999999999699
1,1,0.9999999999999699
1,1,0.9999999999995124
1,0,0.3625206715787074
1,1,0.9999999969857586
1,1,0.9999999989514932
1,1,0.9999999999999699
1,0,0.015507638078927766
1,1,0.9999999982907044
1,1,0.9999999999999699
1,1,0.9999999999405265
1,1,0.7557289239900049
1,1,0.9999999999821833
1,1,0.9999999999508711
1,1,0.9999992966784663
1,1,0.9999999999970102
1,1,0.9999999999948292
1,1,0.9786583762881729
1,1,0.9999999999332002
1,1,0.9999999999999699
1,1,0.9999999999999699
1,0,0.2951510748546312
1,1,0.9999969426101741
1,1,0.9999999999833153
1,1,0.9999999977687267
1,1,0.9999999999999699
1,1,0.9999999999998971
1,1,0.5974177985320306
1,1,0.9999999771732531
1,1,0.9505488216426223
1,1,0.9999999988734649
1,1,0.9999999999974329
1,1,0.9999998744453702
1,1,0.9999999999846972
1,1,0.9999999999796322
1,0,0.12120161156584679
1,1,0.9999999999998305
1,1,0.9999999999998069
1,1,0.9999999970572484
1,1,0.9999999999398649
1,1,0.9999999999999699
1,1,0.9999999999454705
1,1,0.8964376225608961
1,1,0.9999999999999699
1,1,0.9999999999999649
1,1,0.999999999908737
1,0,0.010439228360631353
1,1,0.9999999999999699
1,1,0.6653005253401264
1,1,0.9999999999999699
1,1,0.9999999999999699
1,1,0.9999992793088038
1,1,0.9999999997845868
1,1,0.999999999974628
1,0,0.04022125224733027
1,1,0.9999999999994001
1,1,0.9999999990182427
1,1,0.9999999999987366
1,1,0.9999999999999699
1,1,0.9999999999967971
1,1,0.9999999999998
1,1,0.999999289515858
1,1,0.9999999999827482
1,1,0.9999987280043559
1,1,0.9999999999748912
1,1,0.999999999999966
1,1,0.9999999873608953
1,1,0.9999999999953108
1,1,0.9999999999999699
1,1,0.9999994395627284
1,1,0.9999999999999699
1,1,0.9999999999999699
1,1,0.9999999998815274
1,1,0.9508947162316174
1,1,0.9999999999977716
1,1,0.9999999999514064
1,1,0.9999999999999699
1,1,0.9999997659256787
1,1,0.9999999999999699
1,1,0.9999999999999699
1,1,0.9999999999999699
1,1,0.9999999999999699
1,1,0.9999999999780551
1,1,0.9999999999370908
1,1,0.9999999999996787
1,1,0.9999999999990462
1,1,0.770822519960389
1,1,0.9999999999999666
1,1,0.9999999994761998
1,1,0.9999998890280615
1,1,0.9999999999999699
1,1,0.9999999997694051
1,0,0.23926511834701808
1,1,0.9999999999984586
1,1,0.9999969896649323
1,1,0.9999999851781852
1,1,0.9999999999999699
1,1,0.9999999999999699
1,1,0.9999999939168169
1,1,0.9999999999999699
1,1,0.9999999989397893
1,1,0.9999999998020251
1,1,0.9999999786675445
1,1,0.9999999996313677
1,1,0.9999999999523125
1,1,0.9999996106757356
1,1,0.9999999999960435
1,1,0.9999997813384365
1,1,0.9999999894425865
1,1,0.9999999999994003
1,1,0.9999999842521727
1,1,0.9999999999999699
1,1,0.9999999993685172
1,1,0.9999999974256084
1,1,0.9999999999999699
1,1,0.9999999999998326
1,1,0.9999999999999699
1,1,0.9999999999999699
1,1,0.9999999999999699
1,1,0.9999999999999261
1,1,0.9970147333849106
1,1,0.9999999999999699
1,1,0.9999999999902981
1,0,0.007520430427449277
1,1,0.9999999999999699
1,1,0.9999999992289572
1,1,0.9999999999999699
1,1,0.9999999999999699
1,1,0.9999999999974023
1,1,0.5938458446545704
1,0,0.001240016196535652
1,1,0.9999999999999699
1,1,0.9999999999909124
1,1,0.9999999999993492
1,1,0.9999999888148747
1,1,0.9563882198323927
1,1,0.98291575626996
1,1,0.9798151428353143
1,1,0.9999999893393754
1,1,0.9999999999999699
1,1,0.9999999956479307
1,1,0.9999999999554018
1,1,0.9999987075244239
1,0,0.002269944104830219
1,1,0.9999999999977174
1,1,0.9999999999999699
1,1,0.9999999999999699
1,1,0.9999999998402345
1,1,0.9999999999989491
1,1,0.9999922935493705
1,1,0.9999999999996612
1,1,0.9999999999997765
1,1,0.9999999999996506
1,1,0.9999999999999699
1,1,0.9999999685755327
1,1,0.9999999999999644
1,1,0.9999999999999699
1,1,0.9999999999674265
1,1,0.9999999999999699
1,1,0.9999999940898495
1,1,0.9999999999999699
1,1,0.9999999999989361
1,1,0.9999934024131487
1,1,0.9999999999999699
1,1,0.9999999999999699
1,1,0.9999999995449422
1,1,0.9999999999999699
1,1,0.9778832641354827
1,1,0.9999999999999569
1,1,0.9999999999999699
1,1,0.9999999999669504
1,1,0.9999999999910877
1,1,0.99999999999969
1,1,0.9999999999999699
1,1,0.9999999999973169
1,1,0.9999999999999699
1,1,0.9999999999997775
1,1,0.9999999887867026
1,1,0.9999999999999699
1,1,0.9999992975677686
1,1,0.9999999992460505
1,1,0.9839880640019151
1,1,0.9999999999886489
1,1,0.9999999999869427
1,1,0.9999998304332982
1,1,0.9999995741566093
1,1,0.999999998276371
1,1,0.9999999999999699
1,1,0.9999999999999699
1,1,0.9999999999999699
1,1,0.9999999999999435
1,1,0.9910964864102036
1,1,0.9999999984499746
1,1,0.9999855109991055
1,1,0.9999999999987707
1,1,0.999999999980813
1,0,0.09043173168479594
1,1,0.9999999999999699
1,1,0.9999999999999699
1,1,0.9999999999983735
1,1,0.9999999999999699
1,1,0.9999999999977929
1,1,0.9803006081957747
1,1,0.9999999999999699
1,1,0.999999999728149
1,1,0.9999999999999699
1,1,0.999999999999052
1,1,0.999999999991442
1,1,0.9999999999999699
1,1,0.9999999999979384
1,1,0.9999999999999699
1,1,0.9999999967033125
1,0,0.0029531969002118256
1,1,0.9999999999738407
1,1,0.9999999929138832
1,1,0.9999999975039061
1,1,0.9999999999999699
1,1,0.9999867302019393
1,1,0.9999999624141125
1,1,0.9999999971828389
1,1,0.9999999999986572
1,1,0.9999999999999699
1,1,0.9999999999878421
1,1,0.9999999999999699
1,1,0.9999999982932235
1,1,0.999999997308105
1,1,0.9999999999905491
1,1,0.9999999999999699
1,1,0.9999999999999699
1,1,0.9999999998768399
1,1,0.999999999995531
1,1,0.9999999999999699
1,1,0.9999999832121702
1,1,0.9999999999998614
1,1,0.9999999999999699
1,1,0.9999999985665471
1,1,0.999999958472834
1,1,0.9999999995684666
1,1,0.9999999984580048
1,1,0.9999999999999699
1,1,0.9999999989870169
1,1,0.9999999995660425
1,1,0.9999999999998469
1,1,0.9999999999854551
1,1,0.9999999999999699
1,1,0.9999999808210772
1,1,0.9999982538618043
1,1,0.999999988478505
1,1,0.9999999999971435
1,1,0.9999987914515617
1,1,0.9999999999999699
1,1,0.9999999999999699
1,1,0.9999999999980158
1,1,0.9999999999685066
1,1,0.8087044478955185
1,1,0.9999999999979912
1,1,0.9999999999988105
1,1,0.9999999999318268
1,1,0.9999999999999699
1,1,0.9999999999949972
1,1,0.9999830319985992
1,1,0.9999999471024934
1,1,0.9999999999999699
1,1,0.9999999999999699
1,1,0.999999999997213
1,1,0.9742203670643058
1,1,0.9999999921179545
1,1,0.9999999999937135
1,1,0.999999999999652
1,1,0.9999999999818955
1,1,0.9999999940797702
1,1,0.9999999999999699
1,1,0.9999999999999699
1,1,0.9999999999999699
1,1,0.9999982614813946
1,1,0.9999999999877968
1,1,0.9974568142448129
1,1,0.9999999999999699
1,1,0.9999999894387256
1,0,0.45827227783791885
1,1,0.9999999999999699
1,1,0.9999999999475092
1,1,0.9999999999411343
1,1,0.9999994882759085
1,1,0.9999999999998992
1,1,0.9999999999952907
1,1,0.9999999994375317
1,1,0.9999999558086653
1,1,0.999999999999792
1,1,0.9999999999995236
1,1,0.9999999999999699
1,1,0.9999999999997731
1,1,0.9999999927183302
1,1,0.9134240207284751
1,1,0.9999999980749498
1,1,0.9999999999946604
1,1,0.9999999987317217
1,1,0.9999999976006873
1,0,0.363467387362012
1,1,0.9999999999999699
1,1,0.999999999999916
1,1,0.9999999999999699
1,1,0.9999999865740861
1,1,0.9999999955012057
1,1,0.9999823680838257
1,1,0.9826737306461794
1,1,0.9999999999876482
1,0,0.00310024672826604
1,1,0.9999999999999699
1,1,0.9999999749096046
1,1,0.9999999999995943
1,1,0.9999999996928381
1,1,0.9999999999999699
1,1,0.995426284615393
1,1,0.9999999998838186
1,1,0.9999999999999699
1,0,0.06409990469528097
1,1,0.9999999999943623
1,1,0.999999999999269
1,1,0.9999999999556939
1,1,0.9999999999999699
1,1,0.999999999732245
1,1,0.9999999999994668
1,1,0.9999999999958606
1,1,0.9999954210443145
1,1,0.9999999999999699
1,1,0.9999999999773765
1,1,0.9999999999882044
1,1,0.9999999999999699
1,1,0.9999990577194844
1,1,0.9999999999999699
1,1,0.9999999999956979
1,1,0.9999999999999699
1,1,0.999999998921125
1,1,0.9999999998218021
1,1,0.9999999999691028
1,1,0.654530897839983
1,1,0.9999999999777411
1,1,0.9999999999997935
1,1,0.9999999999999699
1,1,0.9999999999998808
1,1,0.9999999999909156
1,1,0.9999999912484837
1,1,0.9999999932500838
1,1,0.9999998434659271
1,1,0.9999999999999699
1,1,0.9999999999890895
1,1,0.999999999648643
1,1,0.9999999999981585
1,1,0.9999999947484344
1,1,0.9957411255685198
1,1,0.9999997443599458
1,1,0.9999999929114075
1,1,0.9999880524809791
1,1,0.9999999972537523
1,1,0.9999999999938276
1,1,0.9999999999999699
1,1,0.9999995864732261
1,1,0.9999997991008487
1,1,0.9999999999999606
1,1,0.9999999999998458
1,1,0.9966950245683459
1,1,0.9999999999999699
1,1,0.9999999997123205
1,1,0.9999999996862718
1,1,0.9999999999219712
1,1,0.9856425339020171
1,1,0.999999999943572
1,1,0.9999999973651325
1,1,0.9999999999999699
1,1,0.9999999999977501
1,1,0.9999999995825795
1,1,0.9999998776370136
1,1,0.9999999999999699
1,1,0.9999999999999699
1,1,0.9999999999999539
1,1,0.9999999997417246
1,1,0.9465669960599539
1,1,0.9999999999999699
1,1,0.9999999999999699
1,1,0.9999999999443763
1,1,0.9999999999999699
1,0,0.0030101257768028215
1,1,0.999999414269655
1,1,0.9999999999999699
1,1,0.9999999999999699
1,1,0.9999999999999699
1,1,0.9999999999971146
1,1,0.9999999999999466
1,1,0.9910578323303422
1,1,0.9999999999999699
1,1,0.9999999999999699
1,1,0.9999999999968512
1,1,0.9999999999652402
1,1,0.9999999997357223
1,1,0.9999999999999699
1,1,0.9999999999989828
1,1,0.9999999999999699
1,1,0.9999999935733158
1,1,0.9999999999999699
1,1,0.9999999990186142
1,1,0.9999999995957752
1,1,0.9999999999803109
1,1,0.999999996686672
1,0,0.008958467458166166
1,1,0.9999999319640183
1,1,0.9999999510118392
1,1,0.9999999560892291
1,1,0.9999999999996855
1,1,0.999999999987191
1,1,0.9999999940432893
1,1,0.9999999999999699
1,1,0.9999999999999699
1,1,0.9999999999871453
1,1,0.9999999999999699
1,1,0.9999999908577649
1,1,0.999999999924175
1,1,0.9999999975680612
1,1,0.9999844731131988
1,1,0.9999982845753442
1,1,0.9999999995815125
1,1,0.9999999999999699
1,1,0.9953506936186786
1,1,0.9999999995349902
1,1,0.9999999998654817
1,1,0.9999999989819065
1,1,0.9999999965293537
1,1,0.9999999999999699
1,1,0.9999999971179595
1,1,0.9999999999999477
1,1,0.9999999922952185
1,1,0.9999999999828313
1,1,0.9999999999999699
1,1,0.9999999999999699
1,1,0.9999999996644574
1,1,0.9999999999962287
1,1,0.9999999990270841
1,1,0.9999999124273572
1,1,0.9999999999999699
1,1,0.9999999999999699
1,1,0.9999999796618864
1,1,0.9999999997320893
1,1,0.9999999999999699
1,1,0.9999999994570692
1,0,0.0172584970527366
1,1,0.9999999999999699
1,1,0.9999999999999699
1,1,0.9999999999999699
1,1,0.9999999999999699
1,1,0.9999999998907139
1,1,0.9999927247547982
1,1,0.9999999197248969
1,1,0.9999999999999699
1,0,1.445481761172913e-07
1,1,0.9999999999999699
1,1,0.9604592016695376
1,1,0.9898897842603164
1,1,0.9999999999999699
1,1,0.9999999999999699
1,1,0.9999999999999699
1,0,2.3603723797303992e-06
1,1,0.9999999999997202
1,1,0.9999999999999699
1,1,0.9999999999999385
1,1,0.9999999999999699
1,1,0.9999999999999699
1,1,0.9999999999992792
1,1,0.9702924163353681
1,1,0.9999999999999413
1,1,0.9999999693041592
1,1,0.9999999999999699
1,1,0.9999999896245965
1,1,0.9999999999999699
1,1,0.9999999999996787
1,1,0.9999999999999699
1,1,0.9999999999999699
1,1,0.9999999954192618
1,1,0.9999999999999699
1,1,0.9999985892474282
1,1,0.9999999991252869
1,1,0.9999999999439594
1,1,0.9999999999990409
1,1,0.9999999999995389
1,1,0.9999999988554602
1,1,0.9999949163045975
1,1,0.9999999999955551
1,1,0.9999999999999699
1,1,0.999999916638891
1,1,0.9999999999985877
1,1,0.9999999672174729
1,1,0.9999999991879648
1,1,0.9999999999999699
1,1,0.9999999999805843
1,1,0.9999999992497333
1,1,0.9999999999993303
1,1,0.9999999996036385
1,1,0.9999999999887244
1,1,0.9999999999999699
1,0,0.0006030218058690417
1,1,0.9999991826715073
1,1,0.9999999999999699
1,1,0.9999999999650413
1,1,0.9999999943342051
1,1,0.9999999916284688
1,1,0.9187411040334326
1,1,0.9999999999999699
1,1,0.9999995955192541
1,1,0.9999999999999699
1,1,0.9999999999321081
1,1,0.9999999520867519
1,1,0.9999825607078546
1,1,0.9999999999999699
1,1,0.999999999996255
1,1,0.9999997910732147
1,1,0.9999999999222369
1,1,0.9999999999986037
1,1,0.9999999999031981
1,1,0.9999999999872509
1,1,0.999999999885551
1,1,0.9999999999999175
1,1,0.9999999999787124
1,1,0.9999999997107616
1,1,0.9999999992008023
1,0,0.0008130761671646202
1,0,0.05333659080821489
1,1,0.99573395182232
1,1,0.999999999999898
1,1,0.9999999999334658
1,1,0.9999999999996678
1,1,0.9999999999999699
1,0,0.0485925553344365
1,1,0.9999999999221251
1,1,0.9999999999966024
1,1,0.9461782941948498
1,1,0.9999999999999699
1,1,0.9999999999999699
1,1,0.9999999695580934
1,1,0.9999999633198089
1,1,0.9999999999855936
1,1,0.9999999999334702
1,1,0.9999999999126161
1,1,0.9999999999999699
1,1,0.9999986884505639
1,1,0.9999999999999699
1,1,0.9972107202738548
1,1,0.9999999999771604
1,1,0.9999999999903705
1,1,0.9999999999999699
1,1,0.9999999999997133
1,1,0.9999999999976286
1,1,0.9999999991412041
1,1,0.9999999999999699
1,1,0.9999999992889793
1,1,0.9999999999999699
1,1,0.9999999999999699
1,1,0.9999999999852425
1,1,0.9999999979683961
1,1,0.9999999999999699
1,1,0.9999999995815361
1,1,0.9999999999997818
1,1,0.9999999999999699
1,1,0.9999999999957949
1,1,0.9999999989672097
1,1,0.9999999816626706
1,1,0.9999999999990874
1,0,0.10552950645873058
1,1,0.9999999999999699
1,1,0.9972217304834745
1,1,0.9999998863511466
1,1,0.9999999999581173
1,1,0.9999999999999698
1,1,0.9999999999999699
1,1,0.999999999621539
1,1,0.9999999999999699
1,1,0.999999999517138
1,1,0.9999999999999699
1,1,0.9999999999979076
1,1,0.9999999999999671
1,1,0.9999999999805123
1,1,0.9999999994138832
1,1,0.9999999982023631
1,1,0.999999999978094
1,1,0.9999999999999699
1,1,0.9999999990847122
1,1,0.9999999999538683
1,1,0.999999927866482
1,1,0.9999996978532033
1,0,0.5575062188533562
1,1,0.9999999999212831
1,1,0.9999999999984095
1,1,0.9999999956753026
1,1,0.9999999999999699
1,1,0.9999999999999699
1,1,0.9999999999999258
1,1,0.9999999929099301
1,1,0.9999999999999699
1,1,0.999999889279415
1,1,0.9915420901814818
1,1,0.9999999997852458
1,0,0.017768579392491848
1,1,0.9999999972177285
1,1,0.9999999698516165
1,1,0.9999999999999669
1,1,0.9999999971861063
1,1,0.9999998234930109
1,1,0.999999999999697
1,1,0.9999999999999699
1,1,0.9999999999999223
1,1,0.9999999994932965
1,1,0.999999999996017
1,1,0.9999999999999081
1,1,0.9999998488614661
1,1,0.9999999999999699
1,1,0.9999997867007302
1,1,0.9999999999995336
1,1,0.9613502640103743
1,1,0.9999985951475362
1,1,0.9999919773208525
1,1,0.9999999999999319
1,1,0.9999999999999699
1,1,0.9999998825264278
1,1,0.9999999999999699
1,1,0.9999999987676805
1,1,0.9999999999999395
1,1,0.9999996227848303
1,1,0.9999999962450972
1,1,0.9999999955350576
1,1,0.9999999999993991
1,1,0.9999999999999699
1,1,0.9999999999964878
1,1,0.9999999999999699
1,1,0.999999984074834
1,1,0.9999999998478144
1,1,0.9999995410835669
1,1,0.9999999992250111
1,1,0.9999999771125359
1,1,0.9999999999999699
1,1,0.9999994070269259
1,1,0.9999999999995508
1,1,0.9999999999999699
1,1,0.9999999989244777
1,0,2.3167725527987363e-05
1,0,0.0007275552221038327
1,1,0.9999999999988054
1,1,0.9999999999999699
1,1,0.9999999999935815
1,1,0.7458133753840864
1,1,0.9999997540712927
1,1,0.9999999999999699
1,1,0.9999999999999699
1,0,2.539127874037115e-05
1,1,0.9999999999999699
1,1,0.9999999999999699
1,1,0.999999999985062
1,1,0.9999999999999699
1,1,0.9999999999999699
1,0,0.1293048130961546
1,1,0.9999999999984632
1,1,0.9999999475581192
1,1,0.9999999999924851
1,1,0.9999999998753553
1,1,0.9999999999975726
1,1,0.9999999991554238
1,1,0.9968229423125405
1,1,0.9999995447751062
1,1,0.9999999983658202
1,1,0.9999999996857685
1,1,0.9999999999460201
1,1,0.9999999902929312
1,1,0.9999999999999699
1,1,0.9999999999997694
1,1,0.9999999966888251
1,1,0.9999999999814869
1,1,0.9999999904950544
1,1,0.9999999999996518
1,1,0.9999999999999699
1,1,0.9999999999999699
1,1,0.9999999999999699
1,1,0.9999999999717505
1,1,0.9999999999999699
1,1,0.9999999999918167
1,1,0.9999999999999699
1,1,0.9999999999962937
1,1,0.9999999999999699
1,1,0.9999999999995831
1,1,0.9999999168784228
1,1,0.9999999999963916
1,0,0.00011669858760957738
1,1,0.9999999999474009
1,1,0.9999999956166926
1,1,0.9999999998718432
1,1,0.9999999990968659
1,1,0.999999867531176
1,1,0.9999999999429947
1,1,0.9999999999999699
1,1,0.9999999816454829
1,1,0.9999999999337844
1,1,0.9999999999993606
1,1,0.9999999999999699
1,1,0.9999999416629297
1,1,0.9999999999997354
1,1,0.9999999983036258
1,1,0.9999999993111263
1,1,0.9999988848352535
1,1,0.9999999999508195
1,1,0.9966324526190681
1,1,0.9999999999992901
1,1,0.9999999999999699
1,1,0.8813610500382764
1,1,0.9999999998691071
1,1,0.9999999999999699
1,1,0.9999999999940181
1,1,0.9999999995897123
1,0,0.0031186391282690827
1,1,0.9999999999999699
1,1,0.9999999812392724
1,1,0.9999999999802401
1,1,0.9999999999999699
1,1,0.9999999999853242
1,0,0.28593997538373417
1,1,0.999999999942295
1,1,0.9999999965851133
1,1,0.9999999999999699
1,1,0.9912310382760573
1,1,0.9999999999999699
1,1,0.9999999999999699
1,1,0.9999999996784777
1,1,0.9999999999737736
1,1,0.8469607577142708
1,1,0.9999999999982156
1,1,0.9999995579322524
1,1,0.999999997737173
1,1,0.9999999999180995
1,1,0.9999819229210444
1,1,0.9999999998895361
1,1,0.9999999999999699
1,1,0.9999999908490123
1,1,0.9999999999999699
1,1,0.960353499664438
1,1,0.9999999999999266
1,1,0.9999999999897774
1,1,0.9802628698882206
1,1,0.7660345297516489
1,1,0.9999999999999699
1,1,0.997457212019825
1,1,0.9999999999992991
1,1,0.9999999999885044
1,1,0.9999999543099082
1,1,0.9999999999204425
1,1,0.9999999999999699
1,1,0.9999999996540745
1,1,0.9999999999999699
1,1,0.9841841469208251
1,1,0.980605364248393
1,1,0.8578126428918845
1,1,0.9999999871252766
1,1,0.9999999999999699
1,1,0.9935438799211157
1,1,0.9602450724220951
1,1,0.9999999999943953
1,1,0.9999999999961358
1,1,0.9883050935390386
1,1,0.9999999999197654
1,1,0.9999999999999699
1,1,0.9999999999883284
1,1,0.9999999999997597
1,1,0.9999989493393725
1,1,0.9999999999998609
1,1,0.9999999999999699
1,1,0.999999999997348
1,1,0.9999999989369296
1,1,0.999999999997785
1,1,0.9999999999999699
1,1,0.9999999999999699
1,1,0.9999999999918125
1,1,0.9999999996392613
1,1,0.9999996548123701
1,1,0.9999999998647603
1,1,0.9999999999999699
1,1,0.9999999999999699
1,1,0.9999999999317164
1,1,0.999999999993814
1,1,0.9999999999999699
1,1,0.9999999034386614
1,1,0.9999999999877942
1,1,0.9999902828567913
1,1,0.9999999998888198
1,1,0.9999999999999699
1,1,0.996790921420757
1,1,0.9999999981505235
1,1,0.9950989885517578
1,1,0.9999998458136189
1,1,0.9999999999999699
1,1,0.9999999999999699
1,1,0.9999999999999699
1,1,0.9999999999997706
1,1,0.9999999999998862
1,1,0.9999999998285335
1,1,0.9999999999999699
1,1,0.9999999982646244
1,1,0.9999999999907271
1,1,0.9999999999999699
1,1,0.9999999144539027
1,1,0.9999999929754984
1,1,0.9999999995152964
1,1,0.9999999999999699
1,0,0.38236047385261424
1,1,0.9999999998116431
1,1,0.9999999999999699
1,1,0.9999999695681283
1,1,0.9999999998872764
1,1,0.9999999999999699
1,1,0.9999999992160428
1,1,0.9999999990230232
1,1,0.9999916075619191
1,1,0.9999999999999699
1,1,0.9999999999998683
1,1,0.9999999999991297
1,1,0.9999999999972343
1,1,0.9999987024745295
1,1,0.9999999999999699
1,1,0.9999999999060042
1,1,0.9999999070392402
1,1,0.9967237067949968
1,1,0.9999999999998853
1,1,0.9999999999999699
1,1,0.9999999999999699
1,1,0.9999999999916208
1,1,0.9999999999965228
1,1,0.9999999999997474
1,1,0.9999999999999455
1,1,0.9999999968019642
1,1,0.9999999999001119
1,1,0.9999999999341169
1,1,0.9999999998714042
1,1,0.6701700457690263
1,1,0.9999999996551745
1,1,0.9999999999900306
1,1,0.9999999996751578
1,1,0.9999999999999699
1,1,0.9999999499472574
1,1,0.9999999999597169
1,1,0.9517678044557293
1,1,0.9999999821716112
1,1,0.9999999905915762
1,1,0.9999999999999692
1,1,0.9999999999999607
1,0,0.04250638933446322
1,1,0.999989433688516
1,1,0.9999999999999687
1,1,0.999999999999814
1,1,0.9999999999999052
1,1,0.999999999999262
1,1,0.9999999998038182
1,1,0.9999999999999699
1,1,0.9999999999999699
1,1,0.9999999999275138
1,1,0.9999979545217532
1,1,0.9999999633381709
1,1,0.9999999999999699
1,1,0.9999999999999699
1,1,0.9999999996591419
1,1,0.9999999999999699
1,1,0.9999999999999699
1,1,0.99999899828309
1,1,0.9999999999903656
1,1,0.9999999999998255
1,1,0.9999999999024406
1,1,0.9999999996492056
1,1,0.9999999999999699
1,1,0.9999999998748136
1,1,0.9999999999999699
1,1,0.9999999991245381
1,1,0.9999999999999699
1,1,0.9999999999999699
1,1,0.999999999980938
1,1,0.7798778872619337
1,1,0.999999964641907
1,1,0.9999999999918883
1,1,0.9999999999999699
1,1,0.999999978890784
1,1,0.9999999999999699
1,1,0.9999999999869282
1,1,0.9999999999995306
1,1,0.9999999999999317
1,1,0.9999999999998799
1,1,0.9999999989888533
1,1,0.9999998529998292
1,1,0.9578777188245865
1,1,0.9999999999690814
1,1,0.9999999999999699
1,1,0.9999999999995646
1,1,0.9999999999820217
1,1,0.9999999995714706
1,1,0.9999999989600497
1,1,0.999999999998999
1,1,0.99999999927144
1,1,0.9999999999999699
1,1,0.9999999915365745
1,1,0.9999999995562157
1,0,1.1203828541878783e-05
1,1,0.9999999959819861
1,1,0.9999999999999576
1,1,0.9999999999998906
1,1,0.9999999999266417
1,1,0.9999999999997895
1,1,0.9999998438635541
1,1,0.9999948600213482
1,1,0.999999999959646
1,1,0.9999999999999699
1,1,0.9999886675618564
1,1,0.9999999999999699
1,1,0.9999999999999699
1,1,0.9999999999891296
1,1,0.9999999999999699
1,1,0.999999962694764
1,1,0.9999999999605945
1,1,0.9999999999775556
1,1,0.999999999963316
1,1,0.9999999991467167
1,1,0.9999999996186257
1,1,0.9999999999999699
1,1,0.9999999930204226
1,1,0.9999999999999699
1,1,0.9999999999552507
1,1,0.9999999999999699
1,1,0.9999999999994685
1,1,0.9999999999998144
1,1,0.9999999962326914
1,1,0.995510651586428
1,1,0.9999999996620019
1,1,0.9999999998737226
1,1,0.9999999999993808
1,1,0.9999999999999699
1,1,0.9999999710984414
1,1,0.9912084376839189
1,1,0.9999999991044555
1,1,0.9999999978484718
1,1,0.9999999999999699
1,1,0.9999997333739705
1,1,0.9999998406714585
1,1,0.9999999928286232
1,1,0.9999999802454526
1,1,0.9999999999999699
1,1,0.9999999999999699
1,1,0.9999999917828112
1,1,0.9999999999995813
1,1,0.9999999920033102
1,1,0.9999896613220518
1,1,0.999999999999669
1,1,0.9999999951000682
1,1,0.9999999998720134
1,1,0.9999999997865668
1,1,0.9999999999987425
1,1,0.9999999999999699
1,1,0.9999999985706511
1,1,0.9999999983412079
1,1,0.9999999999604267
1,1,0.9947519014677508
1,1,0.9999999999999699
1,1,0.9999999984920884
1,1,0.9999999927567477
1,1,0.9999999999926926
1,1,0.9999999999999699
1,1,0.9999999597868416
1,1,0.999999999525199
1,1,0.9999999999999699
1,1,0.9999999979664964
1,0,0.519598862257669
1,1,0.9999999506031204
1,1,0.9999999999999699
1,1,0.9999999999999699
1,1,0.9999995463913595
1,1,0.9999999997805217
1,1,0.9999999999954231
1,1,0.9999999999177109
1,1,0.9999999999426853
1,1,0.9934665191231501
1,1,0.9999999999356991
1,1,0.9999999999999699
1,1,0.9999999999916566
1,1,0.9999999995834877
1,1,0.999999957447337
1,1,0.9999999999999699
1,1,0.9999998480565749
1,1,0.9999999991076379
1,0,0.32248036495472715
1,1,0.9999996661302324
1,1,0.6931754819195045
1,1,0.9999999999999699
1,0,0.002026172779114355
1,1,0.9999999992057346
1,1,0.9872699879314036
1,1,0.999999999864098
1,1,0.9999999999999699
1,1,0.9999999999515093
1,1,0.9999999999724418
1,1,0.9999999957031575
1,1,0.9999999999921177
1,1,0.9999999999073881
1,1,0.9999999999999685
1,1,0.9999999999999699
1,1,0.9999999999996629
1,1,0.9999999999999699
1,1,0.9999999674170703
1,1,0.9999999999998042
1,1,0.9999999999999699
1,1,0.9999999999287891
1,1,0.9999999999978867
1,1,0.9561307243659388
1,1,0.9999932019986407
1,1,0.9999999995754083
1,1,0.705766790011838
1,1,0.9999999958322965
1,1,0.9999999999933652
1,1,0.9999999998993334
1,1,0.9999999996740784
1,1,0.999999896457607
1,1,0.9999999999999699
1,1,0.9999999999999201
1,1,0.9999999999999699
1,1,0.8357951753943391
1,1,0.9999999999853245
1,1,0.9999999999999699
1,1,0.9999999999999699
1,1,0.999999999380409
1,1,0.9999999998173285
1,1,0.9999999963716206
1,1,0.9999989930497025
1,1,0.9999998730905785
1,1,0.9999999999999699
1,1,0.9999999003076362
1,1,0.9999999999094739
1,1,0.9999999999732213
1,1,0.9999999994753899
1,1,0.9999999999999699
1,1,0.9999999931623034
1,1,0.999999999971257
1,1,0.9999999999999699
1,0,0.0001744286591271046
1,1,0.9999999999999699
1,1,0.9999999999986443
1,1,0.9999999999999699
1,1,0.9999999999998451
1,1,0.9999999667533237
1,1,0.9999999999999699
1,1,0.9999999999886413
1,1,0.9999942015275614
1,1,0.9999999999999699
1,0,9.784849030732317e-07
1,1,0.9999993685268298
1,1,0.916925780978448
1,1,0.9999999999988269
1,1,0.9922629672618449
1,0,0.07448526850579076
1,1,0.9999999999999699
1,1,0.9999999992331008
1,1,0.9970232324390219
1,1,0.9999999999999206
1,1,0.9964072060236895
1,1,0.999999541323899
1,1,0.9999999999995924
1,1,0.9999999999929915
1,1,0.9999999978887282
1,1,0.9999999999999064
1,1,0.9999999661975937
1,1,0.9999999999987901
1,1,0.999999996882468
1,1,0.9999999989519004
1,1,0.9999999999999699
1,1,0.9999999999999699
1,1,0.9806485814359318
1,1,0.9999999999999699
1,1,0.9999999999999699
1,1,0.9924564189078708
1,1,0.9999988153972159
1,1,0.9999999999980872
1,1,0.9999999999999699
1,1,0.9999999687778778
1,1,0.9999999999996799
1,1,0.9999996473042667
1,1,0.9999999999984523
1,1,0.9999999998839172
1,1,0.9999999442873346
1,1,0.9999999939541108
1,1,0.9999999999999699
1,1,0.9999999883699935
1,1,0.9999999999288527
1,1,0.999999999179441
1,1,0.9999999982777571
1,1,0.8618320304159882
1,1,0.987081783163595
1,1,0.9999999922658465
1,1,0.9999999999803661
1,1,0.9999999999999699
1,1,0.9999996386278841
1,1,0.9999999957642141
1,1,0.7839081028655258
1,1,0.9999999992567716
1,1,0.9999999999996495
1,1,0.9999999999999699
1,1,0.9999850605310053
1,1,0.9999999892145977
1,1,0.7519251588855358
1,1,0.9999968183612401
1,1,0.9965830392913106
1,1,0.9999999014297778
1,0,0.00010665311802251064
1,1,0.9999999999999699
1,1,0.9999999938544223
1,1,0.9999999999615643
1,1,0.9999999999999699
1,1,0.9999999999999699
1,1,0.9999999999003506
1,1,0.9999999999646864
1,1,0.999999998147841
1,1,0.9999999999999531
1,1,0.9999999999996456
1,1,0.9999983319156117
1,1,0.9999999999999699
1,1,0.999999999982416
1,1,0.9967611278412795
1,1,0.771060854831646
1,1,0.999999999999694
1,1,0.9999999999983755
1,1,0.9999999999999626
1,1,0.999999998956478
1,1,0.9999999953761363
1,1,0.9999999999611529
1,1,0.999999992819207
1,1,0.9999999999996937
1,1,0.9999999999999699
1,1,0.9999999999999699
1,1,0.9999999999551353
1,1,0.9999999966501882
1,1,0.9999999999966502
1,1,0.9999999970746172
1,1,0.9999999999417779
1,1,0.9999999999986957
1,1,0.9999999804118967
1,1,0.9999999999999699
1,1,0.9999999999999699
1,1,0.9999999999999699
1,1,0.9999910877352534
1,1,0.9999992629007817
1,1,0.9999999996578476
1,1,0.9999999999999699
1,1,0.9999999999417007
1,1,0.9999999999995378
1,1,0.9999994431794678
1,1,0.9999999486183264
1,1,0.9999997733513055
1,1,0.9999999999832088
1,1,0.999999999999934
1,1,0.9999999999999389
1,1,0.9999999996937973
1,1,0.9999999999999275
1,1,0.999999999999782
1,1,0.9999986779738059
1,1,0.9999999999999699
1,1,0.9999999999999699
1,1,0.9999999999946843
1,1,0.9999999999951287
1,1,0.9928188561795039
1,1,0.9999999999921044
1,1,0.9999996101783424
1,1,0.9999999954882136
1,1,0.9999999999999611
1,1,0.9999999999999699
1,1,0.9999998273235252
1,1,0.9999999981277446
1,1,0.9999999999993813
1,0,0.5061211974609884
1,1,0.9999999997293281
1,1,0.9999999711856581
1,1,0.9999999972371393
1,1,0.9999999831519258
1,1,0.9999999998205441
1,1,0.9999999999999699
1,1,0.9999994792540612
1,1,0.9999998406857686
1,1,0.9999999990456888
1,1,0.7621357285201458
1,1,0.9999999991290331
1,1,0.9999999999999699
1,1,0.9999999997903092
1,1,0.9999999999497958
1,1,0.9999999999999699
1,1,0.9999998988084011
1,1,0.9999999982524524
1,1,0.9999999999990754
1,1,0.9999999998691584
1,1,0.9999999999993057
1,1,0.9999998274050932
1,1,0.9999999999984268
1,1,0.8088437853011073
1,1,0.9999999999997649
1,1,0.9999999999361925
1,1,0.9999999999932663
1,1,0.9999999608832673
1,1,0.9999999999999699
1,1,0.9999999999997364
1,1,0.999999999988309
1,1,0.9999978978131695
1,1,0.9878710190533968
1,1,0.9999999999999699
1,1,0.9999999999965542
1,1,0.999999999999962
1,1,0.9999999999990719
1,1,0.9999999999999699
1,1,0.9999999999983675
1,1,0.9999999756445055
1,1,0.9999999999999699
1,1,0.9999999999882999
1,1,0.9801278761065129
1,1,0.9999999999593292
1,1,0.999999999999447
1,1,0.9999999999999699
1,1,0.9999999976081878
1,1,0.9999999999999699
1,1,0.9999821562208688
1,1,0.9999999912709213
1,1,0.9999999999898576
1,1,0.9957225510945512
1,1,0.9999999999924957
1,1,0.9999999999990041
1,1,0.9999999999999699
1,1,0.999999999997759
1,1,0.9999999999999045
1,1,0.9999999999999699
1,1,0.9999999999999699
1,1,0.9999999999997591
1,1,0.9999999999999498
1,0,2.852415640340811e-05
1,1,0.9858202600109021
1,1,0.9999999999999699
1,1,0.9999998884682381
1,1,0.9999999999999699
1,1,0.9999999999999699
1,1,0.9999999999014334
1,1,0.9999999990242188
1,1,0.8785540855357679
1,1,0.9999999999999699
1,1,0.9999999999999448
1,1,0.9999999999999699
1,1,0.9999999999999699
1,0,0.20884398567032322
1,1,0.9999999989915479
1,1,0.9999999979019454
1,1,0.9999999996058172
1,1,0.9999999999999699
1,1,0.9999967919495621
1,1,0.9999999999999699
1,1,0.9999999999999699
1,1,0.9999999994460822
1,1,0.9999999012109513
1,1,0.9999999985585402
1,1,0.9999999999943817
1,1,0.9999999999440239
1,1,0.9999999112922892
1,1,0.9408619735652078
1,1,0.9999999995633803
1,1,0.9999999998853514
1,1,0.9999999999999699
1,1,0.9999999111387414
1,1,0.9999999999443454
1,1,0.9999999999811419
1,1,0.9999999999999699
1,1,0.9999999999999699
1,0,0.48940604663082016
1,1,0.9999999999804767
1,1,0.9999999999462025
1,1,0.9999999999999699
1,1,0.9999999999999699
1,1,0.9999999995856532
1,1,0.9999999999999597
1,1,0.9999999975462543
1,1,0.9999999999999699
1,1,0.9999999999999699
1,1,0.9999999999118241
1,1,0.9999999999999363
1,1,0.9999999999995167
1,1,0.9999999999999699
1,1,0.9896195266264131
1,1,0.9999999999999699
1,1,0.9999999999998481
1,0,0.11043906671016789
1,1,0.9999999999999699
1,1,0.9999999999999699
1,1,0.9999999999969742
1,1,0.999999998060852
1,1,0.9999999999528459
1,1,0.9999999999999699
1,1,0.9999999999999699
1,1,0.9999999999999699
1,1,0.9999999999912889
1,1,0.5830189583455315
1,1,0.9999999999999699
1,1,0.9999999999998864
1,1,0.9732952265008572
1,1,0.9999999999905667
1,1,0.9999999999999699
1,1,0.9999999718183759
1,1,0.9999999853104976
1,1,0.9999999999594555
1,1,0.9999999999999565
1,1,0.9999999115611651
1,1,0.9999999999999699
1,1,0.9999999999922686
1,1,0.9999999999997996
1,0,0.000754981016585608
1,1,0.9999999999999699
1,1,0.9999999999999699
1,1,0.9999999999999699
1,1,0.9999999999999699
1,0,0.021574033325466056
1,1,0.9999999999999699
1,1,0.9257927160601223
1,1,0.9999999999999699
1,1,0.9999999999365905
1,1,0.9886052914543835
1,0,0.24829698905836642
1,1,0.9999999999440022
1,0,0.0009744920590381658
1,1,0.9999999999999699
1,1,0.999999999999354
1,0,0.01733412516124508
1,1,0.9999999999999699
1,1,0.9999999999958081
1,1,0.9937588718591146
1,1,0.9999999999897344
1,1,0.9999999997744967
1,1,0.9999999999999699
1,1,0.9999999999731758
1,1,0.9999999999613168
1,1,0.9999999999974385
1,1,0.9999997530862513
1,1,0.9999999579587502
1,1,0.9999999986990296
1,1,0.9999999999999699
1,1,0.9346810676479193
1,1,0.9999999998590492
1,1,0.9999999997866095
1,1,0.9999993308023681
1,1,0.9999999999980776
1,1,0.9999999999940798
1,1,0.9999999983187711
1,1,0.9999999999999699
1,1,0.9999999999999699
1,1,0.9999999999999699
1,1,0.999999999997692
1,1,0.9999999999841979
1,1,0.9999999999986493
1,1,0.9999999999402203
1,1,0.9999999993986987
1,1,0.9999961134164292
1,1,0.9999999988849496
1,1,0.9999997519393
1,1,0.9999999996795816
1,1,0.9999999999983673
1,1,0.9999946665386085
1,1,0.9999999999999699
1,1,0.9999999999999216
1,1,0.9999995484783205
1,1,0.9999999999999699
1,1,0.9999999999933251
1,1,0.9999999999999699
1,1,0.9999999999999473
1,1,0.999999942998693
1,1,0.9999999999999699
1,1,0.9999999998412982
1,1,0.9999999999999699
1,1,0.9999999967283105
1,1,0.999999999999942
1,1,0.9999999991968638
1,0,0.0004482034331029188
1,1,0.99730990254349
1,1,0.9999999999142946
1,1,0.9999999999950919
1,1,0.9999999999999699
1,1,0.999999806308583
1,1,0.9999999999985052
1,1,0.9999999993782497
1,1,0.9999999998201813
1,1,0.9999999999847787
1,1,0.9999999999990002
1,1,0.9999999996129069
1,1,0.9999999999999699
1,1,0.999999998060504
1,1,0.9999981325939405
1,1,0.9999999999999699
1,1,0.9999999999999699
1,1,0.9999999998889275
1,1,0.9999999998984292
1,1,0.9999999999996804
1,1,0.9999988041491416
1,1,0.9999999999638711
1,1,0.9999999973443968
1,1,0.9999999999999699
1,1,0.9999999998773148
1,1,0.9999999998782105
1,1,0.9999999999963073
1,1,0.999999999704452
1,1,0.9999999999403518
1,1,0.999999999927712
1,1,0.9999999996999479
1,0,0.4292096461272628
1,1,0.9965599197501438
1,1,0.9999999999997307
1,1,0.9999999842509363
1,1,0.9964603891161453
1,1,0.9999999993587663
1,1,0.9999999999999699
1,1,0.9999999999999699
1,1,0.9999999999974243
1,1,0.9999999999999699
1,1,0.9999992354581877
1,1,0.9999999999996947
1,1,0.9999999999982031
1,1,0.999999998874926
1,1,0.9999999999999699
1,1,0.9999999995379799
1,1,0.9999999999999699
1,1,0.9999999999999699
1,1,0.9999984095751124
1,1,0.999999135922283
1,1,0.9999999999931442
1,1,0.999999992449127
1,1,0.9999999999999699
1,1,0.9999999999999699
1,1,0.9999999999687276
1,1,0.9999999999819055
1,1,0.9999999999998714
1,0,0.36123995269045817
1,1,0.9999999999999699
1,1,0.990561156782646
1,1,0.9999999999999699
1,1,0.9999999999999699
1,1,0.9999999999999699
1,1,0.9999999953444586
1,1,0.9999999999999699
1,1,0.9999999959921911
1,1,0.9999999999999699
1,1,0.9966113207956729
1,1,0.9999999999504946
1,1,0.9999999999994502
1,1,0.9999999871537236
1,0,9.29491891651704e-07
1,1,0.9999999993928596
1,1,0.9999999999898503
1,1,0.9999999999999699
1,1,0.9999999385934287
1,1,0.9999999979149039
1,1,0.9753777312554976
1,1,0.9999999999999308
1,1,0.9999999992475797
1,1,0.9999997634657226
1,1,0.9999995129691325
1,1,0.9843747741516516
1,1,0.9999999999216246
1,1,0.9999999999999699
1,1,0.9999999999999699
1,1,0.9999999999973795
1,1,0.9999999994161445
1,1,0.9999999998224574
1,1,0.9999999998560509
1,1,0.7669085117534531
1,1,0.9999999999976147
1,1,0.9999999999998872
1,1,0.9999999999999699
1,1,0.9999999998873235
1,1,0.989638348481008
1,1,0.9999967579964537
1,1,0.7937578271672179
1,0,0.0007176034676708206
1,0,0.3708351477368631
1,1,0.9999999762941091
1,1,0.9999919220652238
1,1,0.9999999999879499
1,1,0.9999999999885867
1,1,0.9999999999988052
1,1,0.9999999888936634
1,1,0.9999998119215254
1,1,0.9999999978192634
1,1,0.9999999999987568
1,1,0.9999998985784879
1,1,0.9999999999725128
1,1,0.999999999852089
1,1,0.9999999999996129
1,1,0.9999958142203048
1,1,0.9999999996671864
1,1,0.9999999800715916
1,1,0.9999999882802496
1,1,0.9999999999670914
1,1,0.9999999773904598
1,1,0.9999999999999699
1,1,0.9999999999999699
1,1,0.9999999999999699
1,1,0.9999999999798783
1,1,0.9999999999999591
1,1,0.9999999999999699
1,1,0.9999999999999699
1,1,0.9954737145752713
1,1,0.9999999999965737
1,1,0.9999987169727258
1,1,0.9999999998752457
1,0,2.505325317996557e-05
1,1,0.9999999993694738
1,1,0.999999999853117
1,1,0.9999999999986608
1,1,0.9999999999999699
1,1,0.9999999960722444
1,1,0.9999999997335973
1,1,0.9999999999968437
1,1,0.9999999998248963
1,1,0.9999999988462248
1,1,0.999999999041292
1,1,0.9999999999990181
1,1,0.9999999920271937
1,1,0.9999999999905511
1,1,0.9999999999999699
1,1,0.9999961776262241
1,1,0.9999999977760247
1,1,0.9999999911918437
1,1,0.9999999966965466
1,1,0.9999999999999699
1,0,0.13924485281941631
1,1,0.9999999999999699
1,1,0.9999999999999699
1,1,0.9999999999999699
1,1,0.9999999975169952
1,1,0.9999999825074419
1,1,0.9999917855234143
1,1,0.9999999999995295
1,1,0.999999999997199
1,1,0.9999999999946977
1,1,0.9999999149711052
1,1,0.999999974117172
1,1,0.9709151391424196
1,1,0.9999999997728951
1,1,0.9999999613841305
1,1,0.9999999999169877
1,1,0.9967055779380788
1,1,0.9999999987172363
1,1,0.9999999759354404
1,1,0.9999999999999699
1,1,0.9999999999998295
1,1,0.9999999999999699
1,1,0.9999999727979494
1,1,0.9999999997619606
1,1,0.9999999999999699
1,1,0.99999999991067
1,1,0.9999999999999555
1,1,0.9999999999999699
1,1,0.9999996941493278
1,1,0.9896161954306658
1,0,3.592831913852856e-07
1,1,0.9999998849575955
1,1,0.9999999995384378
1,1,0.9999999711054048
1,1,0.9999999999999699
1,1,0.9999909797020184
1,1,0.999999815649954
1,1,0.9999999999999699
1,1,0.9999999999996687
1,1,0.9999999964793541
1,1,0.9999999999999699
1,1,0.9999999998370529
1,1,0.9999999999999699
1,1,0.888540662100671
1,1,0.999999999998257
1,0,0.3574897407087062
1,1,0.9999999999649347
1,1,0.9999999999999699
1,1,0.9999999999999699
1,1,0.9999999999999699
1,1,0.9935719125008218
1,1,0.9999999999678694
1,1,0.9999999977506598
1,1,0.9999999999999699
1,1,0.9999999999999699
1,1,0.9999999789850099
1,1,0.9999999999999699
1,1,0.9999999919874097
1,1,0.9999999999995132
1,1,0.9999999999999699
1,1,0.9999999999996582
1,1,0.9999999999999699
1,1,0.9999999999999699
1,1,0.9999999999999699
1,1,0.9999999999881667
1,1,0.9999999999993391
1,1,0.9999999999997905
1,1,0.9681587290737396
1,1,0.9999999998957484
1,1,0.9999999999969053
1,1,0.9999999999991505
1,1,0.9999999989398535
1,0,0.1353612208447808
1,1,0.9999999999076772
1,1,0.9999999999999699
1,1,0.9999999999922773
1,1,0.9999999999999699
1,1,0.9999999998127398
1,1,0.9999999999980068
1,1,0.9999999979489845
1,1,0.9999999999999699
1,1,0.999998234238018
1,1,0.999999999998344
1,1,0.9999999999984984
1,1,0.9999999999618664
1,1,0.9953281873159092
1,1,0.999999999776313
1,1,0.9999999998617354
1,1,0.9999999999999699
1,1,0.9999999999974775
1,1,0.9999999993849279
1,1,0.9999992170759525
1,1,0.9999999999301276
1,1,0.9999999997932987
1,1,0.9999999997181717
1,1,0.9999999999972925
1,1,0.9999999989346218
1,1,0.9999999999999699
1,1,0.9999999999999699
1,1,0.9999999999999699
1,1,0.9999999257351115
1,1,0.9999999999999699
1,0,0.5082885770376077
1,1,0.9999999999997221
1,1,0.9999999999999699
1,1,0.9999999999962541
1,1,0.9999999999998336
1,1,0.9999999975666439
1,1,0.9999999999999699
1,1,0.9999999999999648
1,1,0.9999999997843156
1,1,0.9999999513391328
1,1,0.9999999999997041
1,0,0.00017718365647834705
1,1,0.7069485300349706
1,1,0.9999979699423334
1,1,0.9999999999999699
1,1,0.999999990526603
1,1,0.9999999999999699
1,1,0.9999999999999699
1,1,0.9999999998924621
1,1,0.9999999999999699
1,1,0.9999999999999699
1,1,0.9999999982583001
1,1,0.9999999999999699
1,1,0.9999921942598871
1,1,0.9759296471822954
1,1,0.9999999999999699
1,1,0.9999999999999699
1,1,0.9999997968453728
1,1,0.9999999829712874
1,1,0.9999999999999699
1,1,0.9999999999999699
1,1,0.9999999999999699
1,1,0.9999999996140149
1,1,0.9999999999876583
1,1,0.9999999999999699
1,1,0.9999999999999699
1,1,0.9999999978655938
1,1,0.999999999999955
1,1,0.999999999962163
1,1,0.9999999992647404
1,1,0.9999999033231624
1,1,0.9999999999997679
1,1,0.9999999999997028
1,0,0.024326046912241196
1,1,0.9446056785003984
1,1,0.9624964202919114
1,1,0.9999999999999699
1,1,0.9999998491164623
1,1,0.9999999999957727
1,1,0.9999999995420743
1,1,0.9999999999999699
1,1,0.9999999999999699
1,1,0.9999998960466664
1,1,0.9999976264790095
1,1,0.9999999999999699
1,1,0.9999999999999699
1,1,0.9999999999999696
1,1,0.999999999925705
1,1,0.9999999999834168
1,1,0.9999999999999699
1,1,0.9999999999899171
1,1,0.9999999999999699
1,1,0.9999999999965308
1,1,0.999999999996788
1,1,0.999999999999792
1,1,0.9999998333431975
1,1,0.9999999999999699
1,1,0.9999999999999699
1,1,0.9999999999875386
1,1,0.9999999999999699
1,1,0.9999999993008992
1,1,0.9999999999944573
1,1,0.9999999992246961
1,1,0.9999987269233307
1,1,0.9999999991290828
1,1,0.8891201909447477
1,1,0.9999999999999699
1,1,0.9999999999999699
1,1,0.9999999987006557
1,1,0.9999999990322347
1,1,0.9999999994150752
1,1,0.9999999999933598
1,1,0.9999999985903163
1,1,0.9999999999999699
1,1,0.9999999741899608
1,1,0.970535271422998
1,1,0.9999999999999699
1,1,0.9999999999747267
1,1,0.9999957903098995
1,1,0.9999999999999699
1,1,0.9999998247669132
1,1,0.9999999985346575
1,1,0.9999999999999699
1,1,0.9999999999998949
1,1,0.9999999999999699
1,1,0.9999999999996393
1,1,0.9999999999999699
1,1,0.99999999999899
1,1,0.9999999999999699
1,1,0.9999999999987359
1,1,0.9999999885968456
1,1,0.9974691955853524
1,1,0.999999999999792
1,1,0.9999999999961464
1,0,0.001999744001541468
1,1,0.9999999999999699
1,1,0.9999999988001794
1,1,0.9999999999999699
1,1,0.911359801889731
1,1,0.9999999999999699
1,1,0.9999999997980696
1,1,0.9999999999996886
1,0,7.909374142367661e-05
1,1,0.9999999999999699
1,1,0.9999999999279456
1,1,0.9999999999984213
1,1,0.9999999999999699
1,1,0.9999999999999699
1,1,0.9999999999999699
1,1,0.9999999999999699
1,1,0.9999999985956521
1,1,0.9999999991738376
1,1,0.9838528304148464
1,1,0.9999999999999699
1,1,0.9999999999999699
1,1,0.9999999999999699
1,1,0.9999999999777348
1,1,0.9999999158238286
1,1,0.9999999999237033
1,1,0.9999999949815845
1,1,0.9999999999969958
1,1,0.9956070481425683
1,1,0.9999999999999699
1,1,0.9999999999987473
1,1,0.999999999998922
1,1,0.9999999999999699
1,1,0.9999999999999368
1,1,0.9999999999999647
1,1,0.9999999805992199
1,0,0.029932817563621938
1,1,0.9999999999590873
1,1,0.9999999999697408
1,1,0.9999999999980341
1,1,0.9999999999999699
1,1,0.9999999999999699
1,1,0.9999999999999699
1,1,0.9999997423881954
1,1,0.9999999999743163
1,1,0.9999998844393553
1,1,0.9999999999999699
1,1,0.9999998591540009
1,0,0.013397746754587077
1,1,0.9999999971052209
1,1,0.9999999999223528
1,1,0.999999996075956
1,1,0.9954542519387283
1,1,0.9999997884217409
1,1,0.9999999996082094
1,1,0.9999999999999699
1,1,0.9999999999973314
1,1,0.9999999815210542
1,1,0.999999999179677
1,0,0.14079056528662706
1,1,0.9999999999998019
1,1,0.9999999997367782
1,1,0.9999999999768031
1,1,0.9999984055785454
1,1,0.9999999684332274
1,1,0.9999999999989293
1,1,0.999999999973097
1,1,0.9999999999998938
1,1,0.9999999999999699
1,1,0.9999999999807413
1,1,0.9999875637226351
1,1,0.9999999924317474
1,1,0.9999999999981843
1,1,0.999999999893474
1,1,0.9999999998948205
1,1,0.999999999999968
1,1,0.9808862018541694
1,1,0.9999999997275664
1,1,0.9999999999999699
1,1,0.9999999977238203
1,1,0.9999999991999649
1,0,0.19131025727932735
1,1,0.9999999999999699
1,1,0.9999999999999699
1,1,0.9999999999999699
1,1,0.9999999999999699
1,1,0.9921930002287971
1,1,0.9999999999999699
1,1,0.9999999999999699
1,1,0.9999980626024487
1,1,0.9999999999999699
1,0,0.257438665456855
1,1,0.9999999999431335
1,1,0.9999999999999699
1,1,0.9999994726639191
1,1,0.9999970189593161
1,1,0.999999999131651
1,1,0.9999999995067989
1,1,0.9999999999999699
1,1,0.9999999999999699
1,1,0.9999999999999584
1,1,0.9999999999758583
1,1,0.9999999999995595
1,1,0.9999999999177696
1,1,0.9999998560598174
1,1,0.9999999989029354
1,1,0.9999999976024031
1,1,0.9999999998402579
1,1,0.9999999999982827
1,1,0.9999999999978378
1,1,0.9999999999997486
1,1,0.9999999987141904
1,0,0.24054476393925386
1,1,0.9999998017554681
1,1,0.9999999999522033
1,1,0.9999999999999699
1,1,0.9999999994386726
1,0,0.2674235690654566
1,1,0.9999999999999699
1,1,0.9999999846404003
1,1,0.9999999862228786
1,1,0.9999999999999699
1,1,0.9999999999999699
1,1,0.9999999899197207
1,1,0.9999999999999699
1,1,0.9999999999999699
1,1,0.9999999999909467
1,1,0.9999999993010461
1,1,0.999999989364429
1,1,0.999996456180003
1,1,0.9999999999353177
1,1,0.9999999999952559
1,1,0.9999999999985463
1,1,0.9999999989367783
1,1,0.9999999498248139
1,1,0.9999999999989503
1,1,0.6556024949958422
1,1,0.9999999999999699
1,1,0.999999993816974
1,1,0.999999554337692
1,1,0.999999999995268
1,1,0.9999999999999699
1,1,0.9999999999999699
1,1,0.9999999999999699
1,1,0.9999999999999699
1,1,0.9999999999638296
1,1,0.9999999999991467
1,1,0.9999999999999699
1,1,0.9999999999999699
1,1,0.9999999976257034
1,0,0.40098585879426696
1,1,0.9999999953173503
1,1,0.9999999999870026
1,1,0.9999999999999699
1,1,0.9999999979712214
1,1,0.9931281280669914
1,1,0.9999999999999699
1,1,0.9999999835375635
1,1,0.9999999999999699
1,1,0.9999999884218166
1,1,0.9999999960911815
1,1,0.9966495519615873
1,1,0.9999999999988745
1,1,0.9999999999837125
1,1,0.9999999999999699
1,1,0.9999999999993865
1,1,0.9999999999999699
1,1,0.9999999999999699
1,1,0.983508855334731
1,0,0.014560894772574775
1,1,0.9999999995198209
1,1,0.9999999529537524
1,1,0.9999999999717053
1,1,0.9999999999999699
1,1,0.9886554305689692
1,1,0.9999999999476883
1,1,0.9999999999991458
1,1,0.9999999999999699
1,1,0.999999999999944
1,1,0.9999999998025193
1,1,0.9999999999979242
1,1,0.9999999999996623
1,1,0.9999999999999699
1,1,0.9999999997076966
1,1,0.9999999998788583
1,1,0.9999999999394832
1,1,0.9999998319881754
1,1,0.9999999951178893
1,1,0.999988915755338
1,1,0.9999999999999699
1,1,0.9999848943770491
1,1,0.9719289601302568
1,1,0.9999999999972384
1,1,0.9999999999999215
1,1,0.9999999343506472
1,1,0.9999999884282172
1,1,0.9999997043153059
1,1,0.9999999952729716
1,1,0.9999999999999699
1,1,0.9999999999985864
1,1,0.9999999845786322
1,1,0.9999999999999393
1,1,0.9999999940746624
1,1,0.9999999999945608
1,1,0.9999999999743079
1,0,0.5615803386884691
1,1,0.9999999754922161
1,1,0.999999965554221
1,1,0.9999999999991872
1,1,0.9999999999999395
1,1,0.9999999874417722
1,1,0.6102432902879267
1,1,0.9999999999665211
1,1,0.9999999994145242
1,1,0.9999999999977399
1,1,0.9999999996264118
1,1,0.9999999999993295
1,1,0.9955836044754179
1,1,0.9999998445541596
1,1,0.9999997217393022
1,1,0.9999999999979505
1,1,0.5978390721089695
1,1,0.9999999997342949
1,1,0.99999999999591
1,1,0.9999997840758171
1,1,0.9999999999999699
1,1,0.9999929060726621
1,1,0.9999999999973059
1,1,0.9999999995155048
1,1,0.9968482682663008
1,1,0.9999999998885947
1,1,0.9999999999970283
1,1,0.9999999995556197
1,1,0.996885352374248
1,1,0.9999999999990602
1,0,0.3887004854853838
1,1,0.9999999999999699
1,1,0.9999999999999699
1,1,0.9999999995135908
1,1,0.9999999999999699
1,1,0.9999999999991726
1,1,0.9999999999561082
1,1,0.9999912935099619
1,1,0.9999855672033667
1,1,0.9999999999857897
1,1,0.9999999984273745
1,1,0.9999999999999699
1,1,0.9999999999999017
1,1,0.9999999999962846
1,1,0.9941975784689636
1,1,0.9999999999999699
1,1,0.9999999999999699
1,1,0.9999999431160854
1,1,0.9946392661173014
1,1,0.9999999999999699
1,1,0.9999999999999699
1,1,0.9999999999200899
1,1,0.9999999999999699
1,1,0.9999999999885875
1,1,0.999999167142883
1,1,0.9999999999999699
1,1,0.9999999999893022
1,1,0.999999999594054
1,1,0.9999999323237898
1,1,0.9999999999999699
1,1,0.999999846936548
1,1,0.9999999999999699
1,1,0.9999999999999692
1,1,0.9755600864837745
1,1,0.9999999999999699
1,1,0.9999999997025552
1,1,0.9999999999936028
1,1,0.9999999999705796
1,1,0.9999999999999699
1,1,0.9999999999496778
1,1,0.9999999999999699
1,1,0.9999999994516686
1,1,0.9999999999988403
1,1,0.9999999733420254
1,1,0.9999999999999699
1,1,0.9999999999999699
1,1,0.9999975654737483
1,1,0.9999999994393235
1,1,0.9999999999644199
1,1,0.999999999993539
1,1,0.9999999999851027
1,1,0.9999999961347096
1,1,0.9999999999999699
1,1,0.9999999999985987
1,1,0.9999999347301798
1,1,0.9999999999999699
1,1,0.9999999999999699
1,1,0.9999999903588602
1,1,0.9999999891444177
1,1,0.999999999999965
1,1,0.9999999999893728
1,1,0.9999999998472663
1,1,0.9999999999996684
1,1,0.9999999999999699
1,1,0.999999996394679
1,1,0.9999999935909499
1,1,0.9999999999999699
1,1,0.9999999999983319
1,0,0.0007542831470609136
1,1,0.9999999999960638
1,1,0.9999999961448452
1,1,0.999999999999323
1,1,0.9999999999969031
1,0,0.04183745154473991
1,1,0.9999999999985114
1,1,0.9999999999711798
1,1,0.9942071516818839
1,1,0.9999999994203812
1,1,0.9999999999999699
1,1,0.9999999999999
1,1,0.9999999914531097
1,1,0.9999998096680398
1,1,0.9999999999986791
1,1,0.9999999999999699
1,1,0.9999999996558473
1,1,0.9999999999999699
1,1,0.9999999999999699
1,1,0.9999999999993596
1,0,0.23141859712604948
1,1,0.9999999168481868
1,1,0.7060356530255968
1,1,0.9999999999999699
1,1,0.999999999979151
1,1,0.9999999999999699
1,1,0.9999999906618882
1,0,3.2540165082449783e-06
1,1,0.9999999829333501
1,1,0.9999999993965768
1,1,0.9999999999999641
1,1,0.9999999999999699
1,1,0.9999876284363204
1,1,0.9999999990270958
1,1,0.9999999180005286
1,1,0.9999999999999699
1,1,0.9999999995877149
1,0,0.2263438983370064
1,1,0.9999999997171544
1,1,0.9999999999992024
1,1,0.9999999998605599
1,1,0.9999998392763374
1,1,0.9999999958845075
1,1,0.9999999999938924
1,1,0.9999998037591443
1,1,0.9999999429210622
1,1,0.9999999518489036
1,1,0.9999999999999699
1,1,0.9999999999995784
1,1,0.9999999999999699
1,1,0.9999999999999469
1,1,0.9999962555489494
1,1,0.9999999999999699
1,1,0.9999999942361633
1,1,0.9999999999097156
1,1,0.9999999999999699
1,1,0.9999999999999699
1,1,0.9999999999968132
1,1,0.999999999999892
1,1,0.9999999999999699
1,1,0.9999999999998398
1,1,0.9999999999998873
1,1,0.9999986776725439
1,1,0.9785049186250689
1,1,0.9999999942830874
1,1,0.9999999999999699
1,1,0.9999999999980166
1,0,8.094631465403056e-06
1,1,0.9999999974005473
1,1,0.999999439993396
1,0,0.41810972119786105
1,1,0.999999995901826
1,1,0.9999999999999699
1,1,0.9999999999999699
1,1,0.9999999999999699
1,1,0.9999999986472449
1,1,0.9999999727419621
1,1,0.9999999951986064
1,1,0.9999999726968752
1,1,0.9999999999999699
1,1,0.9999999944421122
1,1,0.9933130229353534
1,1,0.9999999999820843
1,1,0.9999999999999699
1,1,0.9999999999999699
1,1,0.9999989947516295
1,1,0.9999999999962332
1,1,0.9999999999998841
1,1,0.9999999999999699
1,0,0.016454135477483083
1,1,0.9999999999999699
1,1,0.9999999999867738
1,1,0.999999999976864
1,1,0.9999998003545253
1,1,0.9999999986852117
1,1,0.9999999865354735
1,1,0.9999999999999699
1,1,0.9999999999999699
1,1,0.9999999999973531
1,1,0.9999999999999699
1,1,0.9999999789690702
1,1,0.9999999999977723
1,1,0.999999425328069
1,1,0.9999921019660704
1,1,0.9999999924185436
1,1,0.9999999999885557
1,1,0.9999999996798447
1,1,0.9999999999924811
1,1,0.9973130292403752
1,1,0.9999999997280454
1,1,0.9999999999995636
1,1,0.9999999999999699
1,1,0.9999999999999699
1,1,0.9999999999999405
1,1,0.9999999992858289
1,1,0.9999999999990626
1,1,0.9999999996203657
1,1,0.9965746805533926
1,1,0.9999999999989571
1,1,0.9999999999999699
1,1,0.9999999519499589
1,1,0.9999980768863004
1,1,0.9999999999695752
1,1,0.9999999999999357
1,1,0.9999999448786179
1,1,0.9999999994677854
1,1,0.9841696203464552
1,1,0.9999999999975134
1,1,0.9999999999696666
1,1,0.967416217295709
1,1,0.9999999999999699
1,1,0.9999999999999699
1,1,0.9999999999783236
1,1,0.9999999999999699
1,1,0.9999999999999699
1,1,0.9999999999999699
1,1,0.9999999793167755
1,1,0.9999999999999699
1,1,0.9368359769478142
1,1,0.9999999993480829
1,1,0.9999999895419814
1,1,0.9999998750699167
1,1,0.9999999999999699
1,1,0.9999999999999699
1,1,0.9999999891848448
1,1,0.9999999999976388
1,1,0.9999999999999699
1,1,0.999999725790865
1,1,0.9999999979062993
1,1,0.9999999999905594
1,1,0.9999987919268367
1,1,0.986865013616608
1,1,0.9999999840854356
1,1,0.9999999999999079
1,1,0.9999990749783962
1,1,0.9999999999999699
1,1,0.9999999970443866
1,1,0.9999999999999699
1,1,0.9999999999999699
1,1,0.99999999907739
1,1,0.9999999999826811
1,1,0.9999999999895958
1,0,0.18108911383948817
1,1,0.9999999999991593
1,1,0.9999999999999699
1,1,0.9999999999781886
1,1,0.9999999999999699
1,1,0.9999999999999699
1,1,0.9999999999995074
1,1,0.9999999997678615
1,1,0.9970262064768994
1,1,0.9999999999482027
1,1,0.9999999992294852
1,1,0.9999999949843423
1,0,0.2806187156699479
1,1,0.9999999950613933
1,1,0.9999999999987723
1,1,0.9999999999637095
1,1,0.9999999982861529
1,1,0.9999999999992815
1,1,0.9999999999894245
1,1,0.9999999999999699
1,1,0.9999999999998144
1,1,0.9999999999999042
1,1,0.9999921004866793
1,1,0.9999999999999699
1,1,0.9999999999954081
1,1,0.9999999999999631
1,1,0.9999999999738443
1,1,0.8779432730177681
1,1,0.9999889419441055
1,1,0.9999999999999404
1,1,0.999999999999479
1,1,0.9999999878923216
1,1,0.9999999999999699
1,1,0.99999999960312
1,1,0.9999999999999699
1,1,0.9999999999999699
1,1,0.9999999999490616
1,1,0.9999999974791733
1,1,0.9999999999654481
1,1,0.9999999999942709
1,1,0.9999999999363345
1,0,0.003162997199935004
1,1,0.9999999999999699
1,1,0.9999999999999699
1,1,0.9999999999999699
1,1,0.9999999987781419
1,0,5.927527269062841e-05
1,1,0.9999999999999699
1,1,0.9999999961511357
1,1,0.9999999999999699
1,1,0.9999999999999699
1,1,0.999999999507393
1,1,0.9999999999999699
1,1,0.8255241491517921
1,1,0.9999999999999699
1,1,0.9547704823479118
1,1,0.9999999999999699
1,1,0.9999999999999699
1,1,0.9999999999956583
1,1,0.9999999999999699
1,1,0.9999999988411797
1,1,0.9999999998549262
1,1,0.9964474617735486
1,1,0.999996635990166
1,1,0.7290626822544719
1,1,0.9999999948133832
1,1,0.9999999999999699
1,1,0.9999999998783485
1,1,0.9999999999676414
1,1,0.9999999994609808
1,1,0.9999999998794098
1,1,0.9999999999679641
1,1,0.9999999999998584
1,1,0.999999975329481
1,1,0.9999999961724189
1,1,0.9999999997611568
1,1,0.9999999998758292
1,1,0.9999999999998807
1,1,0.9999999999607619
1,1,0.9999999988999934
1,1,0.9999999999999699
1,1,0.9999995673952207
1,1,0.999999996567714
1,1,0.9999999999999699
1,1,0.999998558625573
1,1,0.9999999999999699
1,1,0.9999999999507991
1,1,0.9999999998317446
1,1,0.9999999999284405
1,1,0.9999999985951373
1,1,0.9999999999999699
1,0,0.00159532640037361
1,1,0.9999999998931617
1,1,0.9999999999911531
1,1,0.9999999999780136
1,1,0.9999999999967437
1,1,0.9999999999993495
1,1,0.9693897853178293
1,1,0.9999999999597015
1,1,0.9999999999999699
1,1,0.9999999999999699
1,1,0.9999999999351953
1,1,0.9999999999999699
1,1,0.9963523625066575
1,1,0.9999999999999699
1,1,0.9999999981382185
1,1,0.9999999992853216
1,1,0.9999999999995921
1,1,0.9999999996419057
1,1,0.9999999999612518
1,1,0.9999999999999177
1,1,0.9999999999397918
1,1,0.9999999999921175
1,1,0.9999999999999699
1,1,0.9999999999148301
1,1,0.9999999999999699
1,1,0.9999999999905721
1,1,0.9999999999999699
1,1,0.9999999999999699
1,1,0.9999999999999203
1,1,0.9999999983530896
1,1,0.9999999999869609
1,1,0.9999999999999699
1,1,0.9999999999999699
1,1,0.9999999999999699
1,0,0.00021292657736661234
1,1,0.9999999999999699
1,0,0.28288082293099986
1,1,0.9999999999999095
1,1,0.9913669259240996
1,1,0.9999999981617487
1,1,0.9999999999999699
1,1,0.9999999999999699
1,1,0.9999999999999699
1,1,0.9999999999996504
1,0,0.41907557591004735
1,1,0.9999999999999699
1,1,0.9999999999999699
1,1,0.9999999999999699
1,1,0.9999822290492457
1,1,0.9999999980595964
1,1,0.9999999999516894
1,1,0.9999999995067458
1,1,0.9999999999914762
1,1,0.9457969669341442
1,1,0.9999999999999699
1,1,0.999999999269028
1,1,0.9999999999999699
1,1,0.9999999999979943
1,1,0.9999999816950149
1,1,0.999999999957826
1,1,0.9999999998133168
1,1,0.9999999999999699
1,1,0.9999999999997824
1,1,0.9999999999923261
1,1,0.9999999999999699
1,1,0.9762756349653338
1,1,0.9999999999779998
1,1,0.9999999997333073
1,1,0.9999999999999699
1,1,0.9955437939766948
1,1,0.9999999900650999
1,1,0.9999999998745563
1,1,0.9999999999999699
1,1,0.9999916551616203
1,1,0.999999579438746
1,1,0.9999999999917565
1,1,0.9999999999999699
1,1,0.9999999999909966
1,1,0.9999960531821983
1,1,0.9999999999999699
1,1,0.9999999999916487
1,1,0.9999999999999699
1,1,0.6885871433063697
1,1,0.9999999999999699
1,1,0.9999999999999406
1,1,0.9919428364574759
1,1,0.9999999999999699
1,1,0.999999873383713
1,1,0.999999886883541
1,1,0.9999999999524875
1,1,0.9999999999999699
1,1,0.9999999999969102
1,1,0.999999999996422
1,1,0.999999999984268
1,1,0.9999999999973322
1,1,0.999999999954592
1,1,0.9999979468015667
1,1,0.9999999984046734
1,1,0.9999999999999699
1,1,0.9999999997104728
1,1,0.945161176474373
1,1,0.9999839396403879
1,1,0.9971876994799835
1,1,0.9999999933652808
1,1,0.9999999997041494
1,1,0.9999999999981992
1,1,0.9999999999629258
1,1,0.9999999999999699
1,1,0.999999993378007
1,1,0.9999999970101888
1,1,0.9999999997566023
1,1,0.9999999915080764
1,1,0.9999999999999699
1,1,0.9999997108581571
1,1,0.9999999999999699
1,1,0.999999988385353
1,1,0.9904239848827207
1,1,0.9999999999999699
1,1,0.9773467383948772
1,1,0.9999999999999699
1,1,0.999999999999154
1,1,0.9999999892901906
1,1,0.9999999979133198
1,0,6.639305730073867e-07
1,1,0.996451211036867
1,1,0.9999999921060316
1,1,0.9999999994063933
1,1,0.9999999999999699
1,1,0.9999999999999699
1,1,0.9999902890732367
1,1,0.9999999999999309
1,0,0.033871080064049375
1,1,0.9999999999994769
1,1,0.9999999999999699
1,1,0.9999999999733009
1,1,0.999999974210283
1,1,0.9999999999999595
1,1,0.9999991621457637
1,1,0.9999999999955752
1,1,0.9999999999991804
1,1,0.9999999999999699
1,1,0.9999999999999699
1,1,0.9999999999999699
1,1,0.9999999999999626
1,0,0.07979955546496016
1,1,0.9999999998895005
1,1,0.9999999999999699
1,1,0.8558207897544616
1,1,0.9999999999946408
1,1,0.9999999999986309
1,1,0.999997806843315
1,1,0.9999999999999699
1,1,0.999999999803944
1,1,0.9999999767691905
1,1,0.9999998474885525
1,1,0.9999999993884721
1,1,0.999999999999512
1,1,0.9999996178096973
1,1,0.9999999994301825
1,1,0.999999972067798
1,1,0.9999999998133353
1,1,0.9999999996864157
1,1,0.999999996005807
1,1,0.9999999999997997
1,1,0.9872530578908911
1,1,0.9999999999816567
1,1,0.9999999999999699
1,1,0.9999999999999699
1,1,0.9999999999999699
1,1,0.9999999999871919
1,1,0.9999999663077589
1,1,0.9999999999640614
1,1,0.9999999999743182
1,1,0.9999999999999699
1,1,0.9999999974794228
1,1,0.9999999999972236
1,1,0.999999999997845
1,1,0.9999999999999699
1,1,0.9999999999998815
1,1,0.9999999999999699
1,1,0.9999999999999699
1,1,0.9999999999999699
1,1,0.9999999999996237
1,1,0.9999999999225105
1,1,0.9999843979289174
1,1,0.999999515722585
1,1,0.9999999449094801
1,1,0.9815616793543664
1,1,0.9999999999999699
1,1,0.9999999999999699
1,1,0.9999987338585635
1,1,0.9999999999999699
1,1,0.9999999972477679
1,1,0.9999999999987128
1,1,0.9999999999999699
1,1,0.9999999999976843
1,1,0.9999978581423447
1,1,0.9999999999997635
1,1,0.9999999999626471
1,1,0.9999999999214687
1,1,0.9999999474024603
1,1,0.9999999999999699
1,1,0.9999999835241901
1,1,0.9891562592570065
1,1,0.999999999984408
1,1,0.9999999999983871
1,1,0.9999999959455728
1,1,0.9999999956337642
1,1,0.9580485676831781
1,1,0.9999999999987179
1,1,0.9999999998936537
1,1,0.9999950339765996
1,1,0.8887016001908643
1,1,0.9999999999999699
1,1,0.9999999362615836
1,0,0.4205190021149132
1,1,0.9999999961270936
1,1,0.9999999999999699
1,1,0.9999999799500252
1,1,0.9999999999997748
1,1,0.9999999998432615
1,1,0.9999999999506477
1,1,0.9858031280388643
1,1,0.9999999999999699
1,1,0.9999995634728402
1,1,0.9999999999999699
1,1,0.9999999788244893
1,1,0.9999999999999131
1,1,0.9999999989800654
1,0,0.5505548255958268
1,1,0.9999999999898143
1,1,0.9999999588558971
1,1,0.9999999746322449
1,1,0.9999999999999699
1,1,0.9999998298990552
1,0,0.23093529667291945
1,1,0.9999999999792025
1,1,0.9999999999917114
1,1,0.9999999999999699
1,1,0.9999999999999699
1,1,0.9955133323363484
1,1,0.9999999996659436
1,1,0.9999999638464933
1,1,0.9999999999975533
1,1,0.9999999999990972
1,1,0.9999999999616402
1,1,0.99999999999984
1,1,0.9999999999821249
1,1,0.9999999999999699
1,1,0.832075674681369
1,1,0.9999999999999699
1,1,0.9999999999999699
1,1,0.9974471950700515
1,1,0.9999999999999699
1,1,0.9999999999998954
1,1,0.9999999999518354
1,1,0.9999999999934268
1,1,0.9999999999980468
1,0,0.06352701664307495
1,1,0.9999999999999699
1,1,0.999999999909127
1,1,0.9999999999668253
1,1,0.9999999999999699
1,1,0.9999988032446906
1,1,0.9558454874124144
1,1,0.9999999999998145
1,1,0.9999999999848178
1,1,0.9999999999999699
1,1,0.9999999984212914
1,1,0.9999999996362902
1,1,0.9999999999708994
1,1,0.9951548261043486
1,1,0.9999995143942998
1,1,0.9999999999999699
1,1,0.9999999999843744
1,1,0.9999999999999699
1,1,0.9999999954848502
1,1,0.8877446373810942
1,1,0.999999999999388
1,1,0.9999999999976806
1,1,0.9999999999999699
1,1,0.9999999999999699
1,1,0.7800181590837161
1,1,0.9999999999999469
1,1,0.9999928646617213
1,1,0.9999999999936676
1,1,0.9999999999206015
1,1,0.9999999999891493
1,1,0.9999999836100556
1,1,0.9999968847299459
1,1,0.9999999999988713
1,1,0.9999999999999699
1,1,0.9999999999999699
1,1,0.9999999802982052
1,1,0.9999999999999699
1,1,0.9999985466831868
1,1,0.9999999999999699
1,1,0.9999999372918159
1,1,0.7883179710949967
1,1,0.9999999999711713
1,1,0.9999999999999699
1,1,0.9999999999999699
1,1,0.9999999998550166
1,1,0.9999999994485845
1,1,0.9959076092898204
1,1,0.9999999997412667
1,1,0.9999999999718863
1,0,0.5139010131346481
1,1,0.9999999999999699
1,1,0.9999999993684863
1,1,0.9999999999876924
1,1,0.9999999999999699
1,1,0.9999999987257996
1,1,0.9999999997295622
1,1,0.9999999999999699
1,1,0.9999999999673986
1,1,0.9999999998110186
1,1,0.9999999999685604
1,1,0.9999999999852972
1,1,0.8218301676197892
1,1,0.9999999985872431
1,1,0.9999999999999699
1,1,0.9999999999999699
1,1,0.9688600930558909
1,1,0.9999999999973886
1,1,0.9999999999999699
1,1,0.9999996721072669
