True_Label,Predicted_Label,Prediction_Probability
0,1,0.52450037
0,1,0.5370306
0,1,0.5616702
0,1,0.575476
0,1,0.5128101
0,1,0.6012281
0,1,0.61131716
0,1,0.51456034
0,1,0.5204567
0,1,0.5816482
0,1,0.5574255
0,1,0.59821427
0,1,0.51604223
0,1,0.5534967
0,1,0.63968766
0,1,0.5110109
0,1,0.58843774
0,1,0.5303683
0,1,0.5812151
0,1,0.5770967
0,1,0.5639488
0,1,0.5556114
0,1,0.51543844
0,1,0.52493536
0,1,0.5837518
0,1,0.5223333
0,1,0.6094675
0,1,0.58614117
0,1,0.54484874
0,1,0.5836053
0,1,0.51698136
0,0,0.47674465
0,1,0.50854725
0,1,0.56408924
0,1,0.52404296
0,1,0.56145847
0,1,0.60725075
0,1,0.5568302
0,1,0.5614
0,1,0.53172314
0,1,0.52977437
0,1,0.52817005
0,0,0.48529527
0,1,0.5378714
0,1,0.5674968
0,0,0.4944722
0,1,0.57615864
0,0,0.4401674
0,1,0.5601104
0,1,0.56306976
0,1,0.5242014
0,1,0.5482324
0,1,0.50063884
0,1,0.5478125
0,1,0.5400549
0,1,0.5835225
0,1,0.503575
0,0,0.46812317
0,1,0.5589923
0,1,0.5735956
0,0,0.49066013
0,1,0.58423954
0,0,0.49556178
0,1,0.61311734
0,1,0.5895657
0,1,0.5866083
0,1,0.5662968
0,1,0.6458257
0,1,0.5278127
0,1,0.5705615
0,1,0.55076975
0,1,0.62785196
0,1,0.5145428
0,1,0.5591801
0,1,0.52762246
0,1,0.594886
0,1,0.5974138
0,1,0.5527457
0,1,0.57081366
0,1,0.52249783
0,1,0.59121394
0,0,0.48330173
0,1,0.5916403
0,1,0.5838935
0,1,0.5426735
0,1,0.5235074
0,1,0.65095013
0,1,0.56055033
0,1,0.60945076
0,1,0.6386301
0,1,0.5591835
0,1,0.58961684
0,0,0.4530213
0,1,0.5981635
0,0,0.4899703
0,1,0.674764
0,1,0.6359688
0,0,0.47428688
0,1,0.5470668
0,1,0.57843876
0,1,0.63328964
0,1,0.64319617
0,1,0.5248256
0,1,0.51110125
0,1,0.63899016
0,1,0.54890287
0,1,0.5091548
0,1,0.60690033
0,1,0.5451795
0,1,0.50688076
0,1,0.5948628
0,1,0.51853263
0,0,0.49301195
0,1,0.6178007
0,1,0.53238
0,1,0.6453838
0,1,0.6239156
0,0,0.45434716
0,1,0.5416494
0,1,0.54106355
0,1,0.55167234
0,1,0.5326469
0,1,0.5518648
0,1,0.5760295
0,1,0.61904347
0,1,0.56089205
0,1,0.6404871
0,1,0.6146313
0,1,0.587601
0,1,0.5857793
0,1,0.554886
0,1,0.56669337
0,1,0.5422015
0,1,0.53880584
0,0,0.49825245
0,1,0.51581573
0,1,0.51252186
0,1,0.509866
0,1,0.50877875
0,0,0.46681407
0,1,0.5466252
0,1,0.5290365
0,1,0.5787719
0,1,0.5777315
0,1,0.5106009
0,1,0.5105355
0,1,0.57456666
0,1,0.5309474
0,1,0.61088413
0,0,0.4920479
0,0,0.4706542
0,1,0.6341913
0,1,0.5880547
0,1,0.58135545
0,1,0.55498505
0,1,0.5585779
0,1,0.5823527
0,0,0.48299423
0,1,0.5717792
0,0,0.49783197
0,1,0.5388828
0,1,0.616358
0,1,0.545696
0,0,0.4778137
0,1,0.5461436
0,1,0.63899016
0,0,0.49598652
0,1,0.58295983
0,1,0.54411596
0,1,0.5009344
0,1,0.5322334
0,1,0.61499816
0,1,0.5623455
0,1,0.5290929
0,1,0.5579375
0,0,0.43253666
0,1,0.58708495
0,1,0.5526483
0,1,0.5578142
0,0,0.48033342
0,1,0.57701796
0,1,0.58082217
0,1,0.52707285
0,1,0.5233843
0,1,0.5346839
0,1,0.533848
0,1,0.55469805
0,1,0.57542205
0,1,0.5274891
0,1,0.5637401
0,1,0.514931
0,1,0.5444354
0,1,0.5497667
0,1,0.5180878
0,1,0.5911014
0,1,0.5616815
0,1,0.54373866
0,1,0.56624323
0,1,0.62381077
0,1,0.66347903
0,1,0.5631598
0,1,0.5620249
0,0,0.46336147
0,1,0.5522286
0,1,0.5658824
0,1,0.5411382
0,1,0.53398055
0,1,0.5060005
0,1,0.54474837
0,1,0.6631361
0,0,0.46530738
0,1,0.5637055
0,1,0.501801
0,1,0.51362354
0,1,0.5356185
0,1,0.52769685
0,1,0.5349306
0,1,0.646274
0,1,0.5593195
0,0,0.4974239
0,1,0.56663173
0,1,0.5796831
0,1,0.5680678
0,1,0.57554716
0,1,0.5830015
0,1,0.5154151
0,1,0.60237855
0,0,0.49950328
0,1,0.51750857
0,1,0.6393812
0,0,0.49533492
0,1,0.53956914
0,1,0.50152326
0,1,0.5290014
0,1,0.5821822
0,1,0.67367166
0,1,0.5769269
0,1,0.55558145
0,1,0.5722917
0,1,0.529498
0,1,0.5567472
0,1,0.563516
0,0,0.4981516
0,1,0.5195651
0,1,0.5496983
0,1,0.5333555
0,1,0.60764116
0,1,0.565649
0,1,0.5592464
0,1,0.50803626
0,1,0.61399436
0,1,0.53214693
0,1,0.51395655
0,1,0.5350811
0,0,0.48531896
0,1,0.53284514
0,1,0.5972488
0,1,0.55750245
0,1,0.5747991
0,1,0.6607786
0,1,0.51698107
0,1,0.554902
0,1,0.56023467
0,0,0.49748877
0,1,0.50381124
0,1,0.59563196
0,1,0.5417328
0,1,0.56677556
0,1,0.651905
0,1,0.5318096
0,1,0.5897732
0,1,0.5473879
0,1,0.51515746
0,1,0.52739954
0,1,0.5630256
0,1,0.56777304
0,1,0.5882668
0,1,0.586506
0,0,0.45747614
0,1,0.50637656
0,1,0.5390875
0,1,0.57886076
0,1,0.6111123
0,1,0.5471412
0,1,0.54371315
0,1,0.58530945
0,1,0.53473425
0,1,0.5367783
0,1,0.60298014
0,1,0.567859
0,1,0.5878466
0,1,0.5766817
0,1,0.5482582
0,1,0.5027662
0,1,0.55663776
0,1,0.54118127
0,1,0.50688076
0,1,0.59609586
0,1,0.54973483
0,1,0.5732062
0,1,0.5153474
0,0,0.4990213
0,1,0.51643085
0,1,0.5780585
0,1,0.537502
0,1,0.5703156
0,1,0.5139638
0,1,0.53125465
0,1,0.5155893
0,0,0.48478952
0,1,0.55237675
0,1,0.5014657
0,1,0.5250698
0,0,0.46330383
0,1,0.55700123
0,1,0.5947842
0,1,0.5078139
0,1,0.55820876
0,1,0.5863979
0,1,0.5640851
0,1,0.61714405
0,1,0.5585478
0,1,0.5435969
0,1,0.5746136
0,1,0.5271234
0,0,0.46528414
0,0,0.45796046
0,1,0.5580972
0,1,0.5061112
0,1,0.51607937
0,1,0.60516256
0,1,0.56314987
0,1,0.55676824
0,1,0.5282428
0,1,0.574861
0,1,0.5737002
0,1,0.5401873
0,1,0.58298504
0,1,0.5128439
0,1,0.5709457
0,1,0.53894556
0,1,0.5516525
0,1,0.56816405
0,1,0.6034434
0,1,0.5520174
0,1,0.5400665
0,1,0.5380747
0,0,0.49959454
0,1,0.5669039
0,1,0.58101547
0,0,0.46914852
0,1,0.55309737
0,1,0.5967146
0,1,0.54934
0,1,0.60962075
0,1,0.5211558
0,1,0.6484999
0,1,0.513188
0,1,0.5236592
0,1,0.569814
0,1,0.60273486
0,1,0.5016236
0,1,0.58876264
0,1,0.63608503
0,1,0.56409883
0,1,0.5749284
0,1,0.6059807
0,1,0.5565822
0,1,0.66678804
0,1,0.57262224
0,1,0.61375546
0,1,0.5646095
0,1,0.5757494
0,1,0.55212444
0,1,0.58575237
0,1,0.5281956
0,1,0.5821497
0,0,0.48144063
0,0,0.47573486
0,1,0.50096107
0,1,0.5822658
0,1,0.5729143
0,1,0.59271795
0,1,0.57814765
0,1,0.5674668
0,1,0.52768755
0,1,0.6003467
0,1,0.6285732
0,1,0.5929505
0,1,0.5004788
0,1,0.5459753
0,1,0.59276116
0,1,0.5827024
0,1,0.5297689
0,1,0.5723118
0,1,0.51077235
0,1,0.58177245
0,1,0.5278961
0,1,0.5545784
0,1,0.5299609
0,1,0.5173576
0,0,0.4871182
0,1,0.5514248
0,1,0.6288617
0,0,0.49545926
0,1,0.55029494
0,1,0.56662506
0,0,0.4807586
0,1,0.51324743
0,1,0.5303234
0,1,0.6115577
0,1,0.5598773
0,1,0.5389449
0,1,0.56166416
0,1,0.5216962
0,0,0.47082922
0,1,0.6047757
0,1,0.500689
0,1,0.6040727
0,1,0.5465715
0,0,0.4952906
0,1,0.55553174
0,1,0.5683089
0,1,0.5226381
0,1,0.5823953
0,1,0.56571
0,1,0.5827427
0,1,0.580964
0,1,0.5718124
0,1,0.599821
0,1,0.63786906
0,0,0.49271494
0,1,0.5449912
0,1,0.54191375
0,0,0.47201112
0,1,0.5588857
0,0,0.49390295
0,0,0.48596695
0,1,0.5445644
0,1,0.57340664
0,1,0.57957953
0,1,0.54320043
0,1,0.55452496
0,1,0.5589624
0,1,0.59083384
0,1,0.606996
0,1,0.5706822
0,1,0.58615696
0,1,0.5438464
0,1,0.5983662
0,1,0.5266044
0,1,0.5586611
0,1,0.5708358
0,1,0.5344326
0,1,0.6364491
0,0,0.48898277
0,1,0.54314977
0,1,0.5253202
0,1,0.54187566
0,0,0.48905838
0,1,0.5231162
0,1,0.54109377
0,1,0.5474585
0,1,0.5954024
0,1,0.5613369
0,1,0.5576154
0,1,0.60627526
0,0,0.4905453
0,0,0.49495405
0,0,0.4578108
0,1,0.616483
0,1,0.5091752
0,1,0.60614735
0,1,0.53204995
0,1,0.5853252
0,1,0.5214821
0,1,0.66794837
0,1,0.6193052
0,1,0.54976434
0,1,0.5130508
0,0,0.498129
0,1,0.5413315
0,0,0.4706544
0,1,0.58817595
0,1,0.5914954
0,1,0.5769904
0,1,0.53389305
0,1,0.52835226
0,1,0.529289
0,1,0.53183305
0,0,0.4167718
0,1,0.5666187
0,1,0.5827405
0,1,0.5200762
0,1,0.5125216
0,1,0.5381389
0,1,0.5912602
0,1,0.5033731
0,1,0.5836355
0,1,0.5815273
0,0,0.49409905
0,1,0.6874112
0,1,0.54978037
0,1,0.5676329
0,1,0.57362926
0,1,0.567413
0,1,0.5931374
0,1,0.54711956
0,0,0.4937804
0,1,0.52616364
0,1,0.604853
0,1,0.59121597
0,1,0.60726035
0,0,0.49094096
0,1,0.5478496
0,1,0.5224045
0,1,0.5883163
0,1,0.5337635
0,1,0.5386406
0,1,0.54594195
0,0,0.45186144
0,1,0.61326647
0,1,0.509675
0,0,0.49409205
0,1,0.6395707
0,1,0.5406669
0,1,0.5474241
0,1,0.52063316
0,0,0.4812696
0,0,0.46154374
0,0,0.49309263
0,1,0.5301732
0,0,0.4954075
0,1,0.5509555
0,1,0.5995644
0,0,0.49229226
0,1,0.53396004
0,0,0.46175438
0,1,0.53524053
0,1,0.5286447
0,1,0.5784892
0,1,0.52306384
0,1,0.58447754
0,1,0.6087618
0,1,0.5357755
0,1,0.5448946
0,1,0.5554479
0,1,0.5875252
0,1,0.5424797
0,1,0.5660682
0,1,0.64999896
0,1,0.5032398
0,1,0.6130264
0,0,0.4898543
0,1,0.5721503
0,1,0.61617595
0,1,0.5583139
0,1,0.6114434
0,1,0.50647724
0,1,0.57120717
0,1,0.6086955
0,1,0.579799
0,1,0.546021
0,1,0.50992024
0,1,0.5673247
0,1,0.546373
0,1,0.5880884
0,1,0.6208356
0,1,0.5753259
0,1,0.5311665
0,0,0.48474258
0,1,0.57377374
0,1,0.5932054
0,1,0.61780643
0,1,0.514979
0,1,0.5497773
0,1,0.5316795
0,1,0.585852
0,1,0.5141508
0,1,0.5124325
0,1,0.5489694
0,1,0.565238
0,1,0.5440803
0,1,0.515294
0,1,0.5078161
0,1,0.5518287
0,1,0.54479903
0,1,0.50457436
0,0,0.48990667
0,1,0.5306688
0,1,0.5818101
0,1,0.54119575
0,1,0.508097
0,1,0.53079736
0,1,0.5968818
0,0,0.4900648
0,1,0.58708495
0,1,0.5256102
0,0,0.49406564
0,1,0.511236
0,1,0.6033241
0,0,0.47768423
0,1,0.54718536
0,1,0.5806475
0,1,0.52412826
0,1,0.5581588
0,1,0.5888555
0,0,0.49593902
0,1,0.57998174
0,1,0.51243645
0,1,0.57843965
0,1,0.5619505
0,1,0.5512968
0,1,0.56233877
0,1,0.5415097
0,1,0.5596923
0,0,0.47844508
0,1,0.55787
0,1,0.5005136
0,1,0.61567664
0,1,0.5790003
0,1,0.53999984
0,1,0.55379003
0,1,0.5165263
0,1,0.6326285
0,1,0.5461176
0,1,0.56903857
0,1,0.6102102
0,1,0.5520494
0,1,0.6577592
0,1,0.5783251
0,1,0.5167898
0,0,0.47574565
0,1,0.51825684
0,1,0.5644423
0,1,0.55400944
0,1,0.5184295
0,1,0.5375707
0,1,0.5430695
0,1,0.5661397
0,1,0.61691064
0,1,0.5680024
0,1,0.5341087
0,1,0.51642567
0,1,0.515103
0,1,0.5810747
0,0,0.45741636
0,0,0.4661245
0,1,0.5013947
0,1,0.604107
0,1,0.6153692
0,1,0.53519464
0,1,0.52573985
0,1,0.60960793
0,1,0.5518794
0,1,0.57300824
0,1,0.57928574
0,1,0.5138218
0,1,0.6655653
0,1,0.5686258
0,1,0.60862035
0,1,0.5255451
0,1,0.52637416
0,1,0.56414735
0,1,0.5608713
0,1,0.6002317
0,1,0.51169974
0,1,0.5030971
0,1,0.51996285
0,1,0.5672636
0,1,0.5300179
0,1,0.61110187
0,1,0.60088664
0,1,0.51636827
0,0,0.49157077
0,1,0.52490026
0,1,0.5515538
0,0,0.49338913
0,1,0.5229259
0,1,0.5476324
0,1,0.5420619
0,1,0.55698574
0,1,0.5395684
0,1,0.5276268
0,1,0.6454634
0,1,0.5458504
0,1,0.5500795
0,0,0.4895867
0,1,0.571873
0,1,0.56560785
0,0,0.45378152
0,0,0.49327424
0,1,0.5013519
0,0,0.4810529
0,1,0.5081478
0,1,0.58053225
0,1,0.5131539
0,1,0.5539449
0,1,0.562251
0,1,0.54630244
0,0,0.47635436
0,1,0.5415621
0,1,0.5338457
0,0,0.47792852
0,1,0.51414967
0,1,0.52401894
0,1,0.6089723
0,1,0.5473814
0,1,0.6105381
0,1,0.61024743
0,1,0.59544104
0,1,0.5301909
0,1,0.6673856
0,1,0.5433116
0,1,0.55634016
0,1,0.58448577
0,1,0.5834633
0,1,0.53833735
0,0,0.45671538
0,1,0.6125529
0,1,0.53939766
0,1,0.5310838
0,0,0.4792546
0,1,0.5632087
0,1,0.53494054
0,1,0.5249319
0,1,0.53401357
0,1,0.5802848
0,1,0.59655464
0,1,0.6544203
0,1,0.589456
0,1,0.5473509
0,1,0.6004938
0,1,0.64289737
0,1,0.5417206
0,1,0.58495563
0,1,0.61742264
0,0,0.4258692
0,1,0.58590925
0,1,0.5200616
0,1,0.5640656
0,1,0.5225031
0,1,0.6004223
0,1,0.5264891
0,1,0.5384583
0,1,0.54656065
0,1,0.60846615
0,1,0.51538193
0,1,0.5333232
0,1,0.56759536
0,1,0.5481858
0,1,0.55650085
0,0,0.49004832
0,1,0.55303895
0,1,0.5882287
0,1,0.53831184
0,1,0.5453011
0,1,0.51221746
0,1,0.6091018
0,1,0.5797138
0,0,0.49045798
0,1,0.565566
0,1,0.5270584
0,1,0.55834013
0,0,0.49420854
0,1,0.54742956
0,1,0.56224936
0,1,0.593514
0,1,0.578671
0,1,0.5414099
0,1,0.55576855
0,1,0.57895947
0,1,0.5472982
0,1,0.5308207
0,1,0.5468368
0,1,0.5514781
0,1,0.53069127
0,1,0.6629244
0,1,0.53500515
0,1,0.5415325
0,1,0.50071347
0,1,0.5230642
0,1,0.559872
0,1,0.5448237
0,1,0.6121715
0,1,0.51341903
0,1,0.58139426
0,1,0.51494
0,1,0.53912896
0,1,0.64023745
0,1,0.56486815
0,1,0.52907115
0,1,0.6041689
0,0,0.48990667
0,1,0.53739244
0,0,0.49273896
0,0,0.48025772
0,1,0.569467
0,1,0.532201
0,1,0.51486045
0,1,0.5865038
0,1,0.5836895
0,1,0.5504804
0,1,0.54704523
0,1,0.51906496
0,1,0.5504503
0,1,0.5919969
0,1,0.55999875
0,1,0.51571774
0,1,0.5362305
0,1,0.53170526
0,1,0.5228262
0,1,0.6130746
0,1,0.50454164
0,1,0.5019682
0,1,0.5582806
0,1,0.52184206
0,1,0.5665196
0,1,0.61598605
0,1,0.62459654
0,1,0.53933877
0,1,0.5846602
0,1,0.66956735
0,1,0.5211479
0,1,0.5279792
0,1,0.61435777
0,1,0.58569974
0,1,0.54458404
0,1,0.5448946
0,1,0.54676384
0,1,0.5743843
0,1,0.59039116
0,1,0.5037637
0,1,0.54412794
0,1,0.58358246
0,1,0.65450346
0,1,0.5640654
0,0,0.43978193
0,1,0.5607614
0,1,0.62813103
0,0,0.47538373
0,1,0.5221031
0,1,0.5128395
0,1,0.6088801
0,1,0.5419731
0,1,0.5331862
0,0,0.48673764
0,1,0.59069556
0,1,0.5526893
0,1,0.5318471
0,1,0.5913996
0,1,0.52697253
0,1,0.5496021
0,1,0.52371573
0,1,0.5966109
0,1,0.56059146
0,1,0.5400454
0,0,0.478036
0,1,0.59962577
0,1,0.51229644
0,1,0.54104483
0,1,0.5620074
0,1,0.60623676
0,1,0.6098014
0,1,0.5237459
0,1,0.6026008
0,1,0.56346464
0,1,0.58841133
0,0,0.49969798
0,1,0.6283224
0,1,0.56849056
0,1,0.5330499
0,1,0.6281112
0,1,0.5270482
0,1,0.6152608
0,0,0.4947831
0,1,0.59015274
0,0,0.4539968
0,0,0.4581075
0,0,0.47540694
0,1,0.52746826
0,1,0.57199216
0,1,0.5340348
0,1,0.5525619
0,1,0.5123803
0,1,0.6016298
0,1,0.5332432
0,1,0.55697614
0,1,0.51843226
0,1,0.5494247
0,1,0.561451
0,1,0.60404485
0,1,0.62634337
0,1,0.6053062
0,1,0.57143676
0,1,0.60946643
0,0,0.49651906
0,1,0.6087814
0,1,0.518681
0,1,0.5720136
0,1,0.58869994
0,1,0.5043762
0,1,0.582748
0,1,0.56653625
0,1,0.6507487
0,1,0.5531337
0,1,0.51503974
0,1,0.59334826
0,1,0.5252513
0,0,0.49434316
0,0,0.48681766
0,1,0.57944685
0,1,0.5793916
0,1,0.61255926
0,1,0.512141
0,1,0.52095634
0,1,0.5458545
0,1,0.69365805
0,1,0.62882495
0,1,0.57502025
0,1,0.5774518
0,1,0.5330259
0,1,0.59768057
0,1,0.65010476
0,1,0.55145967
0,1,0.5448021
0,1,0.5998378
0,1,0.5791638
0,1,0.5294313
0,1,0.602464
0,1,0.53864825
0,1,0.5421463
0,1,0.6460057
0,1,0.6173713
0,1,0.5263495
0,1,0.5769848
0,1,0.56300133
0,1,0.5240071
0,0,0.49603862
0,1,0.55736744
0,1,0.6496242
0,1,0.5980096
0,1,0.5820886
0,1,0.578253
0,0,0.4645123
0,0,0.47145107
0,1,0.52608347
0,1,0.5482328
0,0,0.45480514
0,0,0.47826716
0,1,0.5852407
0,1,0.52608854
0,1,0.56482834
0,1,0.560063
0,1,0.6271985
0,1,0.5930909
0,1,0.59526026
0,1,0.57798356
0,1,0.6080359
0,1,0.5682184
0,1,0.596998
0,0,0.4894713
0,1,0.5360564
0,1,0.50595224
0,1,0.56446886
1,1,0.61605746
1,1,0.57927126
1,1,0.60208184
1,1,0.5723133
1,0,0.4887097
1,1,0.5345246
1,1,0.5147779
1,1,0.6208325
1,1,0.5534404
1,1,0.5825093
1,1,0.52726924
1,1,0.6263387
1,1,0.62618494
1,1,0.641031
1,1,0.6308556
1,1,0.6279053
1,1,0.5912748
1,1,0.59221303
1,0,0.4767338
1,1,0.5713654
1,1,0.6003736
1,1,0.5968988
1,0,0.46673825
1,1,0.6154949
1,1,0.56667334
1,1,0.59260714
1,1,0.5351991
1,0,0.44974038
1,1,0.63162065
1,1,0.5891882
1,1,0.65336335
1,1,0.569901
1,1,0.55208266
1,1,0.6668713
1,1,0.67574537
1,1,0.5014733
1,1,0.5981655
1,1,0.5610297
1,1,0.66642374
1,0,0.4697507
1,1,0.5805437
1,1,0.62712294
1,1,0.60199076
1,1,0.5480453
1,1,0.56611025
1,1,0.59820145
1,1,0.6113514
1,1,0.6727022
1,1,0.5886229
1,1,0.5472416
1,1,0.6019855
1,1,0.54317284
1,1,0.5928378
1,1,0.5964654
1,1,0.54530305
1,1,0.6198021
1,1,0.60174686
1,1,0.55598557
1,1,0.5701334
1,1,0.5845321
1,1,0.61111134
1,0,0.4834246
1,1,0.543316
1,1,0.6326103
1,1,0.623543
1,1,0.60291255
1,1,0.60156024
1,1,0.5322026
1,1,0.5657234
1,1,0.61632526
1,1,0.5632554
1,1,0.57592875
1,1,0.63354033
1,1,0.5285682
1,1,0.6109376
1,1,0.56360656
1,1,0.55945367
1,1,0.5720582
1,1,0.5408817
1,1,0.5322964
1,1,0.57631826
1,1,0.57132924
1,1,0.62807244
1,0,0.4875728
1,1,0.5452728
1,1,0.58425623
1,1,0.5982108
1,1,0.6412299
1,1,0.5696513
1,1,0.6577242
1,1,0.55183786
1,1,0.6249597
1,1,0.5458545
1,1,0.6269928
1,1,0.63036865
1,1,0.57431316
1,1,0.5493845
1,1,0.55250525
1,1,0.61276406
1,1,0.5525987
1,1,0.57145137
1,1,0.5301461
1,1,0.562083
1,1,0.6150592
1,1,0.5711817
1,1,0.5155728
1,1,0.62246966
1,1,0.60052556
1,1,0.57104146
1,1,0.60937476
1,1,0.5334009
1,1,0.62535435
1,1,0.52289087
1,1,0.60636455
1,1,0.63073117
1,0,0.48835555
1,1,0.5781164
1,1,0.6159527
1,1,0.51242024
1,1,0.6016992
1,1,0.6596473
1,1,0.63600826
1,1,0.5888771
1,1,0.54307115
1,0,0.47496673
1,1,0.6277692
1,1,0.6434623
1,1,0.58349156
1,1,0.5832696
1,1,0.6032885
1,1,0.6118864
1,0,0.48554447
1,1,0.5993597
1,1,0.5883321
1,1,0.5812208
1,1,0.60913026
1,1,0.60579413
1,1,0.6194681
1,1,0.61117554
1,1,0.55019546
1,1,0.55392164
1,1,0.59920186
1,1,0.573339
1,1,0.5947399
1,1,0.56688267
1,1,0.57496417
1,1,0.5877522
1,1,0.5035559
1,1,0.5704892
1,1,0.5945061
1,1,0.5370346
1,1,0.5880857
1,0,0.47723013
1,1,0.63856906
1,1,0.67087096
1,0,0.46237847
1,0,0.49815592
1,1,0.5392795
1,1,0.6071206
1,1,0.5866034
1,1,0.51739055
1,1,0.5508157
1,1,0.5201773
1,1,0.60438937
1,1,0.5157434
1,1,0.5878643
1,1,0.57690984
1,1,0.5869641
1,1,0.6271335
1,1,0.6050433
1,1,0.56500196
1,1,0.6212123
1,1,0.5987181
1,1,0.58152175
1,1,0.56797075
1,1,0.58008766
1,1,0.6627015
1,1,0.60735697
1,1,0.67353517
1,1,0.6273048
1,1,0.60571575
1,1,0.54961085
1,1,0.5419757
1,1,0.62155104
1,1,0.5571602
1,1,0.6267053
1,1,0.6184955
1,1,0.6212208
1,1,0.6024564
1,1,0.53768784
1,1,0.5260229
1,1,0.6352362
1,1,0.6322312
1,1,0.604211
1,1,0.59870946
1,1,0.6127047
1,1,0.5640832
1,0,0.49868608
1,1,0.5571492
1,1,0.57426804
1,1,0.5971249
1,1,0.5688852
1,1,0.5835806
1,1,0.5656751
1,1,0.62841654
1,1,0.58834213
1,1,0.6063282
1,1,0.5596586
1,0,0.43138677
1,1,0.6566415
1,1,0.53308725
1,0,0.4935107
1,1,0.6065606
1,1,0.65566695
1,1,0.60263133
1,1,0.5629287
1,0,0.47981623
1,1,0.56728727
1,1,0.6218571
1,1,0.6754063
1,1,0.62264735
1,1,0.51381487
1,1,0.6128457
1,1,0.56253564
1,1,0.5908782
1,1,0.6191843
1,1,0.6016106
1,1,0.5641726
1,1,0.5912549
1,1,0.5569361
1,1,0.61474264
1,1,0.6233999
1,1,0.5571328
1,1,0.5018804
1,1,0.57166344
1,1,0.5568758
1,1,0.6300747
1,1,0.5942912
1,1,0.60844356
1,1,0.59289694
1,1,0.62732553
1,1,0.6225381
1,1,0.5804313
1,1,0.5717097
1,1,0.5804046
1,1,0.5577614
1,1,0.6058631
1,1,0.5725462
1,1,0.54656845
1,1,0.6037262
1,1,0.5272284
1,1,0.60836333
1,1,0.617659
1,1,0.6313358
1,1,0.5608752
1,1,0.6352491
1,1,0.539378
1,1,0.5557895
1,1,0.5751565
1,1,0.5827795
1,1,0.6343166
1,1,0.57385397
1,0,0.48252887
1,1,0.59863245
1,1,0.6043053
1,1,0.5902915
1,1,0.51289886
1,0,0.4802482
1,1,0.6032057
1,1,0.5966231
1,1,0.66361314
1,1,0.60744786
1,1,0.54863316
1,1,0.69934034
1,1,0.53928167
1,1,0.6145753
1,1,0.61209077
1,1,0.5721525
1,1,0.6026842
1,1,0.6226727
1,1,0.6013461
1,1,0.57040834
1,1,0.6098801
1,1,0.62079674
1,1,0.51039606
1,1,0.5793811
1,1,0.61466074
1,1,0.5858981
1,1,0.5725393
1,1,0.58574027
1,1,0.5846888
1,1,0.55435777
1,1,0.59968966
1,1,0.6496608
1,1,0.6399919
1,1,0.63575685
1,1,0.5765306
1,1,0.56630224
1,1,0.55870754
1,1,0.6456113
1,1,0.5343195
1,1,0.55503786
1,1,0.5058715
1,1,0.55540776
1,1,0.5963299
1,1,0.6236541
1,1,0.65040654
1,0,0.4993706
1,1,0.58969855
1,1,0.6305761
1,1,0.5506085
1,1,0.5954249
1,1,0.55521476
1,1,0.5363233
1,1,0.63065827
1,1,0.59750706
1,1,0.6209338
1,1,0.5654471
1,1,0.63624394
1,1,0.542101
1,1,0.6660583
1,1,0.6093736
1,1,0.669534
1,1,0.61036503
1,1,0.53797674
1,1,0.55829275
1,1,0.5446519
1,1,0.63695574
1,1,0.54684556
1,1,0.5518292
1,1,0.57248735
1,1,0.61132383
1,1,0.55123043
1,1,0.57048017
1,1,0.5948678
1,1,0.5606386
1,1,0.5781268
1,1,0.57322884
1,1,0.60591054
1,1,0.58865184
1,1,0.54307115
1,1,0.5361249
1,1,0.591328
1,1,0.5838915
1,1,0.60864526
1,1,0.57011443
1,1,0.6245716
1,1,0.59584224
1,1,0.5574192
1,1,0.51300335
1,1,0.6610231
1,1,0.5724343
1,1,0.5941882
1,1,0.58408445
1,1,0.5514647
1,1,0.5296629
1,1,0.5901001
1,1,0.63145953
1,1,0.53912205
1,1,0.6435123
1,1,0.5486585
1,1,0.58572286
1,1,0.5761052
1,1,0.5259354
1,1,0.619115
1,1,0.6049431
1,1,0.58330035
1,1,0.5786777
1,1,0.5906903
1,1,0.57859075
1,1,0.60099393
1,0,0.44073334
1,1,0.60680455
1,1,0.604555
1,1,0.51449966
1,1,0.5923716
1,1,0.64935994
1,1,0.57780516
1,1,0.62678325
1,1,0.5581084
1,1,0.6027961
1,1,0.55173004
1,1,0.62350446
1,0,0.4275643
1,1,0.59940624
1,1,0.5770261
1,1,0.5427286
1,1,0.50503063
1,1,0.55121875
1,0,0.48964065
1,1,0.5953778
1,1,0.6232598
1,1,0.5998466
1,1,0.608436
1,1,0.58753055
1,1,0.55568475
1,1,0.57043743
1,1,0.60891306
1,1,0.5725429
1,1,0.5993015
1,1,0.531641
1,1,0.6267285
1,1,0.6323605
1,1,0.55459577
1,1,0.6605559
1,1,0.5532639
1,1,0.56281644
1,1,0.57000947
1,1,0.63295877
1,1,0.6002972
1,1,0.5668509
1,1,0.60028344
1,1,0.5269362
1,1,0.6499379
1,1,0.5373392
1,1,0.5179135
1,1,0.5439345
1,1,0.5973322
1,1,0.55428183
1,1,0.5859114
1,1,0.5883902
1,1,0.5819881
1,1,0.5723798
1,1,0.54369116
1,1,0.6527035
1,1,0.5831521
1,1,0.62066716
1,1,0.5768426
1,1,0.5667502
1,1,0.5964984
1,1,0.5304171
1,1,0.52787477
1,1,0.57897013
1,1,0.5766251
1,1,0.6070516
1,1,0.62560344
1,1,0.53391266
1,1,0.55105895
1,1,0.5138717
1,1,0.6482751
1,1,0.6248598
1,1,0.5628834
1,1,0.5443101
1,1,0.5695671
1,1,0.5686663
1,1,0.5705556
1,0,0.4672454
1,1,0.5678821
1,1,0.5106222
1,1,0.56652814
1,1,0.6069523
1,1,0.5607156
1,1,0.54489857
1,1,0.5861312
1,1,0.6513712
1,1,0.5680724
1,1,0.5999761
1,1,0.6671483
1,1,0.6641839
1,0,0.47235817
1,1,0.57355344
1,1,0.6753952
1,1,0.5610946
1,1,0.6215622
1,1,0.5548241
1,1,0.6148093
1,1,0.63219523
1,1,0.53669375
1,1,0.64668924
1,0,0.47494307
1,1,0.56825745
1,1,0.5578876
1,1,0.688458
1,1,0.50494903
1,1,0.55884033
1,1,0.5016022
1,1,0.5143988
1,1,0.5319448
1,1,0.54900867
1,1,0.55967313
1,1,0.5778424
1,1,0.53120947
1,1,0.5622824
1,1,0.57144904
1,1,0.54682887
1,1,0.64352506
1,1,0.611306
1,1,0.55401593
1,1,0.5576464
1,1,0.5502899
1,1,0.5666141
1,1,0.6285617
1,1,0.5464721
1,1,0.5430861
1,0,0.4634098
1,1,0.5386344
1,1,0.6182529
1,1,0.6274107
1,1,0.6197633
1,1,0.5561828
1,1,0.6089687
1,1,0.6261268
1,1,0.56819665
1,1,0.63100344
1,1,0.5220962
1,1,0.6019027
1,1,0.6451278
1,1,0.5959979
1,1,0.55469644
1,1,0.51686174
1,1,0.56512433
1,1,0.5285894
1,1,0.5841206
1,1,0.59642756
1,1,0.60312366
1,1,0.596754
1,1,0.5282113
1,1,0.62683856
1,1,0.6086127
1,1,0.64941806
1,1,0.5769228
1,1,0.61530876
1,1,0.6039082
1,1,0.62935716
1,1,0.566742
1,1,0.5674195
1,1,0.61408216
1,1,0.57269585
1,1,0.60953224
1,1,0.5292173
1,1,0.5713329
1,1,0.5571045
1,1,0.6147726
1,1,0.59434676
1,1,0.6151193
1,1,0.57667637
1,1,0.5551275
1,1,0.59231955
1,1,0.6004589
1,1,0.5060905
1,1,0.6581449
1,1,0.5068082
1,1,0.55921185
1,1,0.59783435
1,1,0.51293594
1,1,0.59829867
1,1,0.56863517
1,1,0.59902716
1,1,0.6291233
1,1,0.5815267
1,1,0.5973637
1,1,0.594236
1,1,0.60494703
1,1,0.6173732
1,1,0.5677774
1,1,0.53406626
1,0,0.4997885
1,1,0.561554
1,1,0.57132715
1,0,0.49830216
1,1,0.6102262
1,1,0.60425425
1,1,0.54224324
1,1,0.60432607
1,1,0.63124096
1,1,0.56573534
1,1,0.62385696
1,1,0.58892727
1,1,0.5438094
1,1,0.59096915
1,1,0.56549966
1,1,0.5950213
1,1,0.5615804
1,1,0.57564527
1,1,0.5974923
1,1,0.5258183
1,1,0.6237667
1,1,0.5499433
1,0,0.48403
1,1,0.55734706
1,1,0.6017369
1,1,0.6091519
1,1,0.5983406
1,1,0.53558135
1,1,0.67136395
1,1,0.58275217
1,1,0.5155486
1,0,0.46955007
1,1,0.540165
1,1,0.5446659
1,1,0.56226
1,1,0.5313091
1,1,0.6394931
1,1,0.58737
1,1,0.5872161
1,1,0.5582992
1,1,0.5587738
1,1,0.66304636
1,1,0.5951403
1,1,0.5603589
1,1,0.5879902
1,1,0.6188653
1,1,0.6331481
1,1,0.5697993
1,1,0.5865132
1,1,0.59863603
1,1,0.51625234
1,1,0.57661355
1,1,0.5536979
1,1,0.5344661
1,1,0.577507
1,1,0.5975774
1,1,0.5699695
1,1,0.56120306
1,1,0.6007228
1,1,0.56953806
1,1,0.6442243
1,1,0.59966874
1,1,0.53390443
1,1,0.5412209
1,1,0.6263589
1,1,0.56365854
1,1,0.5429126
1,1,0.5137417
1,1,0.6805197
1,1,0.5195983
1,1,0.520668
1,1,0.64837325
1,1,0.53514224
1,1,0.6491415
1,1,0.53253263
1,1,0.5821868
1,1,0.665791
1,1,0.6189389
1,1,0.5130653
1,1,0.63938576
1,1,0.5683504
1,1,0.6434926
1,1,0.6193277
1,1,0.5834083
1,1,0.5526047
1,1,0.550421
1,1,0.610504
1,1,0.6145378
1,1,0.5564226
1,1,0.5837019
1,1,0.60231507
1,1,0.58920175
1,1,0.53173286
1,1,0.59413296
1,1,0.5844348
1,0,0.495088
1,1,0.5342221
1,1,0.5805112
1,1,0.58340865
1,1,0.5423435
1,1,0.5649509
1,1,0.5816332
1,1,0.66459495
1,1,0.6048206
1,1,0.58641106
1,1,0.6051672
1,1,0.6257976
1,1,0.6026629
1,1,0.5936573
1,1,0.5305065
1,1,0.60354805
1,1,0.5912261
1,0,0.49504256
1,1,0.60408497
1,1,0.5702388
1,1,0.50028425
1,1,0.578912
1,1,0.61787266
1,1,0.6040026
1,1,0.53648263
1,1,0.56155145
1,1,0.5920671
1,1,0.5659765
1,1,0.5532971
1,1,0.58774346
1,1,0.6115384
1,1,0.5315532
1,1,0.5331455
1,1,0.5490552
1,1,0.54353553
1,1,0.5056487
1,1,0.62020606
1,1,0.5171411
1,1,0.62406826
1,1,0.5413698
1,1,0.60554636
1,1,0.59090036
1,1,0.557467
1,1,0.55913746
1,1,0.62632906
1,1,0.57580173
1,1,0.5531932
1,1,0.64006984
1,1,0.63024133
1,1,0.55553806
1,1,0.5492675
1,1,0.5352884
1,1,0.61410373
1,1,0.58253795
1,1,0.54025537
1,0,0.48144186
1,0,0.46607873
1,1,0.53578657
1,1,0.53098524
1,1,0.5988213
1,1,0.59197855
1,1,0.6344025
1,1,0.63147366
1,1,0.5701061
1,1,0.5730782
1,1,0.57676154
1,1,0.5512062
1,1,0.5915667
1,1,0.59612274
1,1,0.6267067
1,1,0.5444415
1,1,0.5997255
1,1,0.5667903
1,1,0.56890273
1,1,0.5561487
1,1,0.582311
1,1,0.58278406
1,0,0.48861107
1,1,0.5930891
1,1,0.59828806
1,1,0.54470295
1,1,0.599829
1,1,0.6585366
1,1,0.5133873
1,1,0.66561866
1,1,0.5451535
1,1,0.5701779
1,1,0.5539205
1,1,0.66951513
1,1,0.53666806
1,1,0.5898436
1,1,0.56766826
1,1,0.5592346
1,1,0.67850554
1,1,0.62600213
1,1,0.59294057
1,1,0.64861774
1,1,0.5833599
1,1,0.56910056
1,1,0.5832692
1,0,0.44888756
1,1,0.62291545
1,1,0.6377149
1,1,0.61118096
1,0,0.48203033
1,1,0.6128551
1,1,0.60144335
1,1,0.5356176
1,1,0.6293862
1,1,0.5608724
1,1,0.6085
1,1,0.54508066
1,1,0.65893596
1,0,0.4360431
1,1,0.6270999
1,1,0.61107385
1,1,0.5947652
1,1,0.5752764
1,1,0.617146
1,1,0.56566626
1,1,0.51658213
1,1,0.543941
1,1,0.60421455
1,1,0.5991296
1,1,0.5517002
1,1,0.53822666
1,1,0.59676623
1,1,0.62311924
1,1,0.5055317
1,1,0.64276415
1,1,0.5625919
1,1,0.660548
1,1,0.59851485
1,1,0.54560536
1,1,0.54246455
1,1,0.5791537
1,1,0.6478151
1,1,0.56450295
1,1,0.5738759
1,1,0.5956649
1,1,0.58391416
1,1,0.6107908
1,1,0.5925699
1,1,0.5869887
1,1,0.6150382
1,1,0.5692904
1,1,0.6178131
1,1,0.5561308
1,1,0.56180924
1,1,0.61099046
1,1,0.51872057
1,1,0.5334228
1,1,0.5975393
1,1,0.59839916
1,1,0.5795333
1,1,0.5304395
1,1,0.5234783
1,1,0.5678768
1,1,0.5671162
1,1,0.59874755
1,1,0.671778
1,1,0.6229836
1,1,0.6247856
1,1,0.57605916
1,1,0.59627974
1,1,0.6166791
1,1,0.5033524
1,1,0.5451139
1,1,0.57998425
1,0,0.49744865
1,1,0.5761645
1,1,0.5855987
1,1,0.57733244
1,1,0.654243
1,1,0.5898048
1,1,0.5111836
1,1,0.5998156
1,1,0.6236577
1,1,0.5490899
1,1,0.61358184
1,1,0.54180735
1,1,0.5636083
1,1,0.58609426
1,1,0.6090962
1,1,0.62424576
1,1,0.62588257
1,1,0.5857869
1,1,0.61025697
1,1,0.5889773
1,1,0.5926298
1,1,0.5042919
1,1,0.6562416
1,1,0.57650876
1,1,0.578301
1,1,0.51960564
1,1,0.5386368
1,0,0.49582925
1,1,0.5596753
1,1,0.5118331
1,1,0.55260426
1,1,0.554862
1,1,0.5004696
1,1,0.57320505
1,1,0.58026946
1,1,0.53036594
1,1,0.6506659
1,1,0.5280036
1,1,0.6034458
1,1,0.54384184
1,1,0.6628741
1,1,0.58969396
1,1,0.519054
1,1,0.51608145
1,1,0.5974257
1,1,0.64912945
1,1,0.622523
1,1,0.5563701
1,1,0.52839977
1,1,0.5917282
1,1,0.5801133
1,1,0.5807392
1,1,0.6120894
1,1,0.5877735
1,1,0.5836884
1,1,0.6356304
1,1,0.59203553
1,1,0.6024508
1,1,0.53169537
1,1,0.53290236
1,1,0.58021706
1,1,0.61894387
1,1,0.5826424
1,1,0.59131545
1,1,0.5294108
1,1,0.5840523
1,1,0.63079184
1,1,0.5118502
1,1,0.64000297
1,1,0.5702981
1,1,0.5953992
1,1,0.5139456
1,1,0.517455
1,1,0.598144
1,1,0.55606025
1,1,0.6328979
1,1,0.56679666
1,1,0.52656305
1,1,0.52610105
1,1,0.57167155
1,0,0.4729408
1,1,0.5178221
1,1,0.5095308
1,1,0.6410731
1,1,0.5591546
1,1,0.61560154
1,1,0.61508256
1,1,0.63779765
1,1,0.5415418
1,1,0.5601484
1,1,0.57078075
1,1,0.6135322
1,1,0.6192457
1,1,0.6421465
1,1,0.63785887
1,1,0.6326852
1,1,0.58958423
1,1,0.597793
1,0,0.49896142
1,1,0.5681937
1,1,0.5746835
1,1,0.53425187
1,1,0.5292995
1,1,0.5389674
1,1,0.5483278
1,1,0.5547557
1,1,0.6418192
1,0,0.49699807
1,1,0.5805929
1,1,0.60183066
1,0,0.47725272
1,1,0.59264386
1,1,0.5435637
1,1,0.62795025
1,1,0.5847299
1,1,0.54264164
1,1,0.5777041
1,1,0.6745421
1,1,0.6244143
1,1,0.6213649
1,1,0.54632646
1,1,0.60785306
1,1,0.58490396
1,1,0.61739004
1,1,0.5457315
1,1,0.59914786
1,1,0.5958037
1,1,0.57729065
1,1,0.63156897
1,1,0.6421024
1,1,0.50384146
1,1,0.60517913
1,1,0.6402481
1,1,0.5237132
1,0,0.46334904
1,1,0.5781993
1,1,0.5869529
1,1,0.5675511
1,1,0.582824
1,1,0.5113934
1,1,0.52429926
1,1,0.6058186
1,1,0.55909836
1,1,0.61715496
1,1,0.57418245
1,0,0.47371364
1,1,0.61493766
1,1,0.59347034
1,1,0.5970245
1,1,0.61801547
1,1,0.57353413
1,1,0.5630687
1,1,0.5495555
1,1,0.598083
1,1,0.538671
1,1,0.5488085
1,1,0.6028328
1,1,0.5809256
1,1,0.6422629
1,1,0.53557146
1,1,0.5810098
1,1,0.5986434
1,1,0.555046
1,1,0.62228435
1,1,0.5952433
1,1,0.63154805
1,1,0.59028375
1,0,0.4906297
1,1,0.63849884
1,1,0.58399445
1,1,0.56073326
1,1,0.52973384
1,1,0.6126273
1,1,0.52994424
1,1,0.66787726
1,1,0.6169817
1,1,0.6517295
1,1,0.5390598
1,1,0.5170683
1,1,0.6003406
1,1,0.53679734
1,1,0.579525
1,1,0.595399
1,1,0.6125421
1,0,0.49221247
1,1,0.60092634
1,1,0.56651425
1,1,0.59127796
1,1,0.5893845
1,1,0.58533716
1,1,0.59811527
1,1,0.5219443
1,1,0.66855574
1,1,0.5246309
1,0,0.48529178
1,1,0.6129561
1,1,0.6250686
1,1,0.63019645
1,1,0.56473684
1,1,0.56898856
1,1,0.56453836
1,1,0.56017303
1,1,0.60424304
1,1,0.631096
1,1,0.56429785
1,0,0.48085952
1,1,0.58355606
1,1,0.5899007
1,1,0.55187356
1,1,0.5297841
1,1,0.59617376
1,1,0.5532656
1,1,0.5047164
1,1,0.546247
1,1,0.6245044
1,1,0.5699674
1,1,0.5930003
1,1,0.55386156
1,1,0.6214442
1,1,0.6073881
1,1,0.5884385
1,1,0.56520295
1,1,0.6456006
1,1,0.567017
1,1,0.5390324
1,1,0.5832814
1,1,0.53332424
1,1,0.5776058
1,1,0.63293576
1,1,0.55233335
1,1,0.5657092
1,1,0.5722751
1,1,0.5566971
1,1,0.5398763
1,1,0.54007894
1,1,0.5555056
1,1,0.6184994
1,1,0.55061424
1,1,0.6624844
1,1,0.55230224
1,1,0.6200418
1,1,0.5351755
1,1,0.57403135
1,1,0.5764421
1,1,0.5443997
1,1,0.6000926
1,1,0.6547613
1,1,0.66025674
1,1,0.6117732
1,1,0.5652821
1,1,0.5005001
1,1,0.6595088
1,1,0.6294612
1,1,0.6069643
1,1,0.59361863
1,1,0.55943245
1,1,0.54986155
1,1,0.5761279
1,1,0.6230089
1,1,0.61854327
1,1,0.50993216
1,1,0.65583026
1,1,0.6377374
1,1,0.5382436
1,1,0.58306533
1,1,0.61943907
1,1,0.6233178
1,1,0.60796803
1,1,0.5560281
1,1,0.5999092
1,1,0.5370413
1,1,0.6233176
1,1,0.58411837
1,1,0.6160647
1,1,0.5582306
1,1,0.6194148
1,1,0.5957963
1,1,0.5868655
1,1,0.5901776
1,1,0.57384986
1,1,0.6156811
1,1,0.6170455
1,1,0.5611027
1,1,0.62368757
1,1,0.52595645
1,1,0.62079823
1,1,0.6035418
1,1,0.5827265
1,1,0.5914552
1,1,0.574854
1,1,0.6236709
1,1,0.58505297
1,1,0.61681837
1,1,0.5296678
1,1,0.55694157
1,1,0.62771845
1,1,0.61590505
1,1,0.61983675
1,1,0.56281555
1,1,0.52244294
1,1,0.6112809
1,1,0.62544423
1,1,0.58772886
1,1,0.5893379
1,1,0.56409097
1,1,0.68531835
1,1,0.5961105
1,1,0.56508267
1,0,0.4995934
1,1,0.6725245
1,1,0.5671217
1,1,0.5636304
1,1,0.5375752
1,1,0.58494437
1,1,0.5746845
1,1,0.5968107
1,1,0.5283634
1,0,0.4584849
1,1,0.67391723
1,1,0.619313
1,1,0.553688
1,1,0.53512585
1,1,0.625063
1,0,0.47755376
1,1,0.6139742
1,1,0.6088917
1,0,0.49856278
1,1,0.5541053
1,1,0.6205524
1,1,0.50988823
1,1,0.6071424
1,1,0.582402
1,1,0.6325787
1,1,0.61633503
1,1,0.6364187
1,1,0.597711
1,1,0.6260865
1,1,0.52984226
1,1,0.59036607
1,1,0.58505195
1,1,0.53599393
1,1,0.64270276
1,1,0.598526
1,0,0.4489588
1,1,0.61117494
1,1,0.5234482
1,1,0.6151711
1,1,0.6617146
1,1,0.59523636
1,1,0.547721
1,1,0.6033494
1,1,0.5931632
1,1,0.5439492
1,1,0.63422793
1,1,0.61632025
1,0,0.4882198
1,1,0.63023454
1,1,0.5383547
1,1,0.60776895
1,1,0.5794609
1,1,0.5248046
1,1,0.6105691
1,1,0.59560895
1,1,0.53450286
1,1,0.55938935
1,1,0.603226
1,1,0.5202874
1,1,0.53489107
1,1,0.5681712
1,1,0.5157691
1,1,0.61196697
1,1,0.5642391
1,1,0.594058
1,1,0.5541673
1,1,0.59142077
1,1,0.6035684
1,1,0.5482994
1,1,0.56337595
1,1,0.6140446
1,1,0.5447324
1,1,0.598106
1,1,0.59714884
1,1,0.53496325
1,1,0.57852316
1,1,0.6169369
1,1,0.6680843
1,1,0.5605633
1,1,0.56730735
1,1,0.6033303
1,1,0.5958574
1,1,0.57169
1,1,0.57822233
1,1,0.58987856
1,1,0.56133103
1,1,0.59554565
1,1,0.57912207
1,1,0.5669642
1,1,0.62037045
1,1,0.63018113
1,1,0.5524943
1,1,0.59407496
1,1,0.5681017
1,1,0.6299329
1,1,0.50781655
1,1,0.5873695
1,1,0.5795742
1,1,0.61293334
1,1,0.50186384
1,1,0.5750092
1,1,0.5975762
1,1,0.5844737
1,0,0.49949154
1,1,0.64475924
1,1,0.62528443
1,1,0.65782493
1,1,0.5487735
1,1,0.5686428
1,1,0.5614498
1,1,0.582739
1,1,0.5449774
1,1,0.52449864
1,1,0.5744099
1,1,0.66023415
1,1,0.5456217
1,1,0.51661235
1,1,0.63553095
1,1,0.5520039
1,1,0.5895097
1,1,0.50011104
1,1,0.58256084
1,1,0.5505889
1,1,0.57653266
1,1,0.6246296
1,1,0.5006968
1,1,0.57781136
1,1,0.5412874
1,1,0.54078037
1,1,0.55991477
1,1,0.5728131
1,1,0.5930267
1,1,0.5954816
1,1,0.62190217
1,1,0.55122715
1,1,0.5464914
1,1,0.5244753
1,1,0.604056
1,1,0.61622447
1,1,0.67553896
1,1,0.6079833
1,1,0.5592633
1,1,0.587234
1,1,0.5194993
1,0,0.46928582
1,1,0.5942156
1,1,0.50736535
1,1,0.55901504
1,1,0.5487923
1,1,0.59714943
1,1,0.55596155
1,1,0.5857879
1,1,0.5794623
1,1,0.60020375
1,1,0.56311214
1,1,0.53156173
1,1,0.6253089
1,0,0.42021734
1,1,0.5922349
1,1,0.5700111
1,1,0.55057514
1,1,0.577159
1,1,0.5201188
1,1,0.5926718
1,1,0.52689683
1,1,0.62599194
1,1,0.55908424
1,1,0.5508855
1,1,0.60268074
1,1,0.59051085
1,1,0.5535653
1,1,0.58022124
1,1,0.59498686
1,1,0.6126177
1,0,0.4965864
1,1,0.60325557
1,1,0.59016836
1,1,0.57870203
1,1,0.6021018
1,1,0.6559646
1,1,0.5423251
1,1,0.6026363
1,1,0.5955278
1,1,0.5832592
1,1,0.6014592
1,1,0.5908433
1,1,0.5921164
1,1,0.6579794
1,1,0.52696073
1,1,0.56550604
1,1,0.58451134
1,0,0.44880792
1,1,0.60048115
1,1,0.5775941
1,1,0.61503893
1,1,0.5795381
1,1,0.57046795
1,1,0.6324788
1,1,0.62877554
1,1,0.6308514
1,1,0.5631007
1,1,0.64094394
1,1,0.60473675
1,1,0.5765522
1,1,0.5158619
1,1,0.5920075
1,1,0.6353417
1,1,0.6072919
1,1,0.5027063
1,1,0.58283836
1,1,0.62961644
1,1,0.5816067
1,1,0.6690068
1,1,0.61639047
1,1,0.55759466
1,1,0.60715365
1,1,0.5151751
1,1,0.57624143
1,1,0.60778266
1,1,0.5675912
1,1,0.5934324
1,1,0.5392517
1,1,0.60475075
1,1,0.614228
1,1,0.58066
1,1,0.56859756
1,1,0.54014605
1,1,0.5345439
1,1,0.56352705
1,1,0.5662555
1,1,0.5888446
1,1,0.60120285
1,1,0.60011953
1,1,0.6255934
1,1,0.5773586
1,0,0.48686668
1,1,0.594079
1,1,0.59032464
1,1,0.5573755
1,1,0.6231808
1,1,0.6105264
1,1,0.61292875
1,1,0.52176636
1,1,0.64282435
1,1,0.60547143
1,1,0.53295827
1,0,0.49568194
1,1,0.5829945
1,1,0.6153108
1,1,0.5576867
1,1,0.5607274
1,1,0.60948545
1,1,0.5962972
1,1,0.5866428
1,1,0.55347633
1,1,0.6330953
1,1,0.6146041
1,1,0.6233139
1,1,0.6117738
1,1,0.5818921
1,1,0.60620725
1,1,0.5821872
1,1,0.5873773
1,1,0.5735264
1,1,0.5866708
1,1,0.56044275
1,1,0.6332153
1,1,0.6198069
1,1,0.5196068
1,1,0.5766507
1,1,0.6111494
1,1,0.5011288
1,1,0.5248799
1,1,0.61967456
1,1,0.61376184
1,1,0.5365314
1,1,0.6461782
1,1,0.59608954
1,1,0.5450054
1,1,0.58744144
1,1,0.6385973
1,1,0.60978764
1,1,0.50197655
1,1,0.55504334
1,1,0.6268702
1,1,0.606881
1,1,0.5058698
1,1,0.509509
1,1,0.5627691
1,1,0.5539334
1,1,0.61615604
1,1,0.5903001
1,1,0.6075888
1,1,0.6248011
1,1,0.53946733
1,1,0.62770844
1,1,0.5239813
1,1,0.5803357
1,1,0.64505464
1,1,0.5562453
1,1,0.5748464
1,1,0.57918614
1,1,0.53741044
1,1,0.5978033
1,1,0.6495976
1,1,0.63463515
1,1,0.6624881
1,1,0.5504294
1,1,0.6115769
1,1,0.5500859
1,1,0.53064954
1,1,0.5793654
1,1,0.56056076
1,1,0.59197026
1,1,0.5440142
1,1,0.574922
1,1,0.63932735
1,1,0.57472897
1,1,0.567603
1,1,0.6017144
1,1,0.5346136
1,1,0.6210709
1,1,0.60618377
1,1,0.54685897
1,1,0.6574032
1,1,0.61124396
1,1,0.56592184
1,1,0.65475905
1,1,0.572909
1,1,0.55088514
1,1,0.51256496
1,0,0.49122775
1,1,0.55858266
1,1,0.6185996
1,1,0.6432298
1,1,0.51447624
1,1,0.56018245
1,1,0.6034402
1,1,0.64341956
1,1,0.5855754
1,0,0.37911788
1,1,0.62720674
1,1,0.5123508
1,1,0.5356219
1,1,0.5017946
1,1,0.62623954
1,1,0.6042399
1,1,0.597814
1,1,0.5832838
1,1,0.6023286
1,1,0.53697056
1,1,0.55090564
1,1,0.6033307
1,1,0.6115569
1,1,0.62916213
1,1,0.5655156
1,1,0.6523782
1,1,0.5572982
1,1,0.5804056
1,1,0.5489504
1,1,0.59272283
1,1,0.57676315
1,1,0.5661344
1,1,0.66499007
1,1,0.6010729
1,0,0.42688623
1,1,0.5319712
1,1,0.5812805
1,1,0.6132908
1,1,0.56503
1,1,0.5234845
1,1,0.6113022
1,1,0.6377856
1,1,0.54844826
1,1,0.614991
1,1,0.5400581
1,1,0.6042382
1,1,0.5642729
1,1,0.6114821
1,1,0.5699226
1,1,0.6092278
1,1,0.5504826
1,1,0.61366284
1,1,0.6151637
1,1,0.6254263
1,1,0.53052264
1,1,0.51658857
1,1,0.5591926
1,1,0.58121306
1,1,0.57546204
1,1,0.5690879
1,0,0.47112083
1,0,0.42768854
1,1,0.581527
1,1,0.560044
1,1,0.5784411
1,1,0.51382655
1,1,0.6559682
1,1,0.5721808
1,1,0.536553
1,1,0.5575245
1,1,0.6151525
1,1,0.51249003
1,1,0.5966526
1,0,0.48004302
1,1,0.5690204
1,1,0.5304746
1,1,0.6047381
1,1,0.5869596
1,1,0.54388565
1,1,0.6386905
1,1,0.61953247
1,1,0.6513937
1,1,0.5841531
1,1,0.6519131
1,1,0.6607091
1,1,0.57249045
1,1,0.6670387
1,1,0.5779274
1,1,0.621428
1,1,0.6505279
1,1,0.57459795
1,1,0.58764267
1,1,0.5951093
1,1,0.52051395
1,1,0.558401
1,1,0.5525426
1,1,0.54347914
1,1,0.5904647
1,1,0.60493535
1,1,0.6156894
1,1,0.6161967
1,1,0.60780704
1,1,0.5740184
1,1,0.5524109
1,1,0.657632
1,1,0.5694304
1,1,0.55941576
1,1,0.70415014
1,1,0.6312091
1,1,0.5782577
1,1,0.52643454
1,1,0.59780145
1,1,0.59385586
1,1,0.634681
1,1,0.64615005
1,1,0.5554793
1,1,0.53704363
1,1,0.53985983
1,1,0.6092366
1,1,0.5609285
1,1,0.6422292
1,1,0.6179417
1,1,0.52831984
1,1,0.6415304
1,1,0.61633956
1,1,0.54791546
1,1,0.5601881
1,1,0.505294
1,1,0.640961
1,1,0.54373395
1,1,0.59904665
1,1,0.6017772
1,1,0.5335277
1,0,0.45502007
1,1,0.5472568
1,1,0.53815246
1,1,0.6236098
1,1,0.6292513
1,1,0.57027406
1,1,0.5984115
1,1,0.6097801
1,1,0.6205569
1,1,0.5498231
1,1,0.5102952
1,1,0.59436107
1,1,0.56106347
1,1,0.58841217
1,1,0.60501903
1,1,0.59692353
1,1,0.60934323
1,1,0.5361923
1,1,0.64614415
1,1,0.580617
1,1,0.55617964
1,1,0.54658926
1,1,0.6152661
1,1,0.5952888
1,1,0.6310317
1,1,0.6744485
1,1,0.5656484
1,1,0.58646345
1,1,0.6123816
1,1,0.50735295
1,1,0.5956381
1,1,0.5133848
1,1,0.5826452
1,1,0.50673574
1,1,0.594239
1,1,0.58193076
1,1,0.6068396
1,1,0.6113621
1,1,0.5868209
1,1,0.5572184
1,1,0.5655206
1,1,0.5946219
1,1,0.6564494
1,1,0.5736402
1,1,0.5130052
1,1,0.6029266
1,1,0.55807287
1,1,0.5359908
1,1,0.5505104
1,1,0.614781
1,1,0.63536716
1,1,0.5633988
1,1,0.60024583
1,1,0.5164554
1,1,0.5498706
1,1,0.61851203
1,1,0.5649759
1,1,0.5957082
1,1,0.6360911
1,1,0.56692225
1,1,0.6237357
1,1,0.6242152
1,1,0.57952297
1,1,0.56708014
1,1,0.5979968
1,1,0.56877995
1,1,0.6088475
1,1,0.6198507
1,1,0.5706409
1,1,0.577239
1,1,0.6299497
1,1,0.5935357
1,1,0.56133807
1,1,0.589819
1,1,0.5716087
1,1,0.5986891
1,0,0.4833281
1,1,0.56038266
1,1,0.6398022
1,1,0.5883747
1,1,0.5962434
1,1,0.6304639
1,1,0.5677404
1,1,0.65477467
1,1,0.64147925
1,1,0.5978097
1,0,0.4867515
1,1,0.57966965
1,1,0.6147406
1,1,0.5521905
1,1,0.5779477
1,1,0.5512651
1,1,0.5966809
1,1,0.5984962
1,1,0.6344575
1,1,0.54961896
1,1,0.5460022
1,1,0.5593305
1,1,0.6413233
1,1,0.58239
1,1,0.57361025
1,1,0.65679836
1,1,0.62751716
1,1,0.6564434
1,1,0.6555555
1,1,0.60291404
1,1,0.63904655
1,1,0.59242
1,1,0.60276246
1,0,0.4783881
1,1,0.5930733
1,1,0.6203841
1,1,0.63416606
1,1,0.5623247
1,1,0.58469135
1,1,0.6017854
1,1,0.59415656
1,1,0.56513166
1,1,0.5944771
1,1,0.5687278
1,1,0.6004043
1,1,0.57874525
1,1,0.58893895
1,1,0.5920245
1,1,0.60693944
1,0,0.49115425
1,1,0.56477076
1,1,0.5116933
1,1,0.58297044
1,1,0.5206999
1,1,0.54816467
1,1,0.534289
1,1,0.5700075
1,1,0.613345
1,1,0.6170205
1,1,0.5744448
1,1,0.56322604
1,1,0.54632837
1,0,0.49750364
1,1,0.56254876
1,1,0.5505744
1,1,0.5885148
1,1,0.60948694
1,1,0.6121549
1,1,0.62486607
1,1,0.6274011
1,1,0.7178012
1,1,0.5544622
1,1,0.5291783
1,1,0.57594496
1,1,0.58009034
1,1,0.53980446
1,1,0.62936777
1,1,0.58162534
1,1,0.5797508
1,1,0.5640172
1,1,0.55041975
1,1,0.5967825
1,1,0.6599312
1,1,0.57806605
1,1,0.59544134
1,1,0.5495538
1,1,0.61408955
1,1,0.60373485
1,1,0.6271588
1,1,0.56153727
1,1,0.6081959
1,1,0.6149505
1,1,0.56820714
1,1,0.5235732
1,1,0.67809385
1,1,0.5550423
1,1,0.5673558
1,1,0.5604302
1,1,0.5375723
1,1,0.65984136
1,1,0.5586058
1,1,0.5532177
1,1,0.5574719
1,0,0.47968087
1,1,0.60383034
1,1,0.613311
1,1,0.56478906
1,1,0.5554012
1,1,0.5556255
1,1,0.5829147
1,1,0.5867468
1,1,0.5686242
1,1,0.5572702
1,1,0.55644596
1,1,0.613908
1,1,0.5354582
1,1,0.6278044
1,1,0.5824026
1,1,0.653484
1,1,0.60610294
1,1,0.5822994
1,1,0.6346235
1,1,0.64114624
1,1,0.5174072
1,1,0.5395354
1,1,0.55999213
1,1,0.5534057
1,1,0.5038859
1,1,0.53899574
1,1,0.6136305
1,1,0.5592115
1,1,0.6384851
1,1,0.5419029
1,1,0.570427
1,1,0.56011915
1,1,0.65679497
1,1,0.61163056
1,1,0.6400824
1,1,0.5962606
1,1,0.6604581
1,1,0.5474533
1,1,0.6822304
1,1,0.5774821
1,1,0.5310155
1,1,0.5829509
1,1,0.56788534
1,1,0.55321497
1,1,0.62273407
1,1,0.59731126
1,1,0.6581228
1,1,0.5834123
1,1,0.5958382
1,1,0.56298167
1,1,0.53431576
1,1,0.52874625
1,1,0.6212926
1,1,0.5655596
1,1,0.6096648
1,1,0.63093656
1,1,0.65843934
1,1,0.5913481
1,1,0.56849456
1,1,0.56670296
1,1,0.5727607
1,1,0.6173325
1,1,0.64282745
1,1,0.5375762
1,1,0.52686554
1,1,0.5582499
1,1,0.57687813
1,1,0.6022
1,1,0.69268215
1,1,0.5755294
1,1,0.5880958
1,1,0.58108693
1,1,0.6211725
1,1,0.61946195
1,1,0.6206055
1,1,0.5992582
1,1,0.6355072
1,1,0.5272075
1,1,0.5399021
1,1,0.61323094
1,1,0.596343
1,1,0.5737989
1,1,0.60953426
1,1,0.59235966
1,1,0.6350326
1,1,0.57432216
1,1,0.57973003
1,1,0.52858394
1,1,0.52306676
1,1,0.5876845
1,1,0.61199796
1,1,0.5720389
1,1,0.59392333
1,1,0.61720425
1,1,0.5224463
1,1,0.5855248
1,1,0.63768536
1,1,0.5378689
1,1,0.5917086
1,1,0.60961276
1,1,0.58356315
1,1,0.5994656
1,1,0.6075266
1,1,0.6272527
1,1,0.513956
1,1,0.58502567
1,1,0.54026085
1,1,0.616337
1,1,0.51521283
1,1,0.5022414
1,1,0.524119
1,1,0.51722664
1,1,0.670195
1,1,0.5762772
1,1,0.5616357
1,1,0.58441764
1,1,0.5225692
1,1,0.57518053
1,1,0.52047825
1,1,0.56050193
1,1,0.59624
1,1,0.53822947
1,1,0.61261344
1,1,0.5560599
1,1,0.60584706
1,1,0.5084813
1,1,0.5477766
1,1,0.5671377
1,1,0.54101706
1,1,0.5762349
1,1,0.69559675
1,1,0.6387774
1,1,0.62863994
1,1,0.62816864
1,1,0.5828993
1,1,0.61341894
1,1,0.50258213
1,0,0.48410422
1,1,0.5855961
1,1,0.59004545
1,1,0.6269783
1,1,0.66469574
1,1,0.5702311
1,1,0.6015018
1,1,0.58165586
1,1,0.616332
1,1,0.5990172
1,1,0.64897597
1,1,0.6513991
1,1,0.60583234
1,1,0.5531639
1,1,0.5297428
1,1,0.6346807
1,1,0.57773113
1,1,0.527871
1,1,0.5472401
1,1,0.52584755
1,1,0.55867165
1,1,0.6006112
1,1,0.5373798
1,1,0.5934885
1,1,0.5958516
1,1,0.5394601
1,1,0.6316003
1,1,0.65585333
1,1,0.6324335
1,1,0.6215605
1,1,0.595582
1,1,0.5825618
1,1,0.5800195
1,1,0.53130096
1,1,0.62882215
1,1,0.5367447
1,1,0.6546496
1,1,0.57088697
1,1,0.59945655
1,1,0.6375074
1,1,0.6130396
1,1,0.59473157
1,1,0.5723597
1,1,0.5623174
1,1,0.6443935
1,1,0.6187144
1,1,0.6034968
1,1,0.5196549
1,0,0.4883939
1,1,0.57115823
1,1,0.5615772
1,1,0.60115445
1,1,0.5652749
1,1,0.61702013
1,1,0.6179656
1,1,0.5832129
1,1,0.5795097
1,1,0.5914601
1,1,0.53079027
1,1,0.5150303
1,1,0.5930285
1,1,0.6131902
1,1,0.59829277
1,1,0.57307184
1,1,0.6409838
1,1,0.5623965
1,1,0.65550584
1,1,0.6312596
1,1,0.64140546
1,1,0.58187157
1,1,0.59027344
1,1,0.64151686
1,0,0.46611488
1,1,0.57261574
1,1,0.6388002
1,1,0.59324425
1,1,0.62031347
1,1,0.6046461
1,1,0.57925814
1,1,0.5231365
1,1,0.5913014
1,1,0.561506
1,1,0.5893113
1,1,0.6140551
1,1,0.5344509
1,1,0.517049
1,1,0.51413274
1,1,0.6197814
1,1,0.56827813
1,1,0.59389836
1,1,0.5584725
1,1,0.64668894
1,1,0.5428394
1,1,0.6622375
1,1,0.5946907
1,1,0.63500136
1,1,0.5567189
1,1,0.6331107
1,1,0.5372783
1,1,0.58573717
1,1,0.5502722
1,1,0.6193448
1,1,0.5878138
1,1,0.5597793
1,1,0.61437327
1,1,0.61862636
1,1,0.55754995
1,1,0.5086555
1,1,0.57628167
1,1,0.5152527
1,1,0.6497371
1,1,0.6478414
1,1,0.5376429
1,1,0.5916475
1,1,0.60639745
1,1,0.6316167
1,1,0.5667753
1,1,0.5701852
1,1,0.5998073
1,1,0.6437794
1,1,0.606986
1,1,0.62479556
1,1,0.53079677
1,1,0.5793208
1,1,0.6411786
1,1,0.6269088
1,0,0.4867329
1,1,0.56729305
1,1,0.636882
1,1,0.6389868
1,1,0.60020554
1,1,0.6167335
1,1,0.5876863
1,1,0.5697981
1,1,0.5995543
1,1,0.57675624
1,1,0.59213847
1,1,0.54962194
1,1,0.6274129
1,1,0.54906446
1,1,0.5554923
1,1,0.58598584
1,1,0.54680085
1,1,0.63972324
1,1,0.5297282
1,1,0.6133225
1,1,0.5630437
1,1,0.60086167
1,1,0.5085205
1,1,0.5880756
1,1,0.63270134
1,1,0.5802862
1,0,0.47516313
1,1,0.53413635
1,1,0.62520176
1,1,0.645284
1,1,0.61255354
1,1,0.54402536
1,1,0.58040184
1,1,0.66837835
1,1,0.62895924
1,1,0.68129057
1,1,0.635963
1,1,0.61264366
1,1,0.57378745
1,1,0.55994713
1,1,0.56171334
1,1,0.5590622
1,1,0.55272007
1,1,0.59560645
1,1,0.5797977
1,1,0.5494011
1,1,0.5528789
1,1,0.5724952
1,1,0.60639817
1,1,0.564136
1,1,0.64450073
1,1,0.6409511
1,0,0.48686913
1,1,0.6267694
1,1,0.5230999
1,1,0.6421555
1,1,0.52155244
1,1,0.58554053
1,1,0.6288611
1,1,0.61608315
1,1,0.5659361
1,1,0.56144583
1,1,0.6476492
1,1,0.56261104
1,1,0.5353257
1,1,0.57779276
1,1,0.6310531
1,1,0.5004631
1,1,0.5931692
1,1,0.56591046
1,1,0.6202144
1,1,0.54736686
1,1,0.6073898
1,1,0.5608639
1,1,0.6109887
1,1,0.5722875
1,1,0.5178154
1,1,0.5391465
1,1,0.57654124
1,1,0.61295
1,1,0.51896733
1,1,0.652723
1,1,0.6008734
1,1,0.6016401
1,1,0.5097688
1,1,0.5565336
1,1,0.5797418
1,1,0.59026396
1,1,0.5638685
1,1,0.60811585
1,1,0.6028178
1,1,0.6001331
1,1,0.565882
1,1,0.5709564
1,1,0.634506
1,1,0.5208382
1,1,0.61798525
1,1,0.5787121
1,1,0.6265042
1,1,0.5318948
1,1,0.5579277
1,1,0.5330352
1,1,0.5050426
1,1,0.5680089
1,1,0.5476215
1,1,0.50252414
1,1,0.6022237
1,0,0.48756632
1,1,0.5625787
1,1,0.60245
1,1,0.5944056
1,1,0.63846767
1,1,0.5750036
1,1,0.58682257
1,1,0.55136526
1,1,0.5741332
1,1,0.5504816
1,1,0.6034226
1,1,0.6022917
1,1,0.53641766
1,1,0.6353386
1,1,0.62056106
1,1,0.6186508
1,1,0.54418147
1,1,0.6154874
1,1,0.5803294
1,1,0.5832136
1,1,0.5311154
1,1,0.6160254
1,1,0.5480711
1,1,0.6643285
1,1,0.6059426
1,1,0.61488295
1,1,0.5847335
1,1,0.6018833
1,1,0.64055705
1,1,0.5743962
1,1,0.5419322
1,1,0.5997559
1,0,0.46190563
1,1,0.57233703
1,1,0.61268485
1,1,0.59942895
1,1,0.57007873
1,1,0.56531
1,1,0.5728764
1,1,0.58391285
1,1,0.5909157
1,1,0.586435
1,1,0.5537444
1,1,0.5964655
1,1,0.5894703
1,1,0.60677594
1,1,0.5646982
1,1,0.6562316
1,1,0.5803044
1,0,0.49585792
1,1,0.5756981
1,1,0.6388464
1,1,0.5285727
1,1,0.5941484
1,1,0.60808736
1,1,0.6311092
1,1,0.5940162
1,1,0.61308146
1,1,0.58378303
1,1,0.5121899
1,1,0.59527594
1,1,0.5689176
1,1,0.6151928
1,1,0.6119781
1,1,0.5636841
1,1,0.59587526
1,1,0.5600971
1,1,0.57127434
1,1,0.57916784
1,1,0.6073243
1,1,0.6192223
1,1,0.61369956
1,1,0.6000921
1,1,0.5601757
1,1,0.61841583
1,1,0.58516294
1,1,0.59452325
1,1,0.5534305
1,1,0.5628275
1,1,0.57114166
1,1,0.5688267
1,1,0.57801825
1,1,0.646089
1,1,0.63214976
1,1,0.56985897
1,1,0.5160973
1,1,0.5376934
1,1,0.558742
1,1,0.6396414
1,1,0.639748
1,1,0.69041675
1,1,0.5896992
1,1,0.504365
1,1,0.60120964
1,1,0.5933458
1,1,0.54108536
1,1,0.579183
1,1,0.6623387
1,1,0.6414497
1,1,0.61682945
1,1,0.61697906
1,1,0.6048991
1,1,0.6239897
1,1,0.6250652
1,1,0.54705393
1,1,0.5935868
1,1,0.5803615
1,1,0.55416185
1,1,0.5688686
1,1,0.61411357
1,1,0.60029393
1,1,0.62209475
1,1,0.5424387
1,1,0.5906767
1,1,0.5718023
1,1,0.6081147
1,1,0.5299319
1,1,0.53711015
1,1,0.6506745
1,1,0.570304
1,1,0.58212537
1,1,0.5983234
1,1,0.53458625
1,1,0.61851376
1,1,0.57540953
1,1,0.60281205
1,1,0.62957597
1,1,0.6189703
1,1,0.50652313
1,1,0.58746105
1,1,0.5286364
1,1,0.61308813
1,1,0.50292015
1,1,0.5731458
1,1,0.5942454
1,1,0.53138936
1,1,0.5863189
1,1,0.5986602
1,1,0.6026073
1,1,0.60226566
1,1,0.58652717
1,1,0.646177
1,1,0.5799935
1,1,0.5709891
1,1,0.5982675
1,1,0.5343637
1,1,0.56491685
1,1,0.57974786
1,1,0.5632266
1,1,0.59807175
1,1,0.58032537
1,1,0.53264314
1,1,0.561983
1,1,0.6188728
1,1,0.5319635
1,1,0.5646595
1,1,0.57377857
1,1,0.5704905
1,1,0.62363464
1,1,0.5125963
1,1,0.61614984
1,1,0.52898926
1,1,0.6161254
1,1,0.64181286
1,1,0.6063335
1,1,0.5574128
1,1,0.6816108
1,1,0.5901847
1,1,0.55428725
1,1,0.58132553
1,1,0.63309616
1,1,0.58340204
1,1,0.61170596
1,1,0.5354515
1,1,0.5999063
1,1,0.5557652
1,1,0.5538141
1,1,0.62195426
1,1,0.63318795
1,1,0.59292924
1,1,0.57460105
1,1,0.58208907
1,1,0.5678406
1,1,0.57332474
1,1,0.6228266
1,1,0.56655866
1,1,0.59424007
1,1,0.5625674
1,1,0.5267971
1,1,0.5793865
1,1,0.581157
1,1,0.6333646
1,1,0.5578243
1,1,0.5463397
1,1,0.59353834
1,1,0.59089106
1,1,0.5961672
1,1,0.5856864
1,1,0.5788387
1,1,0.62408406
1,1,0.52692735
1,1,0.5726992
1,1,0.5833164
1,1,0.5990923
1,1,0.59448653
1,1,0.6506895
1,1,0.59467804
1,1,0.59032726
1,1,0.55282867
1,1,0.5649598
1,1,0.5429729
1,1,0.55426526
1,1,0.53461933
1,1,0.5486785
1,1,0.5776008
1,1,0.6110085
1,1,0.62830377
1,1,0.58000463
1,1,0.5334365
1,1,0.53845143
1,1,0.545548
1,1,0.64726835
1,1,0.67215943
1,1,0.5974741
1,1,0.5848702
1,1,0.5822718
1,1,0.57117504
1,1,0.63267314
1,1,0.57749104
1,1,0.5886661
1,1,0.5603984
1,1,0.5482579
1,1,0.5819842
1,1,0.5817962
1,1,0.504517
1,1,0.5504284
1,1,0.5712551
1,1,0.6025868
1,1,0.5470121
1,1,0.5611107
1,1,0.59849536
1,1,0.66193736
1,1,0.5934169
1,1,0.51148933
1,1,0.54454166
1,1,0.58481306
1,1,0.63397604
1,1,0.5128687
1,1,0.63017446
1,1,0.5879779
1,1,0.6275028
1,1,0.5800958
1,1,0.55992603
1,1,0.50248384
1,1,0.59092116
1,1,0.56057763
1,1,0.58344704
1,1,0.50966895
1,1,0.6216923
1,1,0.56305027
1,1,0.5946326
1,1,0.56884706
1,1,0.6313149
1,1,0.6014181
1,1,0.57459927
1,1,0.57734674
1,1,0.6163999
1,1,0.6157298
1,1,0.555521
1,1,0.61317694
1,1,0.5773319
1,1,0.5507503
1,1,0.5512211
1,1,0.5299045
1,1,0.58306426
1,1,0.6235729
1,1,0.56772363
1,1,0.6074789
1,1,0.6254244
1,1,0.644273
1,1,0.5334133
1,1,0.6085391
1,1,0.6711978
1,1,0.5825067
1,1,0.6044143
1,1,0.5276665
1,1,0.57756406
1,1,0.5938273
1,1,0.6256924
1,1,0.6126673
1,1,0.6111952
1,1,0.5752967
1,1,0.5936559
1,1,0.53527576
1,1,0.57895815
1,1,0.5389802
1,1,0.60602754
1,1,0.61490446
1,1,0.5784323
1,1,0.63017815
1,1,0.5618384
1,1,0.63771766
1,1,0.62229365
1,1,0.559368
1,1,0.59759593
1,1,0.55003095
1,1,0.5196305
1,1,0.54459536
1,1,0.5931426
1,1,0.66089803
1,1,0.5204973
1,1,0.6917433
1,1,0.53821456
1,1,0.65334517
1,1,0.57057333
1,1,0.61471957
1,1,0.581848
1,1,0.6002847
1,1,0.5843231
1,1,0.618982
1,1,0.55135334
1,1,0.5584672
1,1,0.63912237
1,1,0.61956644
1,1,0.59519535
1,1,0.61912787
1,1,0.60369027
1,1,0.60646164
1,1,0.58915234
1,1,0.56860137
1,1,0.55561835
1,1,0.55539787
1,1,0.57284594
1,1,0.5411972
1,1,0.54401696
1,1,0.55077434
1,1,0.5696022
1,1,0.58365357
1,1,0.59138894
1,1,0.557398
1,1,0.5757232
1,1,0.61337286
1,1,0.56917137
1,1,0.5775055
1,1,0.55836064
1,1,0.5755933
1,1,0.59828186
1,1,0.61247635
1,1,0.6212887
1,1,0.63090193
1,1,0.63562554
1,1,0.5862456
1,1,0.6078427
1,1,0.6189486
1,1,0.57642144
1,1,0.58281624
1,1,0.55422604
1,1,0.63742805
1,1,0.61084324
1,1,0.59369916
1,1,0.54897577
1,1,0.64137053
1,1,0.6267696
1,1,0.61890835
1,1,0.5261869
1,1,0.5280116
1,1,0.5268625
1,1,0.6357184
1,1,0.5967852
1,1,0.568389
1,1,0.6191433
1,1,0.58556813
1,1,0.5747163
1,1,0.61028486
1,1,0.645793
1,1,0.5380273
1,1,0.5295545
1,1,0.6294163
1,1,0.6157573
1,1,0.6433007
1,1,0.5624572
1,1,0.6392956
1,1,0.6089074
1,1,0.62522197
1,1,0.6379863
1,1,0.5893766
1,1,0.553249
1,1,0.5539022
1,1,0.5919155
1,1,0.60380507
1,1,0.6103979
1,1,0.5956263
1,1,0.64927113
1,1,0.57348096
1,1,0.7123678
1,1,0.6368814
1,1,0.62541616
1,1,0.59363866
1,1,0.5684505
1,1,0.57150614
1,1,0.5781482
1,1,0.6072098
1,1,0.6518171
1,1,0.61193764
1,1,0.5589648
1,1,0.5607894
1,1,0.6400745
1,1,0.56945425
1,1,0.6468733
1,1,0.5635006
1,1,0.5567986
1,1,0.59659094
1,1,0.628282
1,1,0.55547315
1,1,0.53381824
1,1,0.61864996
1,1,0.6568743
1,1,0.5859053
1,1,0.58264947
1,1,0.5976255
1,1,0.62307954
1,1,0.5737256
1,1,0.6118981
1,0,0.48817563
1,1,0.5910582
1,1,0.5486724
1,1,0.5785892
1,1,0.6379393
1,1,0.56620294
1,1,0.6130591
1,1,0.6010201
1,1,0.5273669
1,1,0.5633724
1,1,0.55188704
1,1,0.6226169
1,1,0.6388441
1,1,0.63508236
1,1,0.64060175
1,1,0.5400082
1,1,0.6052723
1,1,0.5873335
1,1,0.58527035
1,1,0.59446675
1,1,0.62581664
1,1,0.61859375
1,1,0.5633394
1,1,0.6231143
1,1,0.62586725
1,1,0.6333352
1,1,0.57556283
1,1,0.5872888
1,1,0.5483144
1,1,0.55969584
1,1,0.6346202
1,1,0.6801458
1,1,0.5938295
1,1,0.5675356
1,1,0.5597243
1,1,0.61017025
1,1,0.5277083
1,1,0.5981191
1,1,0.5590145
1,1,0.59811366
1,1,0.5824412
1,1,0.54790425
1,1,0.583506
1,1,0.5771292
1,1,0.5783453
1,1,0.5456084
1,1,0.5671168
1,1,0.55075264
1,1,0.6163245
1,1,0.5261938
1,1,0.6193206
1,1,0.53979987
1,1,0.6300227
1,0,0.4859273
1,1,0.6291632
1,1,0.6320662
1,1,0.5354643
1,1,0.50177693
1,1,0.55276304
1,1,0.55665904
1,1,0.58367234
1,1,0.5715334
1,1,0.57665277
1,0,0.4413404
1,1,0.6135572
1,1,0.65877223
1,1,0.5487607
1,1,0.5483789
1,1,0.6497969
1,1,0.5314662
1,1,0.5601781
1,1,0.5995127
1,1,0.5938748
1,1,0.63987434
1,1,0.57838774
1,1,0.59904706
1,1,0.54428947
1,1,0.6393024
1,1,0.52727526
1,1,0.54975224
1,1,0.59112847
1,1,0.5226729
1,1,0.60416996
1,1,0.6672208
1,1,0.5604325
1,1,0.54897606
1,1,0.57237035
1,1,0.5210263
1,1,0.5449794
1,1,0.5870035
1,1,0.5372674
1,1,0.59125566
1,1,0.565014
1,1,0.58162665
1,1,0.60106295
1,1,0.6558717
1,1,0.57208383
1,1,0.6103809
1,1,0.589621
1,1,0.5955436
1,1,0.5470682
1,1,0.5194074
1,1,0.55581367
1,1,0.59775954
1,1,0.6270626
1,1,0.61664057
1,1,0.5058523
1,1,0.5394891
1,1,0.500696
1,0,0.4598593
1,1,0.54105127
1,1,0.55912805
1,1,0.5540591
1,1,0.5410845
1,1,0.5636842
1,1,0.57560647
1,1,0.5646078
1,1,0.5292298
1,1,0.6095355
1,1,0.5065725
1,1,0.5992835
1,1,0.5071198
1,1,0.6125124
1,1,0.54448766
1,1,0.6152964
1,1,0.5445045
1,1,0.5346201
1,1,0.5162521
1,1,0.6310904
1,1,0.5973461
1,1,0.63236475
1,1,0.5987501
1,1,0.6231662
1,1,0.5722128
1,1,0.6299362
1,1,0.5905803
1,1,0.5480048
1,1,0.57698256
1,1,0.56602496
1,1,0.5103918
1,1,0.60493463
1,1,0.5433004
1,1,0.61935085
1,1,0.57664925
1,1,0.5904551
1,1,0.58438516
1,1,0.5361135
1,1,0.5538874
1,1,0.5804468
1,1,0.5497774
1,1,0.60554326
1,1,0.58419687
1,1,0.53734434
1,1,0.59727484
1,1,0.57479
1,1,0.5366877
1,1,0.63232327
1,1,0.57167596
1,1,0.56839305
1,1,0.5966492
1,1,0.5851463
1,1,0.6131548
1,1,0.6207618
1,1,0.60147953
1,1,0.63322854
1,1,0.5494262
1,1,0.54155725
1,1,0.50886846
1,1,0.59605014
1,1,0.6455367
1,1,0.5755195
1,1,0.5016496
1,1,0.6148163
1,1,0.59921
1,1,0.6479553
1,0,0.42375624
1,1,0.5738511
1,1,0.5056917
1,1,0.6095734
1,1,0.56946534
1,1,0.6460191
1,1,0.62402767
1,1,0.55690914
1,1,0.6414341
1,1,0.5752352
1,1,0.52326745
1,1,0.60784453
1,1,0.5701281
1,1,0.5497452
1,1,0.5507763
1,1,0.60209614
1,1,0.5888153
1,1,0.6079494
1,1,0.5289651
1,1,0.56899834
1,1,0.59726673
1,1,0.58269393
1,1,0.57324785
1,1,0.67317724
1,1,0.5542153
1,1,0.6511798
1,1,0.5615708
1,1,0.5560877
1,1,0.5271934
1,1,0.5810085
1,1,0.58542454
1,1,0.6469967
1,1,0.6074906
1,1,0.56686884
1,1,0.58084136
1,0,0.46585262
1,1,0.54767495
1,1,0.66219777
1,1,0.58792096
1,1,0.613809
1,1,0.5820939
1,1,0.6020055
1,1,0.637984
1,1,0.5166628
1,1,0.585261
1,1,0.6182699
1,1,0.58187854
1,1,0.58679557
1,1,0.5830699
1,1,0.5704357
1,1,0.58210456
1,1,0.55086875
1,1,0.66917354
1,1,0.56892765
1,1,0.57015085
1,1,0.5542621
1,1,0.64115304
1,1,0.625935
1,1,0.52664936
1,1,0.6574556
1,1,0.6334943
1,1,0.66851085
1,0,0.46826732
1,1,0.59688604
1,1,0.6358067
1,1,0.6064782
1,1,0.5626025
1,1,0.6313793
1,1,0.6005185
1,1,0.600263
1,1,0.5322457
1,1,0.6076155
1,1,0.6034528
1,1,0.5449785
1,1,0.59401566
1,1,0.6826927
1,1,0.6003989
1,1,0.540222
1,1,0.6380931
1,1,0.5886575
1,1,0.5705432
1,1,0.592472
1,1,0.6295771
1,1,0.59136665
1,1,0.6115023
1,0,0.49107397
1,1,0.6038868
1,1,0.55358195
1,1,0.6038411
1,1,0.53328884
1,1,0.57086563
1,1,0.619287
1,1,0.67281616
1,1,0.60280526
1,1,0.61137456
1,1,0.6188907
1,1,0.5784686
1,1,0.590091
1,1,0.6073449
1,1,0.59022903
1,1,0.5885909
1,1,0.5704265
1,1,0.5946047
1,1,0.56452924
1,1,0.6089925
1,1,0.6100961
1,1,0.56997234
1,1,0.53200275
1,1,0.5973218
1,1,0.540749
1,1,0.6582285
1,1,0.6133164
1,1,0.6206389
1,1,0.6084251
1,1,0.5879105
1,1,0.56444013
1,1,0.6063064
1,1,0.5480362
1,1,0.59674543
1,1,0.65149266
1,1,0.5450993
1,1,0.6278831
1,1,0.6353133
1,1,0.5874796
1,1,0.53848
1,1,0.58456093
1,1,0.6014886
1,1,0.6396953
1,1,0.6207838
1,1,0.6018893
1,1,0.600181
1,1,0.6327697
1,1,0.5685187
1,1,0.5849452
1,1,0.52112013
1,1,0.56415385
1,1,0.57680786
1,1,0.5680846
1,1,0.5659814
1,1,0.58622247
1,1,0.59085834
1,1,0.5908771
1,1,0.5833442
1,1,0.64127326
1,1,0.5682463
1,1,0.50336206
1,1,0.555481
1,1,0.5345836
1,1,0.5299368
1,0,0.46775553
1,1,0.5317756
1,1,0.6109871
1,1,0.5167865
1,1,0.56433606
1,1,0.51770717
1,1,0.5898204
1,1,0.5911114
1,1,0.6274448
1,1,0.5553291
1,1,0.5631596
1,1,0.58211315
1,1,0.59080464
1,1,0.520726
1,1,0.61433303
1,1,0.5376569
1,1,0.5481377
1,1,0.5954706
1,1,0.6578411
1,1,0.54104733
1,1,0.6300777
1,1,0.5616679
1,1,0.5975355
1,1,0.55602986
1,1,0.5717914
1,1,0.530085
1,1,0.60160494
1,1,0.6251077
1,1,0.60518503
1,1,0.6426532
1,1,0.5993457
1,1,0.6224266
1,1,0.57427603
1,1,0.6176554
1,1,0.6747417
1,1,0.5480137
1,1,0.6028993
1,1,0.56551313
1,1,0.5776534
1,1,0.6387692
1,1,0.5892721
1,1,0.55608886
1,1,0.5110132
1,1,0.5921538
1,1,0.5719097
1,1,0.6128196
1,1,0.5052615
1,1,0.6234422
1,1,0.60271674
1,1,0.5938343
1,1,0.5881421
1,1,0.5671146
1,1,0.5024053
1,1,0.5862836
1,1,0.56567085
1,1,0.60648596
1,1,0.5399529
1,1,0.60598737
1,1,0.58623683
1,1,0.64820933
1,1,0.66886127
1,1,0.60452914
1,1,0.5591963
1,1,0.60478777
1,1,0.5716185
1,1,0.6336889
1,1,0.595984
1,1,0.5739568
1,1,0.5164122
1,1,0.59446186
1,1,0.5529495
1,1,0.58538383
1,1,0.51431847
1,1,0.59009403
1,1,0.52958345
1,1,0.52849114
1,1,0.6202183
1,1,0.55619395
1,1,0.56612384
1,1,0.59498715
1,1,0.60743517
1,1,0.6463174
1,1,0.550456
1,1,0.5817581
1,1,0.5479685
1,1,0.6452672
1,1,0.5777204
1,1,0.55844873
1,1,0.55409694
1,1,0.5475816
1,1,0.54602814
1,1,0.58198774
1,1,0.56921595
1,1,0.6219884
1,1,0.61879927
1,1,0.6146282
1,1,0.5248246
1,1,0.57991785
1,1,0.55442524
1,1,0.636638
1,1,0.55870336
1,1,0.5691709
1,1,0.55378354
1,1,0.59384257
1,1,0.617242
1,1,0.6111436
1,1,0.56678385
1,1,0.556159
1,1,0.52935296
1,1,0.57017857
1,1,0.6017837
1,1,0.6699564
1,1,0.55764896
1,1,0.5836202
1,1,0.5586039
1,1,0.5578234
1,1,0.614772
1,1,0.64346063
1,1,0.6465492
1,1,0.55655164
1,1,0.55836326
1,1,0.591505
1,1,0.59990114
1,1,0.536212
1,1,0.65888596
1,1,0.51795423
1,1,0.6150549
1,1,0.5555982
1,1,0.5647301
1,1,0.6033234
1,1,0.6255552
1,1,0.6066871
1,1,0.5839844
1,1,0.5395233
1,1,0.54942036
1,1,0.63502806
1,1,0.56181455
1,1,0.52709734
1,1,0.62447536
1,1,0.5240984
1,1,0.60337615
1,1,0.60389495
1,1,0.51783705
1,1,0.6073544
1,1,0.6304919
1,1,0.5674978
1,1,0.52305907
1,1,0.6220704
1,1,0.5571312
1,1,0.6107056
1,1,0.5243188
1,1,0.5877236
1,1,0.5977913
1,1,0.5491851
1,1,0.54170614
1,1,0.64459103
1,1,0.6602767
1,1,0.5752076
1,1,0.61455977
1,1,0.6812974
1,1,0.64663416
1,1,0.5403357
1,1,0.5851707
1,1,0.64600515
1,1,0.61303383
1,0,0.4983762
1,1,0.54374325
1,1,0.5248947
1,1,0.5238559
1,1,0.5795875
1,1,0.62958395
1,1,0.5893999
1,1,0.61624116
1,1,0.5161848
1,1,0.58305514
1,1,0.58497125
1,1,0.55757016
1,1,0.53790706
1,1,0.5466341
1,1,0.6314446
1,1,0.64534765
1,1,0.5700247
1,1,0.6389545
1,1,0.6296516
1,1,0.61028624
1,1,0.5260724
1,1,0.54410684
1,1,0.52577114
1,1,0.5618655
1,1,0.6369917
1,1,0.5903811
1,1,0.57713944
1,1,0.5810396
1,1,0.55098426
1,1,0.5764556
1,1,0.6309475
1,1,0.54829663
1,1,0.5632218
1,1,0.5491906
1,1,0.6216096
1,1,0.5904617
1,1,0.5422629
1,1,0.55343205
1,1,0.62521267
1,1,0.6024538
1,1,0.64147514
1,1,0.63088423
1,1,0.55602556
1,1,0.5244324
1,1,0.6424066
1,1,0.60416114
1,1,0.5527807
1,1,0.64834946
1,1,0.51145846
1,1,0.58827096
1,1,0.5820438
1,1,0.5351259
1,1,0.6074362
1,1,0.54158306
1,1,0.6355877
1,1,0.5202702
1,0,0.49351257
1,1,0.5447515
1,1,0.59910303
1,1,0.59285694
1,1,0.5612236
1,1,0.54777217
1,1,0.5624445
1,0,0.4910182
1,1,0.6393184
1,1,0.68477255
1,1,0.59930253
1,1,0.56825024
1,1,0.59886587
1,1,0.6224252
1,1,0.56024826
1,0,0.48959768
1,1,0.57522976
1,1,0.63311446
1,1,0.53211063
1,1,0.52657485
1,1,0.54495955
1,0,0.4861893
1,1,0.596077
1,1,0.61642313
1,1,0.5614636
1,1,0.5692804
1,1,0.6112732
1,1,0.5155956
1,1,0.56129026
1,1,0.60246146
1,1,0.56686354
1,1,0.5988228
1,1,0.61051553
1,1,0.5688149
1,1,0.6161984
1,1,0.6076482
1,1,0.5655865
1,1,0.6200869
1,1,0.535156
1,1,0.5908219
1,1,0.6190545
1,1,0.583011
1,1,0.5771709
1,1,0.5372901
1,1,0.62384707
1,1,0.5925668
1,1,0.5976608
1,1,0.618075
1,1,0.58567405
1,1,0.53830945
1,0,0.47743422
1,1,0.536958
1,1,0.55349046
1,1,0.5731751
1,1,0.5930019
1,1,0.5945408
1,1,0.6119536
1,1,0.553153
1,1,0.60522366
1,1,0.5706029
1,1,0.6286616
1,1,0.5642145
1,1,0.6306525
1,1,0.5734011
1,1,0.5752681
1,1,0.55398536
1,1,0.5386009
1,1,0.5762361
1,1,0.6086248
1,0,0.47964898
1,1,0.50805837
1,1,0.59678435
1,1,0.6009624
1,1,0.54797375
1,1,0.60700697
1,1,0.63863194
1,1,0.58989304
1,1,0.5231714
1,1,0.60058975
1,1,0.6220562
1,1,0.50865495
1,1,0.5579905
1,1,0.6304532
1,0,0.4628418
1,1,0.65302724
1,1,0.5052186
1,1,0.5998575
1,1,0.6314307
1,1,0.5123706
1,1,0.57085735
1,1,0.5314465
1,1,0.5933933
1,1,0.53867996
1,1,0.6132776
1,1,0.5961905
1,1,0.56342673
1,0,0.4770632
1,1,0.5785294
1,1,0.5995972
1,1,0.60416245
1,1,0.6102506
1,1,0.6030858
1,1,0.64795303
1,1,0.5099897
1,1,0.5698694
1,1,0.5714784
1,1,0.57625663
1,1,0.5902305
1,1,0.6088886
1,1,0.64504653
1,1,0.5869095
1,1,0.57304925
1,0,0.45226443
1,1,0.5102834
1,1,0.5850349
1,1,0.5549664
1,1,0.57593167
1,1,0.5990134
1,1,0.6313507
1,0,0.4766182
1,1,0.6293867
1,1,0.520988
1,1,0.5189568
1,1,0.5884877
1,1,0.58562136
1,1,0.5184308
1,1,0.6126431
1,1,0.5284994
1,1,0.65371627
1,1,0.67414784
1,1,0.59356725
1,1,0.5343873
1,1,0.55528945
1,1,0.574364
1,1,0.63213164
1,0,0.4972593
1,1,0.5981098
1,1,0.60467446
1,1,0.57569194
1,1,0.57100636
1,1,0.58768696
1,1,0.56068987
1,1,0.54990447
1,1,0.60790193
1,1,0.60145444
1,1,0.5881217
1,1,0.5834836
1,1,0.6072954
1,1,0.64242744
1,1,0.60314775
1,1,0.5252554
1,1,0.61476696
1,1,0.61928827
1,1,0.5974132
1,1,0.5916562
1,1,0.6142533
1,1,0.58202153
1,1,0.60675913
1,1,0.57968044
1,1,0.6057585
1,1,0.5832957
1,1,0.5461115
1,1,0.6112274
1,1,0.5226661
1,1,0.58243656
1,1,0.5867115
1,1,0.6648589
1,1,0.6098244
1,1,0.57363605
1,1,0.6189823
1,1,0.5845108
1,1,0.557101
1,1,0.6172169
1,0,0.47896576
1,1,0.6130425
1,1,0.6387819
1,1,0.5196078
1,1,0.5345812
1,1,0.6311182
1,1,0.6033293
1,1,0.5920186
1,1,0.5743074
1,1,0.56847537
1,1,0.60595226
1,1,0.62664944
1,1,0.5429609
1,1,0.6254956
1,1,0.5821214
1,1,0.61273605
1,0,0.4797878
1,1,0.6085347
1,1,0.5840468
1,1,0.5026482
1,1,0.58047193
1,1,0.56520796
1,1,0.5235974
1,1,0.5873058
1,1,0.61395746
1,1,0.5550804
1,1,0.54351926
1,1,0.5944105
1,1,0.5520767
1,1,0.6836737
1,1,0.5840615
1,1,0.57761073
1,1,0.58211946
1,1,0.653049
1,1,0.5220037
1,1,0.5681288
1,1,0.5479453
1,1,0.5977484
1,1,0.6293184
1,1,0.62005264
1,1,0.67870665
1,1,0.58238375
1,1,0.623947
1,1,0.6645936
1,1,0.61179286
1,1,0.6118194
1,1,0.57128924
1,1,0.5822111
1,1,0.6540598
1,1,0.59768856
1,1,0.57974994
1,1,0.65963143
1,1,0.5984267
1,1,0.55834484
1,1,0.57668513
1,1,0.5847263
1,1,0.59491175
1,1,0.57883704
1,1,0.5518353
1,1,0.6449465
1,1,0.5147856
1,1,0.6267003
1,1,0.5738641
1,1,0.61383426
1,1,0.5452074
1,0,0.4270965
1,1,0.57302713
1,1,0.57154983
1,1,0.56136745
1,1,0.6400323
1,0,0.49380842
1,1,0.5126653
1,1,0.5913901
1,1,0.6217988
1,1,0.5961889
1,1,0.5873383
1,1,0.6104263
1,1,0.58253086
1,1,0.56980973
1,1,0.64764774
1,1,0.58908665
1,1,0.5371473
1,1,0.52973723
1,1,0.59276104
1,1,0.6286412
1,1,0.5952877
1,1,0.61650354
1,1,0.6470488
1,1,0.5922932
1,1,0.65433407
1,1,0.56871986
1,1,0.5553542
1,1,0.5733086
1,1,0.5975578
1,1,0.645232
1,1,0.5939429
1,1,0.5649451
1,1,0.58366835
1,1,0.58927345
1,1,0.68606204
1,1,0.6016363
1,1,0.53351086
1,1,0.52386427
1,1,0.56173915
1,1,0.5644776
1,1,0.5180233
1,1,0.65453917
1,1,0.6141538
1,1,0.61430526
1,1,0.62147206
1,1,0.5224552
1,1,0.5665341
1,1,0.56084305
1,1,0.5288876
1,1,0.5824988
1,1,0.58637226
1,1,0.5784027
1,1,0.6461508
1,1,0.52422017
1,1,0.59012765
1,1,0.5006728
1,1,0.60017884
1,1,0.645351
1,1,0.6446771
1,1,0.5133971
1,1,0.5636273
1,1,0.5086471
1,1,0.61461556
1,1,0.6252061
1,1,0.596273
1,1,0.5933039
1,1,0.6278918
1,1,0.53213316
1,1,0.6758638
1,1,0.6221889
1,1,0.606042
1,1,0.57393646
1,1,0.5499568
1,1,0.53771806
1,1,0.59889823
1,1,0.6021452
1,1,0.5403406
1,1,0.6146368
1,1,0.57445633
1,1,0.5417689
1,1,0.6013155
1,1,0.5702605
1,1,0.65534544
1,1,0.5785757
1,1,0.5957273
1,1,0.6526294
1,1,0.63850707
1,1,0.546589
1,1,0.5912905
1,1,0.62666434
1,1,0.59234256
1,1,0.5046085
1,0,0.46458566
1,1,0.6157949
1,1,0.5999135
1,1,0.51613957
1,0,0.49622557
1,0,0.4811882
1,1,0.54668444
1,1,0.60727143
1,1,0.57083935
1,1,0.5089
1,1,0.58987856
1,1,0.5757528
1,1,0.58596903
1,1,0.5463359
1,1,0.57697517
1,1,0.5805541
1,1,0.60566306
1,1,0.59415364
1,1,0.5794703
1,1,0.5866934
1,1,0.61559784
1,1,0.6005585
1,1,0.57313085
1,1,0.607949
1,1,0.6069779
1,1,0.5841296
1,1,0.58515394
1,1,0.6392056
1,1,0.59017456
1,1,0.57433105
1,1,0.6027343
1,1,0.5896624
1,1,0.55810404
1,1,0.5693762
1,1,0.56451005
1,1,0.527882
1,1,0.5291301
1,1,0.5892934
1,1,0.54543525
1,1,0.55915517
1,1,0.5396844
1,1,0.58982986
1,1,0.6038128
1,0,0.4802789
1,0,0.49502036
1,1,0.57370234
1,1,0.5676927
1,1,0.6376608
1,1,0.57467955
1,1,0.5704018
1,1,0.62825865
1,1,0.59126496
1,1,0.64057153
1,1,0.548312
1,1,0.534401
1,1,0.5834098
1,1,0.5938911
1,1,0.5607196
1,1,0.5184273
1,1,0.5462181
1,0,0.47757116
1,1,0.5177826
1,1,0.61350024
1,1,0.60588014
1,1,0.5751293
1,1,0.5999244
1,1,0.55188864
1,1,0.5815888
1,1,0.57634133
1,1,0.6134653
1,1,0.52691466
1,1,0.62448925
1,1,0.51566625
1,1,0.53707415
1,1,0.5588306
1,1,0.6015243
1,0,0.4442821
1,1,0.5457045
1,1,0.615436
1,1,0.6214298
1,1,0.56367207
1,1,0.5282147
1,1,0.6248429
1,1,0.67259365
1,1,0.6412953
1,1,0.5845861
1,1,0.585357
1,1,0.6021769
1,1,0.64801425
1,1,0.54643023
1,1,0.5841462
1,1,0.57127595
1,1,0.61054885
1,1,0.5959561
1,1,0.57378227
1,1,0.5886978
1,1,0.5830518
1,1,0.56364554
1,1,0.56983423
1,1,0.64244586
1,1,0.658441
1,1,0.58997875
1,1,0.5841663
1,1,0.57018787
1,1,0.6121576
1,1,0.6438823
1,1,0.62101746
1,1,0.61105675
1,1,0.5569117
1,1,0.55840313
1,1,0.6067594
1,1,0.52516603
1,1,0.6317297
1,1,0.6431686
1,1,0.5608851
1,1,0.551245
1,1,0.5875336
1,1,0.6692522
1,1,0.5875109
1,1,0.6687203
1,1,0.5055333
1,1,0.58049166
1,1,0.6141043
1,1,0.57651407
1,1,0.5167186
1,0,0.4901027
1,1,0.52434206
1,1,0.58891773
1,1,0.57269806
1,1,0.5689373
1,1,0.5142627
1,0,0.48468202
1,1,0.55938125
1,1,0.6072227
1,1,0.5972378
1,1,0.63912874
1,1,0.59743494
1,1,0.55810195
1,0,0.43307173
1,1,0.60348654
1,1,0.6213658
1,1,0.62081856
1,1,0.5775451
1,1,0.6192974
1,1,0.618938
1,1,0.57869774
1,1,0.5954897
1,1,0.5898129
1,1,0.6203878
1,1,0.56972265
1,1,0.55958813
1,1,0.5610869
1,1,0.61654013
1,1,0.6113945
1,1,0.5313633
1,1,0.6466619
1,1,0.57392496
1,1,0.56738967
1,1,0.55434793
1,1,0.618839
1,1,0.5350954
1,1,0.518665
1,1,0.5232231
1,1,0.6594636
1,1,0.61265415
1,1,0.63461006
1,1,0.54059964
1,1,0.6379391
1,1,0.61137843
1,1,0.61541355
1,1,0.59605336
1,1,0.5906152
1,1,0.6035726
1,1,0.63601595
1,1,0.57629347
1,1,0.61274487
1,1,0.57181746
1,1,0.62168294
1,0,0.4996418
1,1,0.6123561
1,1,0.52401644
1,1,0.5484693
1,1,0.5832348
1,1,0.5733953
1,1,0.52410597
1,1,0.6033079
1,1,0.5311926
1,1,0.6367969
1,1,0.58359563
1,1,0.5689838
1,1,0.6082029
1,1,0.54533803
1,1,0.5428614
1,1,0.5110467
1,1,0.54150355
1,1,0.558373
1,1,0.5809547
1,1,0.5753566
1,1,0.59367853
1,1,0.5834986
1,1,0.5928834
1,1,0.5696632
1,1,0.5504513
1,1,0.5386649
1,0,0.4871521
1,1,0.6232599
1,1,0.5892127
1,1,0.55164796
1,1,0.5773073
1,1,0.5843321
1,1,0.6077739
1,1,0.64339954
1,1,0.6070326
1,1,0.5858745
1,1,0.57968616
1,1,0.51145273
1,1,0.61191094
1,1,0.54864603
1,1,0.5910584
1,1,0.5792956
1,1,0.5879072
1,1,0.5903534
1,1,0.5820158
1,1,0.56670034
1,1,0.5214364
1,1,0.6064147
1,1,0.62640125
1,1,0.6608324
1,1,0.6578926
1,1,0.5573489
1,1,0.5600645
1,1,0.60934806
1,1,0.5056433
1,1,0.5948291
1,1,0.57238847
1,1,0.5693075
1,1,0.5245601
1,1,0.6301393
1,1,0.6323242
1,1,0.5549419
1,1,0.61288226
1,1,0.6383761
1,1,0.6215603
1,1,0.5851526
1,1,0.60684824
1,1,0.58743626
1,1,0.56335765
1,1,0.6265814
1,1,0.5031008
1,1,0.5543051
1,1,0.5777753
1,1,0.58292407
1,1,0.5823977
1,1,0.56926
1,1,0.61349225
1,1,0.5825654
1,1,0.5488919
1,1,0.59376466
1,1,0.51712596
1,1,0.56158787
1,1,0.6339558
1,1,0.59956837
1,0,0.49498174
1,1,0.5350813
1,1,0.57187104
1,1,0.6588262
1,0,0.46815327
1,1,0.6140215
1,1,0.6139486
1,1,0.5922124
1,1,0.61023
1,1,0.50358385
1,1,0.5867066
1,1,0.52710664
1,1,0.61546266
1,1,0.598192
1,1,0.6513685
1,1,0.516585
1,1,0.5631846
1,1,0.64327997
1,1,0.6189626
1,1,0.6239295
1,1,0.6085378
1,1,0.5468886
1,1,0.57397926
1,1,0.56758535
1,1,0.59473646
1,1,0.60939044
1,1,0.62769294
1,1,0.578861
1,1,0.5205393
1,1,0.64977
1,1,0.5286035
1,1,0.5878777
1,1,0.6241698
1,1,0.5093225
1,1,0.6129432
1,1,0.5968525
1,1,0.5698421
1,1,0.6013804
1,0,0.43808126
1,1,0.61596745
1,1,0.57824546
1,1,0.59986293
1,1,0.5331954
1,1,0.5563363
1,1,0.55794656
1,1,0.54178256
1,1,0.6495811
1,0,0.49318063
1,1,0.5575591
1,1,0.59272397
1,1,0.51864696
1,1,0.54500175
1,1,0.57737195
1,1,0.572775
1,1,0.630594
1,1,0.5715577
1,1,0.6011392
1,1,0.52352554
1,1,0.61182964
1,1,0.5273065
1,1,0.58719283
1,1,0.54813147
1,1,0.5228821
1,1,0.59038097
1,1,0.62079924
1,1,0.5680568
1,1,0.6239177
1,1,0.54997
1,1,0.6070213
1,1,0.6665779
1,1,0.6017642
1,1,0.628022
1,1,0.6285797
1,1,0.6212489
1,1,0.6206944
1,1,0.58887005
1,1,0.5560442
1,1,0.58283186
1,1,0.6069628
1,1,0.5641862
1,1,0.62297136
1,1,0.5918653
1,1,0.5184164
1,1,0.59739965
1,1,0.5607892
1,1,0.5658069
1,1,0.514348
1,1,0.575073
1,1,0.56088156
1,1,0.6406256
1,1,0.54575235
1,1,0.54320425
1,1,0.5541907
1,1,0.5124338
1,1,0.54859394
1,1,0.58912456
1,1,0.62617284
1,1,0.53137803
1,1,0.54893476
1,0,0.48905215
1,1,0.607902
1,1,0.56879514
1,1,0.5279174
1,1,0.52377665
1,1,0.59286964
1,1,0.6280565
1,1,0.57086265
1,1,0.61076134
1,1,0.62532276
1,1,0.5660296
1,1,0.5737269
1,1,0.59604234
1,1,0.65284634
1,1,0.56415457
1,1,0.6347565
1,1,0.5821491
1,1,0.6120014
1,1,0.50028497
1,1,0.52828103
1,1,0.5869893
1,1,0.55653447
1,1,0.59565026
1,1,0.58800495
1,1,0.6508979
1,1,0.5812315
1,1,0.5456028
1,1,0.6387824
1,1,0.6004581
1,1,0.5057181
1,1,0.5646857
1,0,0.48475793
1,1,0.597492
1,1,0.58635575
1,1,0.61487776
1,1,0.51884705
1,1,0.56977254
1,1,0.6226041
1,1,0.51587564
1,1,0.5811764
1,1,0.5144605
1,1,0.55932266
1,1,0.57759535
1,1,0.63211894
1,1,0.5788228
1,1,0.6216602
1,1,0.58506036
1,1,0.60048634
1,1,0.5806614
1,1,0.5519552
1,1,0.52472866
1,1,0.6079561
1,1,0.52467555
1,1,0.6512498
1,1,0.5438554
1,1,0.6100118
1,1,0.52851725
1,1,0.5959104
1,1,0.5290225
1,1,0.59319127
1,1,0.61139923
1,1,0.57958144
1,1,0.6378302
1,1,0.5909773
1,1,0.6265969
1,1,0.59229475
1,1,0.6265323
1,1,0.6231339
1,1,0.5331663
1,1,0.59181124
1,1,0.5471441
1,1,0.6345444
1,1,0.5561878
1,1,0.64008975
1,1,0.54963017
1,1,0.64371264
1,1,0.54318064
1,1,0.57036614
1,1,0.53897357
1,0,0.4886009
1,1,0.55522937
1,1,0.5561569
1,1,0.5438977
1,1,0.571158
1,1,0.60090685
1,1,0.6215784
1,1,0.591906
1,1,0.5596946
1,1,0.54166394
1,1,0.5268493
1,1,0.6042257
1,1,0.5295999
1,1,0.5478924
1,1,0.56168276
1,1,0.64375985
1,1,0.565923
1,1,0.605344
1,1,0.62966275
1,1,0.6401984
1,1,0.5924846
1,1,0.5719966
1,1,0.5202812
1,1,0.5786868
1,1,0.62669235
1,1,0.60520035
1,1,0.5637081
1,1,0.6306955
1,1,0.5376137
1,1,0.5426572
1,1,0.60495293
1,1,0.62642044
1,1,0.5980355
1,1,0.66304463
1,1,0.66267765
1,1,0.56584704
1,1,0.5618886
1,1,0.54643196
1,1,0.5234066
1,1,0.58179015
1,1,0.60018873
1,1,0.5447242
1,1,0.5628801
1,1,0.51971114
1,1,0.59165525
1,1,0.65410876
1,1,0.6282206
1,1,0.5573809
1,1,0.5681492
1,1,0.5773597
1,1,0.5816364
1,1,0.6310324
1,1,0.5935312
1,1,0.6054729
1,1,0.6056985
1,1,0.55201405
1,1,0.5400299
1,1,0.6101511
1,1,0.5864725
1,1,0.5525019
1,1,0.60727984
1,1,0.52278286
1,1,0.6534953
1,1,0.5656056
1,1,0.65696025
1,1,0.6164718
1,1,0.54863244
1,1,0.64645755
1,1,0.5832457
1,1,0.56194246
1,1,0.54632336
1,1,0.6234355
1,1,0.5435425
1,1,0.53142107
1,1,0.5067605
1,1,0.60149187
1,1,0.5910365
1,1,0.63578033
1,1,0.62947273
1,1,0.58350617
1,1,0.5880828
1,1,0.6185297
1,1,0.6144449
1,1,0.59686655
1,1,0.6362266
1,1,0.62428534
1,1,0.5824376
1,1,0.5175714
1,1,0.5676096
1,0,0.47704133
1,1,0.6590779
1,1,0.57657427
1,1,0.63030803
1,1,0.54475844
1,1,0.6445028
1,1,0.664991
1,1,0.57599807
1,1,0.6184234
1,1,0.5873286
1,1,0.55085623
1,1,0.6168476
1,1,0.58257335
1,1,0.58767927
1,1,0.55808365
1,1,0.65362626
1,1,0.57626504
1,1,0.5665966
1,1,0.57480866
1,1,0.5576045
1,1,0.5908559
1,1,0.6276179
1,1,0.59764063
1,1,0.6132231
1,1,0.6272649
1,1,0.56289256
1,1,0.5597283
1,1,0.59529686
1,1,0.54550225
1,1,0.6054169
1,1,0.5564015
1,1,0.58325094
1,1,0.56052953
1,1,0.58114177
1,1,0.59137434
1,1,0.5823399
1,1,0.5628789
1,1,0.51783204
1,1,0.5827443
1,1,0.5731589
1,1,0.5414248
1,1,0.60771114
1,1,0.5814392
1,1,0.5510432
1,1,0.5523113
1,0,0.49468565
1,1,0.6122686
1,1,0.5984948
1,1,0.5733595
1,1,0.5999866
1,1,0.61492676
1,1,0.5290413
1,1,0.64551616
1,1,0.5504712
1,1,0.5328273
1,1,0.59042287
1,1,0.53064466
1,1,0.62980884
1,1,0.55362076
1,1,0.5700751
1,1,0.5699016
1,1,0.59371454
1,1,0.5713589
1,1,0.5381459
1,1,0.5493666
1,1,0.5865133
1,1,0.6195299
1,1,0.5876775
1,1,0.51238537
1,1,0.5357042
1,1,0.54983324
1,1,0.64433235
1,1,0.554186
1,1,0.58257145
1,1,0.5537771
1,1,0.5262802
1,1,0.54162425
1,1,0.5582235
1,1,0.591355
1,1,0.5320195
1,1,0.62526196
1,1,0.6308231
1,1,0.5922856
1,1,0.5876098
1,1,0.58099633
1,1,0.61007124
1,1,0.60949033
1,1,0.5438038
1,1,0.6650113
1,1,0.57069546
1,1,0.58009213
1,1,0.56325567
1,1,0.5422878
1,0,0.49962845
1,1,0.5623656
1,1,0.6099939
1,1,0.6101851
1,1,0.51273537
1,1,0.6175258
1,1,0.6087392
1,1,0.5409793
1,1,0.58818895
1,1,0.60247433
1,1,0.6380283
1,1,0.60357386
1,1,0.57341117
1,1,0.593536
1,1,0.5636042
1,1,0.6084031
1,1,0.5735118
1,1,0.61136234
1,1,0.6272137
1,1,0.6483535
1,1,0.61579984
1,1,0.6192993
1,1,0.59340394
1,1,0.5256313
1,1,0.5886365
1,1,0.518406
1,1,0.6015258
1,1,0.56487054
1,1,0.59411156
1,1,0.562484
1,1,0.6217551
1,1,0.5279303
1,1,0.573939
1,1,0.61301
1,1,0.61716557
1,1,0.5386447
1,1,0.5894746
1,1,0.5530956
1,1,0.5588307
1,1,0.6375333
1,1,0.6677257
1,1,0.622933
1,1,0.5971475
1,1,0.5186858
1,1,0.52386683
1,1,0.6329102
1,1,0.61660856
1,1,0.62315
1,1,0.6153377
1,1,0.57225084
1,1,0.55544484
1,1,0.5143485
1,1,0.545165
1,1,0.5816498
1,1,0.65555286
1,1,0.58066803
1,1,0.5224801
1,1,0.5885805
1,1,0.59459025
1,1,0.5818264
1,1,0.54493386
1,0,0.48443946
1,1,0.5578122
1,1,0.68497163
1,1,0.6045994
1,1,0.6095918
1,1,0.6031348
1,1,0.51763415
1,1,0.5701173
1,1,0.6171913
1,1,0.60185325
1,1,0.6126757
1,1,0.581
1,1,0.56639296
1,1,0.56894
1,1,0.6321096
1,1,0.55729586
1,0,0.4711508
1,1,0.6520541
1,1,0.5742078
1,1,0.5555524
1,1,0.5588892
1,1,0.55729336
1,1,0.5221072
1,1,0.5444329
1,1,0.6046161
1,1,0.5288807
1,1,0.55665547
1,0,0.49369648
1,1,0.54594857
1,1,0.64223826
1,1,0.6141079
1,1,0.5477721
1,1,0.58676875
1,1,0.64071214
1,0,0.49873328
1,1,0.6462269
1,1,0.5804318
1,1,0.55458647
1,1,0.56798756
1,1,0.61085767
1,1,0.5409128
1,1,0.5956385
1,1,0.55840075
1,0,0.49975264
1,1,0.5737496
1,1,0.56472385
1,1,0.5724911
1,1,0.5454994
1,1,0.6688859
1,1,0.67004615
1,1,0.6292272
1,1,0.6352793
1,1,0.541745
1,1,0.5664664
1,1,0.5338995
1,1,0.64163196
1,1,0.6427314
1,1,0.6181421
1,1,0.5541998
1,1,0.53128374
1,1,0.5268414
1,1,0.58618516
1,1,0.61587167
1,1,0.5865797
1,1,0.602114
1,1,0.590465
1,1,0.50759286
1,1,0.5375842
1,0,0.49082923
1,1,0.53997976
1,1,0.5045578
1,1,0.6045816
1,1,0.61118734
1,1,0.6257717
1,1,0.5646427
1,1,0.58710265
1,1,0.6080018
1,1,0.59884703
1,1,0.5959846
1,1,0.5113324
1,1,0.63359904
1,1,0.59942347
1,1,0.5039518
1,1,0.5487938
1,1,0.5811848
1,1,0.5982299
1,1,0.53104174
1,1,0.5914715
1,1,0.59443176
1,1,0.5945364
1,1,0.56863266
1,1,0.5462244
1,1,0.5592935
1,1,0.6465944
1,1,0.61542505
1,1,0.50812095
1,1,0.5689248
1,1,0.5460856
1,1,0.54707825
1,1,0.60459244
1,1,0.57896453
1,1,0.5547523
1,1,0.63201
1,1,0.58897275
1,1,0.6219354
1,1,0.52617884
1,1,0.589292
1,1,0.6416489
1,1,0.53171724
1,1,0.5729502
1,0,0.48573375
1,1,0.6567836
1,1,0.6470418
1,1,0.5776767
1,1,0.5991834
1,1,0.5473292
1,1,0.62901473
1,1,0.5919533
1,1,0.57304215
1,1,0.6116939
1,1,0.56640804
1,0,0.4726148
1,1,0.63374186
1,1,0.6189714
1,1,0.591451
1,1,0.5525405
1,1,0.52530533
1,1,0.6479649
1,0,0.49364376
1,1,0.5836927
1,1,0.5782851
1,1,0.5516114
1,1,0.59782016
1,1,0.5664767
1,1,0.5386866
1,1,0.6230312
1,1,0.6094782
1,1,0.6017509
1,1,0.58846647
1,1,0.58359635
1,1,0.514506
1,1,0.58000135
1,1,0.61712897
1,1,0.5816993
1,1,0.59309924
1,1,0.6184343
1,1,0.56927985
1,1,0.5608474
1,1,0.6172501
1,1,0.54177946
1,1,0.5581592
1,1,0.5449942
1,1,0.64344275
1,1,0.5747713
1,1,0.62411696
1,1,0.5563519
1,1,0.59246755
1,1,0.6019135
1,1,0.5886537
1,1,0.5463473
1,1,0.56732
1,1,0.6348407
1,1,0.58985794
1,1,0.60336006
1,1,0.6454528
1,1,0.5498963
1,1,0.6023624
1,1,0.59555644
1,1,0.6144465
1,1,0.67061853
1,1,0.5563532
1,1,0.53494155
1,1,0.5218428
1,1,0.59185153
1,1,0.5291642
1,1,0.633596
1,1,0.5672009
1,1,0.54829717
1,1,0.61745816
1,1,0.6771748
1,1,0.636818
1,1,0.6159196
1,1,0.57692075
1,1,0.58086056
1,1,0.5892902
1,0,0.47828788
1,1,0.5678061
1,1,0.6234145
1,1,0.589784
1,1,0.61474574
1,1,0.557104
1,1,0.59122103
1,1,0.60977703
1,1,0.6547151
1,1,0.56058925
1,1,0.6156385
1,1,0.58053774
1,1,0.6480319
1,1,0.59670585
1,1,0.6571322
1,1,0.55220246
1,1,0.6395182
1,1,0.5486422
1,0,0.4922085
1,1,0.58064055
1,1,0.5731835
1,1,0.5800096
1,1,0.5638052
1,1,0.5615861
1,1,0.5962384
1,1,0.52910966
1,1,0.5864548
1,1,0.53952205
1,1,0.5085553
1,1,0.59835374
1,1,0.62031215
1,1,0.61080486
1,1,0.5338915
1,1,0.5951827
1,1,0.5340439
1,1,0.5480565
1,1,0.61379784
1,1,0.55622417
1,1,0.56063837
1,1,0.573528
1,1,0.5191113
1,1,0.56825125
1,1,0.5346077
1,1,0.5942915
1,1,0.588824
1,1,0.5471949
1,1,0.6544469
1,1,0.5641756
1,1,0.5306808
1,1,0.63427806
1,1,0.5789046
1,1,0.56159246
1,1,0.61218464
1,1,0.55863905
1,1,0.7142802
1,1,0.533329
1,1,0.6883612
1,1,0.54233634
1,1,0.6480281
1,1,0.5363428
1,1,0.52030736
1,1,0.563247
1,1,0.5745835
1,1,0.5430384
1,1,0.6514865
1,1,0.61310387
1,1,0.61852944
1,1,0.5512067
1,1,0.5022735
1,1,0.5298341
1,1,0.52246845
1,1,0.59412473
1,1,0.631532
1,0,0.4822021
1,1,0.62858635
1,1,0.554666
1,1,0.51645297
1,1,0.6230909
1,1,0.5435483
1,1,0.6279226
1,1,0.60016793
1,1,0.6139903
1,1,0.5836463
1,1,0.51031595
1,1,0.58623487
1,1,0.5420906
1,1,0.5860065
1,1,0.5815323
1,0,0.49054512
1,1,0.5987107
1,1,0.55807537
1,1,0.55379575
1,1,0.6355228
1,1,0.5313521
1,1,0.61499345
1,1,0.5553133
1,1,0.55675083
1,1,0.6339913
1,1,0.64023846
1,1,0.59919614
1,1,0.57518303
1,1,0.5664077
1,1,0.6051207
1,1,0.54600215
1,1,0.5587286
1,1,0.5897728
1,1,0.6225857
1,1,0.50963974
1,1,0.61171955
1,1,0.59130704
1,1,0.5343621
1,1,0.58009714
1,1,0.66468275
1,1,0.547034
1,1,0.70461655
1,1,0.59330994
1,1,0.57332975
1,1,0.5933816
1,0,0.48457792
1,1,0.6558474
1,1,0.5639085
1,1,0.6171293
1,1,0.5717578
1,1,0.6028281
1,1,0.6380624
1,1,0.5738502
1,1,0.59158665
1,1,0.535664
1,1,0.5196188
1,1,0.6335554
1,1,0.55832005
1,1,0.6137074
1,1,0.60407513
1,1,0.6042353
1,1,0.53510255
1,1,0.6010006
1,1,0.6393666
1,1,0.57863784
1,1,0.5467294
1,1,0.54988307
1,1,0.5444968
1,1,0.5894305
1,1,0.6162482
1,1,0.59740543
1,1,0.594638
1,1,0.5792852
1,1,0.56689537
1,1,0.5714841
1,1,0.5584248
1,1,0.5843685
1,1,0.6334931
1,1,0.6370742
1,1,0.542935
1,1,0.5294883
1,1,0.66517943
1,1,0.6174091
1,1,0.5282909
1,1,0.55228525
1,1,0.6102942
1,1,0.5728086
1,1,0.64318377
1,0,0.45329183
1,1,0.648145
1,1,0.6586735
1,1,0.55802274
1,1,0.5358847
1,1,0.59267074
1,1,0.57504034
1,1,0.61729974
1,1,0.58107865
1,1,0.55929893
1,1,0.5639603
1,1,0.52390313
1,1,0.557427
1,1,0.5950659
1,1,0.56564105
1,1,0.67043316
1,1,0.5666244
1,1,0.597378
1,1,0.5765651
1,1,0.5320854
1,1,0.5336824
1,1,0.60264504
1,1,0.5434743
1,1,0.61835545
1,1,0.581662
1,1,0.61683416
1,1,0.59752655
1,1,0.5666577
1,1,0.575301
1,1,0.5470769
1,1,0.6583182
1,1,0.5442393
1,1,0.6272755
1,1,0.5805832
1,1,0.57585853
1,1,0.5844211
1,1,0.5512076
1,1,0.528281
1,1,0.55808383
1,1,0.5563338
1,1,0.59210205
1,1,0.57897717
1,1,0.5983877
1,1,0.56791246
1,1,0.564443
1,1,0.58461905
1,1,0.5885641
1,1,0.5140242
1,1,0.60395366
1,1,0.61889
1,1,0.6039958
1,1,0.5358544
1,1,0.6559242
1,1,0.51161295
1,1,0.59738976
1,1,0.5570393
1,1,0.5537461
1,1,0.576471
1,1,0.6487203
1,1,0.6046309
1,1,0.5913008
1,1,0.57308644
1,1,0.64217055
1,1,0.59243894
1,1,0.59790164
1,1,0.6250872
1,1,0.55225843
1,1,0.52112794
1,1,0.57293093
1,1,0.5117352
1,1,0.5935114
1,1,0.58393043
1,1,0.6385103
1,1,0.5889044
1,1,0.6288816
1,1,0.59750146
1,1,0.56707186
1,1,0.5225889
1,0,0.4737659
1,1,0.5373197
1,1,0.57243025
1,1,0.53123415
1,1,0.57717735
1,1,0.6367509
1,1,0.5500651
1,1,0.52192444
1,1,0.6065845
1,1,0.51836413
1,1,0.63338476
1,1,0.54103607
1,1,0.6196941
1,1,0.54052216
1,1,0.5989503
1,1,0.5693738
1,1,0.6072438
1,1,0.56453955
1,1,0.6178134
1,1,0.62707305
1,1,0.646977
1,1,0.60021585
1,1,0.56075597
1,1,0.5900666
1,1,0.5332309
1,1,0.5510094
1,1,0.5353239
1,1,0.53261435
1,1,0.5997072
1,1,0.554386
1,1,0.56355494
1,1,0.6346442
1,1,0.59038603
1,1,0.5607864
1,1,0.5237093
1,0,0.44398847
1,1,0.5013338
1,1,0.52741367
1,1,0.61873525
1,1,0.5961998
1,1,0.57625455
1,1,0.635614
1,1,0.55357957
1,1,0.5737362
1,1,0.5752881
1,1,0.599409
1,1,0.6042538
1,1,0.573462
1,1,0.6470093
1,1,0.6381723
1,1,0.634059
1,1,0.5625637
1,1,0.58953834
1,1,0.63915086
1,0,0.498001
1,1,0.60624367
1,1,0.5479634
1,1,0.5713587
1,1,0.60374707
1,1,0.6161047
1,1,0.63117915
1,1,0.559072
1,1,0.57860744
1,1,0.63040566
1,1,0.544903
1,1,0.6065264
1,1,0.6072148
1,1,0.5993463
1,1,0.59520674
1,1,0.5916736
1,1,0.52000016
1,1,0.6065645
1,1,0.57117295
1,1,0.56439245
1,1,0.5482542
1,1,0.5778592
1,1,0.58645564
1,1,0.6144763
1,1,0.61169904
1,1,0.6480026
1,1,0.54608893
1,1,0.53656864
1,1,0.5084721
1,1,0.6354581
1,1,0.5390636
1,1,0.5922244
1,1,0.638129
1,1,0.5685496
1,1,0.6379694
1,1,0.6206162
1,1,0.5706986
1,1,0.54275155
1,0,0.48410332
1,1,0.5278284
1,1,0.6200449
1,1,0.5293222
1,1,0.6292584
1,1,0.557172
1,1,0.5740815
1,1,0.57485354
1,1,0.5667898
1,1,0.54710674
1,1,0.5880891
1,1,0.59183854
1,1,0.6019365
1,1,0.54667985
1,1,0.56811297
1,1,0.5873649
1,1,0.56684417
1,1,0.5387365
1,1,0.5099267
1,1,0.58214134
1,1,0.5186133
1,1,0.5481279
1,1,0.6160718
1,1,0.60950387
1,1,0.52374107
1,1,0.6567744
1,1,0.579215
1,1,0.5666557
1,1,0.5761753
1,1,0.611222
1,1,0.59017426
1,1,0.6366884
1,1,0.5434254
1,1,0.66153264
1,1,0.53290325
1,1,0.60058004
1,1,0.5711438
1,1,0.59419984
1,1,0.57650167
1,1,0.6235506
1,1,0.5736443
1,1,0.6295888
1,1,0.59331256
1,1,0.6314587
1,1,0.5182698
1,1,0.54726297
1,1,0.5606072
1,1,0.50562847
1,1,0.592826
1,1,0.62561876
1,1,0.6142773
1,0,0.49243554
1,1,0.54579145
1,1,0.5341797
1,1,0.56002325
1,1,0.54869044
1,1,0.559987
1,1,0.56892425
1,1,0.5987189
1,0,0.47785473
1,1,0.54895526
1,1,0.59978676
1,1,0.5641031
1,1,0.5854545
1,1,0.6209397
1,1,0.6070102
1,0,0.45519483
1,1,0.53079104
1,1,0.613806
1,1,0.5995299
1,1,0.6150004
1,1,0.62106675
1,1,0.5581927
1,1,0.6620414
1,1,0.5840388
1,1,0.5329226
1,1,0.5977
1,1,0.63393134
1,1,0.552298
1,1,0.5409729
1,1,0.5674706
1,1,0.58763915
1,1,0.56677645
1,1,0.63626117
1,1,0.5154695
1,1,0.57347375
1,1,0.5822708
1,1,0.6646381
1,1,0.56263775
1,1,0.59365404
1,1,0.5701699
1,1,0.6093668
1,1,0.53795844
1,1,0.59070694
1,1,0.6157918
1,1,0.55670375
1,1,0.58342326
1,1,0.54481316
1,1,0.56063324
1,0,0.4899083
1,1,0.623432
1,1,0.5926515
1,1,0.6553166
1,1,0.560576
1,1,0.5286337
1,1,0.6047944
1,1,0.58443606
1,1,0.5896138
1,1,0.61374545
1,1,0.5361438
1,1,0.551879
1,1,0.59217805
1,1,0.570546
1,1,0.5771897
1,1,0.6488228
1,1,0.575564
1,1,0.62398785
1,1,0.5944609
1,1,0.5716861
1,1,0.5246946
1,1,0.61431324
1,1,0.5455724
1,1,0.59335965
1,1,0.5721117
1,1,0.5869559
1,1,0.6417861
1,1,0.6139208
1,1,0.52750623
1,1,0.52446574
1,1,0.5688907
1,1,0.5882414
1,1,0.6215235
1,1,0.6427023
1,1,0.587398
1,1,0.5980844
1,1,0.5306011
1,1,0.5468518
1,1,0.6169545
1,1,0.5645574
1,1,0.56885946
1,1,0.5380205
1,1,0.5006624
1,1,0.503445
1,1,0.5950707
1,1,0.61192536
1,1,0.6019701
1,1,0.54571396
1,1,0.50285137
1,1,0.58051187
1,1,0.60742956
1,1,0.5879584
1,1,0.5473057
1,1,0.596985
1,1,0.5752353
1,1,0.6102652
1,1,0.532329
1,1,0.58028674
1,1,0.5371987
1,0,0.49156442
1,1,0.52842486
1,0,0.48746082
1,1,0.6261453
1,0,0.49969584
1,1,0.58616537
1,1,0.5913312
1,1,0.5751965
1,1,0.5210131
1,1,0.6158612
1,1,0.6079907
1,1,0.6026751
1,1,0.52423817
1,1,0.5230403
1,1,0.60844207
1,1,0.59603095
1,1,0.5839046
1,1,0.58298916
1,1,0.5857931
1,1,0.5896795
1,1,0.5872069
1,1,0.6417139
1,1,0.5972645
1,1,0.52771676
1,1,0.61033964
1,1,0.64479065
1,1,0.5357653
1,1,0.642563
1,1,0.5165248
1,1,0.53470004
1,1,0.5545269
1,1,0.6335654
1,1,0.6083749
1,1,0.53572464
1,1,0.5530647
1,1,0.5394943
1,0,0.42511418
1,1,0.5893063
1,1,0.5814603
1,1,0.614875
1,1,0.5669004
1,1,0.50967675
1,1,0.54002714
1,1,0.5489862
1,1,0.63938385
1,1,0.5924582
1,0,0.4913073
1,1,0.5839164
1,1,0.60617346
1,1,0.5591734
1,1,0.5911766
1,1,0.67980397
1,1,0.60104233
1,1,0.597852
1,1,0.5988922
1,1,0.6311613
1,1,0.57462
1,1,0.6360482
1,1,0.5628753
1,1,0.55995494
1,1,0.55650187
1,1,0.6217429
1,1,0.58667296
1,1,0.60845125
1,1,0.62793505
1,1,0.5990113
1,1,0.5294118
1,1,0.5854139
1,1,0.620689
1,1,0.65509814
1,1,0.6358689
1,1,0.5903366
1,1,0.5805566
1,1,0.5898646
1,1,0.68165046
1,1,0.5904354
1,1,0.562709
1,1,0.60552096
1,1,0.55005246
1,1,0.5923351
1,1,0.6131364
1,1,0.6205288
1,1,0.6576358
1,1,0.60052836
1,1,0.5992374
1,1,0.6416585
1,1,0.601469
1,1,0.512056
1,1,0.60189337
1,1,0.5866012
1,1,0.6766899
1,1,0.58527535
1,1,0.5171919
1,1,0.56400335
1,0,0.46318507
1,1,0.54899305
1,1,0.53287494
1,1,0.55165863
1,1,0.64034885
1,1,0.56289494
1,1,0.5531247
1,1,0.5818644
1,1,0.609249
1,1,0.5492082
1,1,0.57519215
1,1,0.60789126
1,1,0.60708183
1,1,0.6721956
1,1,0.60793924
1,1,0.5792189
1,1,0.5834961
1,1,0.59144384
1,1,0.56769663
1,1,0.57823735
1,1,0.56069964
1,1,0.56969684
1,1,0.512688
1,1,0.53579754
1,1,0.544177
1,1,0.61721224
1,1,0.5390492
1,1,0.6413025
1,1,0.6323579
1,1,0.6127587
1,1,0.58813137
1,1,0.5862924
1,1,0.69003475
1,1,0.5701058
1,1,0.57366955
1,1,0.6210342
1,1,0.5604148
1,1,0.57073855
1,1,0.6185712
1,1,0.5765106
1,1,0.54380333
1,1,0.5743335
1,1,0.5525179
1,1,0.6044712
1,1,0.5248343
1,1,0.5187897
1,1,0.57786536
1,1,0.5844854
1,1,0.637143
1,1,0.5913257
1,1,0.6001368
1,1,0.545463
1,1,0.5143731
1,1,0.55680025
1,1,0.6168015
1,1,0.534799
1,1,0.5588607
1,1,0.5346887
1,1,0.5929704
1,1,0.5965799
1,1,0.59155655
1,1,0.57429034
1,1,0.556972
1,1,0.59747815
1,1,0.6356296
1,1,0.527561
1,1,0.58034796
1,1,0.58019596
1,1,0.51633114
1,0,0.49667427
1,1,0.5164948
1,0,0.46863255
1,1,0.5019442
1,1,0.6233731
1,1,0.5632717
1,1,0.5505973
1,1,0.5508407
1,1,0.5909292
1,1,0.61885023
1,1,0.6240137
1,1,0.587372
1,1,0.584966
1,1,0.5900724
1,1,0.5517678
1,0,0.47103015
1,1,0.639262
1,1,0.55746746
1,0,0.4987231
1,1,0.6345822
1,1,0.55519456
1,1,0.5885886
1,1,0.5050024
1,1,0.5579272
1,0,0.4599757
1,1,0.56338835
1,1,0.60227287
1,1,0.5754519
1,1,0.5367824
1,1,0.50890803
1,1,0.64508295
1,1,0.56015944
1,1,0.5951241
1,1,0.5213516
1,1,0.5340039
1,1,0.5331781
1,1,0.587827
1,1,0.6102746
1,1,0.6257578
1,1,0.5714027
1,1,0.60640204
1,1,0.5054728
1,1,0.5879977
1,1,0.61060345
1,1,0.63191456
1,1,0.62267005
1,1,0.57818174
1,0,0.4966657
1,1,0.61192036
1,1,0.5671269
1,1,0.56989014
1,1,0.585882
1,1,0.55280674
1,1,0.6263286
1,1,0.6483157
1,1,0.5491323
1,1,0.53703445
1,1,0.60442483
1,1,0.61828405
1,1,0.6060552
1,1,0.5795572
1,0,0.49862963
1,1,0.61512786
1,0,0.46418828
1,1,0.58238614
1,1,0.5680794
1,1,0.59504724
1,1,0.53515494
1,1,0.63929296
1,1,0.552319
1,1,0.59798366
1,1,0.6258369
1,1,0.5360461
1,1,0.58021164
1,1,0.55043447
1,1,0.5863828
1,1,0.58616245
1,1,0.53295964
1,1,0.591499
1,1,0.5882736
1,1,0.51937175
1,1,0.6170832
1,1,0.60996187
1,1,0.5405228
1,1,0.6373741
1,1,0.5754692
1,0,0.4765207
1,1,0.62091017
1,1,0.6273222
1,1,0.59870195
1,1,0.6020482
1,1,0.5829744
1,1,0.64866906
1,1,0.59062713
1,1,0.6125256
1,1,0.586561
1,1,0.5895225
1,1,0.55299354
1,1,0.56341463
1,1,0.6063994
1,1,0.50770247
1,1,0.5564363
1,1,0.5794908
1,1,0.5162077
1,1,0.5947407
1,1,0.5892439
1,1,0.6015726
1,1,0.5701648
1,1,0.56055397
1,1,0.5314978
1,1,0.60881656
1,1,0.6199234
1,1,0.6224394
1,1,0.6379772
1,1,0.5690266
1,1,0.5761718
1,0,0.46890324
1,1,0.5452139
1,1,0.58102703
1,1,0.5462549
1,1,0.5840382
1,1,0.59249914
1,1,0.61694443
1,1,0.5726364
1,1,0.57442087
1,1,0.53739285
1,1,0.57021964
1,1,0.63301986
1,1,0.57283866
1,1,0.60635775
1,1,0.5728825
1,1,0.55163604
1,1,0.6419366
1,1,0.5770922
1,1,0.62425596
1,1,0.5122592
1,1,0.5385939
1,0,0.49911323
1,1,0.59845674
1,1,0.5583851
1,1,0.5780646
1,1,0.61233145
1,1,0.6149106
1,1,0.57849807
1,1,0.646722
1,1,0.5924991
1,1,0.50340444
1,1,0.60358983
1,1,0.51727605
1,1,0.557863
1,1,0.5886462
1,1,0.5762286
1,1,0.6203249
1,1,0.6042008
1,1,0.6178712
1,1,0.6017295
1,1,0.5365422
1,1,0.59923065
1,1,0.6129565
1,0,0.4591644
1,1,0.5043489
1,1,0.6037971
1,1,0.5458806
1,1,0.6165975
1,1,0.59613156
1,1,0.5258186
1,0,0.47271568
1,1,0.6031906
1,1,0.5780773
1,1,0.57498884
1,1,0.5980301
1,1,0.6468336
1,1,0.6131685
1,1,0.5673219
1,1,0.5805444
1,1,0.5396128
1,1,0.5509779
1,1,0.55111426
1,1,0.5957473
1,1,0.6564192
1,1,0.5908554
1,1,0.5586734
1,1,0.540221
1,1,0.61192423
1,1,0.6099872
1,1,0.59544617
1,1,0.6295475
1,1,0.57468057
1,1,0.63490784
1,1,0.61789435
1,1,0.56039524
1,1,0.5490577
1,1,0.58305186
1,1,0.51386786
1,1,0.5730857
1,1,0.58442456
1,1,0.51999897
1,1,0.60736346
1,1,0.5638142
1,1,0.5615316
1,1,0.6265041
1,1,0.6102029
1,1,0.5411818
1,1,0.6472138
1,0,0.49021587
1,1,0.5313499
1,1,0.5942134
1,1,0.58128566
1,1,0.63848394
1,1,0.61559826
1,1,0.63622093
1,1,0.5665574
1,1,0.5609633
1,1,0.60263145
1,1,0.5338982
1,1,0.630378
1,1,0.5758529
1,1,0.5489152
1,1,0.5832756
1,1,0.61809283
1,1,0.6188128
1,1,0.58183813
1,1,0.5732467
1,1,0.67103547
1,1,0.54208606
1,1,0.5470835
1,1,0.5780604
1,1,0.54227465
1,1,0.61252004
1,1,0.50130564
1,1,0.54266703
1,1,0.60156476
1,1,0.54500395
1,1,0.6007152
1,1,0.5116333
1,1,0.5554235
1,1,0.64767694
1,1,0.5311614
1,1,0.54784054
1,1,0.5481469
1,1,0.5525656
1,0,0.45241186
1,1,0.5391354
1,1,0.5929187
1,1,0.5820778
1,1,0.6224298
1,1,0.59663564
1,1,0.57282776
1,1,0.55964005
1,1,0.5581958
1,1,0.6086826
1,1,0.57862675
1,1,0.59005874
1,1,0.60131544
1,1,0.6253636
1,1,0.6076146
1,1,0.5269201
1,1,0.61891127
1,1,0.5786807
1,1,0.59478426
1,0,0.46167928
1,0,0.4970445
1,0,0.49184602
1,1,0.6012292
1,1,0.6275595
1,1,0.5903366
1,0,0.48630774
1,1,0.64185447
1,1,0.60507315
1,1,0.55356246
1,1,0.6228045
1,1,0.6089014
1,1,0.6330459
1,1,0.5666897
1,1,0.6288941
1,1,0.54812515
1,1,0.56177783
1,0,0.42829508
1,1,0.6406357
1,1,0.5687463
1,1,0.6018543
1,1,0.5475612
1,1,0.54346025
1,1,0.56783646
1,1,0.59105366
1,1,0.57514024
1,1,0.571776
1,1,0.5820649
1,1,0.570304
1,1,0.6613317
1,1,0.6089684
1,1,0.52759576
1,1,0.57658434
1,1,0.57223135
1,1,0.61714786
1,1,0.5791671
1,1,0.62251097
1,1,0.58558273
1,1,0.63007015
1,1,0.6339366
1,1,0.5465324
1,1,0.6422486
1,1,0.5733217
1,1,0.56829715
1,1,0.634782
1,1,0.5381319
1,1,0.58215123
1,1,0.6144991
1,1,0.5811007
1,1,0.6144565
1,1,0.60350037
1,1,0.5075188
1,1,0.65364075
1,1,0.5219539
1,1,0.5866011
1,1,0.59034604
1,1,0.5686891
1,1,0.50675637
1,1,0.64508593
1,1,0.5032861
1,1,0.6384571
1,1,0.5887515
1,1,0.5947153
1,1,0.56087613
1,1,0.51513696
1,1,0.54656166
1,1,0.5811051
1,1,0.58128476
1,1,0.54904467
1,1,0.5759563
1,1,0.5588614
1,1,0.5893647
1,1,0.5417331
1,1,0.5784607
1,1,0.55198425
1,1,0.62284994
1,0,0.49554747
1,1,0.60424155
1,1,0.59084105
1,1,0.6014783
1,1,0.559293
1,1,0.6630466
1,1,0.6197905
1,1,0.5891658
1,1,0.5406459
1,1,0.6219241
1,1,0.6406984
1,1,0.6153424
1,1,0.58576393
1,1,0.579589
1,1,0.57806164
1,1,0.6271902
1,0,0.47895274
1,1,0.5714288
1,1,0.5110115
1,1,0.6396659
1,1,0.50764996
1,1,0.5656738
1,1,0.6164506
1,1,0.5812106
1,1,0.59548706
1,1,0.55522984
1,1,0.5770951
1,0,0.47347373
1,1,0.59262484
1,1,0.54018825
1,1,0.5169179
1,0,0.49849796
1,1,0.62885803
1,1,0.55167705
1,1,0.5528641
1,1,0.56935
1,1,0.6410447
1,1,0.5701093
1,1,0.5095674
1,1,0.5858736
1,1,0.5327808
1,1,0.59313434
1,1,0.6107677
1,1,0.5395992
1,1,0.53603446
1,1,0.6133217
1,1,0.62290657
1,1,0.5344075
1,1,0.5850316
1,1,0.62721187
1,1,0.60172915
1,1,0.5263769
1,1,0.6194328
1,1,0.5389562
1,1,0.61009794
1,1,0.6094517
1,1,0.6188939
1,1,0.64646256
1,1,0.64474994
1,1,0.53488255
1,0,0.4268062
1,1,0.5584803
1,1,0.6084054
1,1,0.60118693
1,1,0.5453368
1,1,0.5007538
1,0,0.48765302
1,1,0.6400339
1,1,0.62490225
1,1,0.6529634
1,1,0.6285279
1,1,0.5093114
1,1,0.55067784
1,1,0.6175
1,1,0.6059812
1,1,0.5371102
1,1,0.56732947
1,1,0.58163714
1,1,0.5888487
1,0,0.48455
1,1,0.599495
1,1,0.64863926
1,1,0.60030806
1,1,0.5520685
1,1,0.50895226
1,1,0.62485546
1,1,0.67069757
1,1,0.547564
1,1,0.61855507
1,1,0.5522117
1,1,0.52640355
1,1,0.599575
1,1,0.53693146
1,1,0.5551903
1,1,0.5651336
1,1,0.62320775
1,0,0.4927502
1,1,0.5472929
1,1,0.557675
1,1,0.59732467
1,1,0.5178745
1,1,0.5200512
1,1,0.64070505
1,1,0.6074435
1,1,0.6241545
1,1,0.5333326
1,1,0.5750055
1,1,0.5213791
1,1,0.60964626
1,1,0.50699145
1,1,0.58822894
1,1,0.5684738
1,1,0.5506253
1,1,0.5769944
1,1,0.53342515
1,1,0.5633583
1,1,0.5929472
1,1,0.6136598
1,1,0.5734382
1,1,0.52939147
1,1,0.5368266
1,1,0.5445253
1,1,0.5637283
1,1,0.63333833
1,1,0.58335084
1,1,0.6435331
1,1,0.640254
1,1,0.5487119
1,1,0.51522994
1,1,0.576243
1,1,0.62069726
1,1,0.6178514
1,1,0.6233415
1,1,0.55176836
1,1,0.61442333
1,1,0.58810663
1,1,0.62406564
1,1,0.54782516
1,1,0.5886648
1,1,0.5505096
1,1,0.581583
1,1,0.63290447
1,1,0.55101985
1,1,0.6137708
1,1,0.59506387
1,1,0.5496665
1,1,0.55964637
1,1,0.60232264
1,1,0.60077286
1,1,0.56396013
1,1,0.5455743
1,1,0.54894865
1,1,0.52287275
1,0,0.48424092
1,1,0.6366216
1,1,0.6307671
1,1,0.60285115
1,1,0.6225764
1,1,0.63857746
1,1,0.64633507
1,1,0.63161033
1,1,0.56266147
1,1,0.63037854
1,1,0.56566155
1,1,0.5802371
1,0,0.47524616
1,1,0.6501095
1,1,0.636286
1,1,0.56620425
1,1,0.5929199
1,1,0.5663775
1,1,0.6528558
1,1,0.50644284
1,1,0.52093256
1,1,0.53874916
1,1,0.6228905
1,1,0.54689056
1,1,0.5610011
1,1,0.66890216
1,1,0.5375331
1,1,0.63676167
1,1,0.54104006
1,1,0.5999235
1,1,0.6236077
1,1,0.5917683
1,1,0.5459372
1,1,0.59726954
1,1,0.612104
1,0,0.49746117
1,1,0.62285733
1,1,0.5685151
1,1,0.6216404
1,1,0.6516596
1,1,0.61743355
1,1,0.62067556
1,1,0.55926955
1,1,0.6135324
1,1,0.59052324
1,1,0.59077066
1,1,0.58287513
1,1,0.62505144
1,1,0.58522314
1,0,0.48807934
1,0,0.44760975
1,1,0.54236186
1,1,0.5564423
1,1,0.61423415
1,1,0.5907024
1,1,0.6403901
1,1,0.54528946
1,1,0.58684516
1,1,0.63183475
1,1,0.58421457
1,1,0.53084916
1,1,0.5944533
1,1,0.5651397
1,1,0.5442089
1,1,0.5054462
1,1,0.60425144
1,1,0.63130575
1,1,0.5864796
1,1,0.6213607
1,1,0.59683317
1,1,0.56231755
1,1,0.628697
1,1,0.5675612
1,1,0.6060103
1,1,0.591295
1,1,0.5496533
1,1,0.5559439
1,1,0.65574944
1,1,0.5292617
1,1,0.5903282
1,1,0.60129666
1,1,0.5131679
1,1,0.6113888
1,1,0.5743496
1,1,0.6780388
1,1,0.60932785
1,1,0.55702794
1,1,0.60415244
1,1,0.58164924
1,1,0.5261407
1,1,0.62825274
1,1,0.6356629
1,1,0.56714463
1,1,0.59931874
1,1,0.5411655
1,1,0.5781167
1,1,0.5682962
1,0,0.47722757
1,1,0.61973876
1,1,0.5217265
1,1,0.62435216
1,1,0.5702031
1,1,0.5609839
1,1,0.5649393
1,1,0.554403
1,1,0.6061726
1,1,0.5705357
1,1,0.5526041
1,1,0.5495126
1,1,0.59666353
1,1,0.5990319
1,1,0.5926506
1,1,0.5780766
1,1,0.5245729
1,1,0.6115026
1,1,0.5569551
1,1,0.5959606
1,1,0.5637204
1,1,0.5338068
1,0,0.48206744
1,1,0.55163187
1,1,0.5921203
1,1,0.54407847
1,1,0.6204223
1,1,0.5952123
1,1,0.54224265
1,1,0.5966944
1,1,0.5148713
1,1,0.53608346
1,1,0.5191267
1,1,0.5205817
1,1,0.652059
1,1,0.54442716
1,1,0.56248623
1,1,0.5964175
1,1,0.50417125
1,1,0.5976979
1,1,0.5760691
1,1,0.64218473
1,1,0.58467084
1,0,0.4927105
1,1,0.60519236
1,1,0.6156302
1,1,0.573172
1,1,0.6503953
1,1,0.5342503
1,1,0.540974
1,1,0.61310124
1,1,0.5790407
1,1,0.540512
1,1,0.56092745
1,1,0.53784496
1,1,0.60306704
1,1,0.5987083
1,1,0.5523402
1,1,0.56219304
1,1,0.5723736
1,1,0.62387204
1,1,0.65667135
1,1,0.54218525
1,1,0.5208138
1,1,0.55413735
1,1,0.61351275
1,0,0.4994904
1,1,0.6060458
1,1,0.5845196
1,1,0.57258743
1,1,0.6133233
1,0,0.47900826
1,1,0.6058827
1,1,0.5742675
1,1,0.563004
1,0,0.4696221
1,1,0.56954294
1,1,0.6575859
1,1,0.5180654
1,1,0.6063827
1,1,0.62022805
1,1,0.5322091
1,1,0.61933786
1,1,0.57228893
1,1,0.53691065
1,1,0.58206236
1,1,0.59302247
1,1,0.55774176
1,1,0.5972015
1,1,0.6211528
1,1,0.5983209
1,1,0.50625956
1,1,0.6148406
1,1,0.52121496
1,1,0.5553048
1,1,0.6093702
1,1,0.5907811
1,1,0.58966655
1,0,0.49477655
1,1,0.60380375
1,1,0.5703513
1,1,0.588708
1,1,0.66466594
1,1,0.61077666
1,1,0.596867
1,1,0.6100329
1,1,0.5859424
1,1,0.65008163
1,1,0.6316623
1,1,0.5898565
1,1,0.5857945
1,1,0.573103
1,0,0.45120037
1,1,0.5740442
1,1,0.6255071
1,1,0.6648515
1,1,0.6402066
1,1,0.5949936
1,1,0.60086143
1,1,0.5343843
1,0,0.47446314
1,1,0.55628335
1,1,0.57198834
1,1,0.57874936
1,1,0.5695676
1,1,0.57729256
1,1,0.6159696
1,1,0.6112329
1,1,0.61301327
1,1,0.5344869
1,1,0.5411543
1,1,0.5754694
1,1,0.6038896
1,1,0.58569163
1,1,0.5835648
1,0,0.4832468
1,1,0.55901504
1,1,0.57013476
1,1,0.6082784
1,1,0.68856907
1,1,0.635328
1,1,0.5452186
1,1,0.5767781
1,1,0.5676706
1,1,0.6323557
1,1,0.5698456
1,1,0.58223134
1,1,0.5135
1,1,0.5990661
1,1,0.5797625
1,1,0.6488399
1,1,0.6728258
1,1,0.61156017
1,1,0.53766257
1,1,0.6236296
1,1,0.5757487
1,1,0.608473
1,1,0.5586866
1,1,0.6479709
1,1,0.60308486
1,1,0.62059516
1,1,0.55093706
1,1,0.58342093
1,1,0.5225921
1,1,0.52989393
1,1,0.59029084
1,1,0.5761629
1,1,0.6064288
1,1,0.5931196
1,1,0.60156524
1,1,0.5124168
1,1,0.5705683
1,1,0.60077894
1,1,0.611049
1,1,0.560762
1,1,0.557172
1,0,0.47160527
1,1,0.5212879
1,1,0.5864893
1,1,0.6186259
1,1,0.5725565
1,1,0.60940045
1,1,0.5784796
1,1,0.5852023
1,1,0.564125
1,1,0.64185965
1,1,0.5744152
1,0,0.4525177
1,1,0.553524
1,1,0.573405
1,1,0.60052663
1,1,0.5216879
1,1,0.56029826
1,1,0.5340207
1,1,0.5289196
1,0,0.4971734
1,1,0.5041833
1,1,0.52724326
1,1,0.59692585
1,1,0.5680781
1,1,0.6628976
1,1,0.58808804
1,1,0.5909052
1,1,0.62633616
1,1,0.60679364
1,1,0.61859304
1,1,0.6129204
1,0,0.46886957
1,1,0.5251348
1,1,0.5955211
1,1,0.5800507
1,1,0.60669327
1,1,0.6171605
1,1,0.60750943
1,1,0.62230116
1,1,0.59749025
1,1,0.5867023
1,1,0.58197075
1,1,0.61032933
1,1,0.5647366
1,1,0.5868676
1,1,0.6296019
1,1,0.62464416
1,1,0.5991957
1,1,0.5478129
1,0,0.4902637
1,1,0.5868148
1,1,0.5504138
1,1,0.604966
1,1,0.58935773
1,1,0.5908191
1,1,0.5569741
1,1,0.6004069
1,1,0.6079876
1,0,0.4523256
1,1,0.5909781
1,1,0.61670595
1,1,0.539991
1,1,0.5723527
1,1,0.5635397
1,1,0.6080109
1,1,0.57762915
1,1,0.6038171
1,1,0.5894494
1,1,0.624951
1,1,0.5700326
1,1,0.5643713
1,1,0.61882275
1,1,0.5284284
1,1,0.6363156
1,1,0.59061486
1,1,0.6241
1,1,0.589947
1,1,0.56486845
1,1,0.6097093
1,1,0.56866264
1,1,0.52720755
1,1,0.54929066
1,1,0.6627213
1,1,0.5304613
1,1,0.53840315
1,1,0.63880163
1,1,0.5718534
1,1,0.5724218
1,1,0.52918
1,1,0.57810146
1,1,0.62798893
1,1,0.5456634
1,1,0.61239785
1,1,0.5693526
1,1,0.5903982
1,1,0.52969635
1,1,0.5449776
1,1,0.57661706
1,1,0.56321883
1,1,0.57763803
1,1,0.5116922
1,1,0.62015617
1,1,0.6038342
1,1,0.5223904
1,1,0.5886765
1,1,0.62719953
1,1,0.5121625
1,1,0.5555654
1,1,0.63110626
1,1,0.57882154
1,1,0.5753386
1,1,0.58575106
1,1,0.5674822
1,1,0.62290233
1,1,0.67344135
1,1,0.62920976
1,1,0.5649313
1,1,0.58283836
1,1,0.5094062
1,1,0.5608614
1,1,0.62591547
1,1,0.5916519
1,1,0.6249999
1,1,0.52564913
1,1,0.59275186
1,1,0.59335816
1,1,0.6010698
1,1,0.5164008
1,1,0.51563495
1,0,0.48928836
1,1,0.56688124
1,1,0.5886945
1,1,0.61806524
1,1,0.59822005
1,1,0.59253585
1,1,0.5700035
1,1,0.5880201
1,1,0.5838231
1,1,0.60135734
1,1,0.587004
1,0,0.4916206
1,1,0.60653645
1,1,0.59793204
1,1,0.5193596
1,1,0.6186558
1,0,0.49160478
1,1,0.5627734
1,1,0.55905545
1,1,0.58436877
1,1,0.63113153
1,1,0.5886565
1,1,0.588537
1,1,0.61872435
1,1,0.58889866
1,1,0.5084341
1,1,0.63384145
1,1,0.6331819
1,1,0.6388204
1,0,0.4707279
1,1,0.5967779
1,1,0.60950935
1,1,0.53436905
1,1,0.618427
1,1,0.5460881
1,1,0.54432815
1,1,0.56509304
1,1,0.60532844
1,1,0.5666113
1,1,0.62855524
1,1,0.6066218
1,1,0.63358724
1,1,0.660221
1,1,0.52780396
1,1,0.52778465
1,1,0.5508016
1,1,0.5592854
1,1,0.61024994
1,1,0.5870871
1,1,0.55754226
1,1,0.61714447
1,1,0.5908597
1,1,0.5096431
1,1,0.56320316
1,1,0.51133376
1,1,0.5799612
1,1,0.51066434
1,1,0.6151244
1,1,0.6470804
1,1,0.5264457
1,1,0.5518408
1,1,0.57676864
1,1,0.52570367
1,1,0.5272113
1,1,0.5809315
1,1,0.6044694
1,1,0.6339973
1,1,0.52180636
1,1,0.579516
1,1,0.5888423
1,1,0.5300867
1,1,0.58439755
1,1,0.5437648
1,1,0.62054104
1,1,0.6281424
1,1,0.6198308
1,1,0.5141628
1,1,0.6482477
1,1,0.60072684
1,1,0.57607806
1,1,0.5931368
1,1,0.563705
1,1,0.6245896
1,1,0.544368
1,1,0.5849456
1,1,0.57018405
1,1,0.5829621
1,1,0.5921367
1,1,0.6017431
1,1,0.5662925
1,1,0.6050035
1,1,0.58058614
1,1,0.61411905
1,1,0.52243304
1,1,0.6130965
1,1,0.62983924
1,1,0.53214115
1,1,0.5684413
1,1,0.664319
1,1,0.55073076
1,1,0.6032925
1,1,0.5617242
1,1,0.56380016
1,1,0.596795
1,1,0.6055861
1,1,0.622668
1,1,0.60472447
1,1,0.5950959
1,1,0.6045301
1,1,0.55453587
1,1,0.55973285
1,1,0.59157586
1,1,0.5731901
1,1,0.5820611
1,1,0.6004953
1,1,0.5040094
1,1,0.6564872
1,1,0.5321289
1,1,0.61154515
1,1,0.5739309
1,1,0.556933
1,1,0.6369995
1,1,0.6504348
1,1,0.5869033
1,1,0.52055013
1,1,0.5421003
1,1,0.72703415
1,1,0.5853305
1,1,0.6024449
1,1,0.64504486
1,1,0.5363156
1,1,0.62214947
1,1,0.54233897
1,1,0.5912702
1,0,0.49180374
1,1,0.5890403
1,1,0.5439072
1,1,0.6079159
1,1,0.51490384
1,0,0.43631047
1,1,0.6787137
1,1,0.52597153
1,1,0.57072824
1,1,0.5732943
1,1,0.58134955
1,1,0.5676967
1,1,0.5388726
1,1,0.52938837
1,1,0.55549383
1,1,0.5269083
1,1,0.51082534
1,1,0.5089044
1,0,0.48677132
1,1,0.62381905
1,1,0.5683412
1,1,0.5085564
1,1,0.6737856
1,1,0.5270827
1,0,0.4896777
1,1,0.51837546
1,1,0.6247048
1,1,0.51672655
1,1,0.5553323
1,0,0.48302153
1,1,0.60408443
1,1,0.5679897
1,1,0.5023584
1,1,0.5406933
1,1,0.55112827
1,1,0.5343625
1,1,0.55165726
1,1,0.57422954
1,1,0.54710543
1,1,0.5368416
1,1,0.5971666
1,1,0.5786293
1,0,0.4791209
1,1,0.5360031
1,1,0.5501124
1,1,0.51751137
1,0,0.497145
1,1,0.5527207
1,1,0.58881414
1,1,0.5396591
1,1,0.55079025
1,1,0.5157541
1,1,0.52646434
1,1,0.5486503
1,0,0.4708008
1,1,0.5412397
1,1,0.5186211
1,0,0.4971549
1,0,0.47629607
1,1,0.5030818
1,1,0.56020105
1,1,0.62762964
1,1,0.59375757
1,0,0.49847537
1,1,0.50117356
1,0,0.49495357
1,1,0.6156773
1,1,0.5600429
1,0,0.49894342
1,1,0.56418484
1,1,0.6360497
1,0,0.4993772
1,0,0.49964002
1,1,0.5262076
1,1,0.5809921
1,1,0.6018357
1,0,0.48635802
1,1,0.5516843
1,1,0.55127543
1,1,0.5626417
1,1,0.57466274
1,1,0.5437299
1,1,0.54145825
1,1,0.62989163
1,1,0.5387451
1,0,0.49105546
1,1,0.6034352
1,1,0.5827417
1,1,0.54707974
1,1,0.5727219
1,1,0.5489407
1,0,0.49368683
1,1,0.5862304
1,1,0.5849407
1,1,0.6021134
1,1,0.51811576
1,1,0.5534628
1,0,0.48999372
1,1,0.5285277
1,1,0.60694027
1,0,0.4961475
1,1,0.5450664
1,1,0.59048426
1,1,0.5615772
1,1,0.5079719
1,1,0.57749903
1,1,0.6056699
1,1,0.64435047
1,1,0.5534714
1,1,0.5136935
1,1,0.5244966
1,1,0.5153195
1,1,0.50656945
1,1,0.60506886
1,0,0.49475497
1,1,0.50535667
1,1,0.57572424
1,1,0.50785226
1,1,0.5766782
1,0,0.4930525
1,0,0.49119186
1,1,0.5656477
1,1,0.56812805
1,1,0.51861113
1,0,0.4661527
1,1,0.50031006
1,1,0.51479
1,0,0.48409134
1,1,0.57767314
1,0,0.47597963
1,1,0.5430294
1,0,0.47822216
1,0,0.48261237
1,1,0.55441236
1,1,0.5385421
1,1,0.5241195
1,1,0.5309803
1,1,0.6169537
1,1,0.59827703
1,1,0.54743963
1,1,0.5681229
1,1,0.60544056
1,1,0.55078006
1,1,0.50387824
1,1,0.58381116
1,1,0.5702941
1,1,0.58377504
1,0,0.47037235
1,0,0.49990788
1,1,0.5568175
1,1,0.58480585
1,1,0.55621195
1,1,0.5845356
1,1,0.51493794
1,1,0.64207447
1,0,0.49218625
1,1,0.60422045
1,0,0.44450474
1,1,0.5563282
1,1,0.5644019
1,1,0.62441
1,1,0.5644563
1,1,0.5881845
1,1,0.5405015
1,1,0.5062914
1,1,0.5611376
1,1,0.5437832
1,1,0.53325194
1,1,0.51731795
1,1,0.52631706
1,1,0.56104034
1,1,0.5134696
1,1,0.5016886
1,1,0.5684194
1,1,0.54481757
1,1,0.6682467
1,1,0.61291
1,1,0.50989574
1,1,0.5120269
1,1,0.5451896
1,1,0.5626896
1,1,0.6543756
1,1,0.6447235
1,1,0.5457048
1,1,0.56976104
1,1,0.5511449
1,1,0.5111176
1,1,0.5573935
1,1,0.5667978
1,1,0.5668975
1,0,0.4303575
1,0,0.48399392
1,1,0.59418225
1,1,0.5496011
1,1,0.6221681
1,1,0.55712056
1,1,0.54981685
1,1,0.5372568
1,1,0.5542064
1,1,0.54631704
1,1,0.5285858
1,1,0.5305037
1,1,0.50449026
1,1,0.5768441
1,1,0.5682076
1,1,0.564157
1,1,0.5180498
1,0,0.4961188
1,0,0.4922833
1,1,0.5449211
1,1,0.5162569
1,1,0.6109194
1,1,0.50499564
1,1,0.5190384
1,1,0.52992195
1,0,0.45741367
1,0,0.4662694
1,1,0.5629682
1,1,0.5465324
1,1,0.5114729
1,1,0.5645929
1,1,0.6186399
1,1,0.5817482
1,1,0.5967063
1,1,0.5676164
1,1,0.55988276
1,1,0.56648684
1,1,0.57421076
1,1,0.55699575
1,1,0.60024214
1,1,0.52691895
1,1,0.59735787
1,1,0.5055021
1,1,0.5796521
1,1,0.5588041
1,1,0.558226
1,0,0.49309367
1,1,0.5723029
1,1,0.52384156
1,1,0.62027234
1,0,0.48648596
1,0,0.4948613
1,1,0.57073736
1,1,0.50581384
1,0,0.47833017
1,0,0.4970128
1,1,0.58101815
1,1,0.528404
1,0,0.48600063
1,1,0.5280209
1,0,0.48937768
1,1,0.53777677
1,0,0.48113665
1,0,0.49767154
1,1,0.58522534
1,1,0.55781204
1,1,0.5237188
1,1,0.5544577
1,0,0.4994815
1,1,0.5721322
1,1,0.54937154
1,1,0.5037392
1,1,0.595381
1,1,0.5252662
1,0,0.48629594
1,1,0.60770446
1,1,0.5903919
1,0,0.48743024
1,1,0.5727533
1,1,0.61516714
1,1,0.5354699
1,1,0.6150994
1,1,0.50750273
1,1,0.56988966
1,1,0.52341664
1,1,0.5450776
1,1,0.5234011
1,1,0.5769342
1,1,0.5177428
1,1,0.5287747
1,1,0.53492296
1,1,0.58159614
1,0,0.48005435
1,1,0.68752813
1,1,0.52007854
1,1,0.5633974
1,1,0.5821921
1,1,0.53719383
1,1,0.5335746
1,0,0.4922688
1,0,0.46045592
1,1,0.53018385
1,0,0.4815121
1,1,0.5237169
1,1,0.5377981
1,1,0.5543718
1,0,0.4894513
1,1,0.52394813
1,1,0.636769
1,1,0.61407405
1,1,0.56426024
1,1,0.56217825
1,0,0.49000242
1,1,0.56099653
1,0,0.46294704
1,1,0.5944291
1,1,0.53687495
1,0,0.4869581
1,1,0.54010385
1,1,0.5259933
1,1,0.56855375
1,1,0.55822295
1,1,0.51829123
1,1,0.6220687
1,1,0.56873375
1,1,0.5973258
1,1,0.5037682
1,1,0.5464627
1,1,0.6087399
1,0,0.4914497
1,1,0.5037496
1,1,0.51644
1,1,0.5767789
1,0,0.49770874
1,1,0.52452517
1,1,0.5184396
1,0,0.47602955
1,0,0.44900358
1,1,0.58443147
1,1,0.53354675
1,0,0.49822804
1,0,0.4986331
1,1,0.5649748
1,1,0.5837185
1,1,0.59252685
1,1,0.5700706
1,1,0.6024733
1,1,0.5355077
1,1,0.51535714
1,1,0.57695997
1,1,0.6605214
1,1,0.54173803
1,1,0.56264114
1,1,0.53411365
1,1,0.5621035
1,1,0.563115
1,1,0.522617
1,1,0.5276095
1,1,0.5370739
1,1,0.620599
1,1,0.5576721
1,1,0.55901605
1,0,0.49456617
1,1,0.51144737
1,1,0.56323653
1,1,0.5632457
1,1,0.55579287
1,1,0.58261424
1,1,0.60631007
1,1,0.5197425
1,0,0.48796248
1,1,0.5709898
1,1,0.51302207
1,1,0.50213975
1,0,0.48759228
1,1,0.5705255
1,1,0.5350547
1,1,0.567348
1,1,0.52127326
1,1,0.58810365
1,1,0.5509094
1,1,0.5225226
1,1,0.5483279
1,1,0.5851747
1,1,0.6523847
1,1,0.52801216
1,0,0.48729688
1,1,0.5510308
1,1,0.5301863
1,1,0.57455134
1,0,0.49177077
1,1,0.63435435
1,1,0.51038516
1,1,0.5563471
1,0,0.46789998
1,1,0.6013413
1,1,0.5512347
1,1,0.5364196
1,1,0.61095744
1,1,0.5438864
1,1,0.51832974
1,0,0.4630942
1,1,0.57783765
1,1,0.6156275
1,1,0.57022095
1,1,0.6148029
1,1,0.5490025
1,1,0.57043564
1,1,0.517983
1,0,0.47808856
1,0,0.447138
1,1,0.59414446
1,0,0.49513566
1,1,0.53273207
1,1,0.53638494
1,1,0.55814487
1,1,0.58321923
1,1,0.53155124
1,1,0.57569766
1,1,0.60748965
1,1,0.52594405
1,1,0.51989764
1,1,0.5484623
1,1,0.55441594
1,0,0.46035838
1,0,0.49520895
1,1,0.56506455
1,1,0.5643703
1,0,0.49838826
1,1,0.59353805
1,1,0.53768283
1,0,0.4657412
1,0,0.4879919
1,1,0.56163335
1,1,0.53112215
1,1,0.6480668
1,1,0.5389324
1,1,0.5373601
1,1,0.5367052
1,1,0.5474139
1,1,0.53239775
1,1,0.5648879
1,1,0.5633678
1,1,0.54754275
1,1,0.50973487
1,1,0.51619524
1,0,0.49720547
1,0,0.49472165
1,0,0.48882177
1,1,0.62167186
1,1,0.56947803
1,1,0.56848764
1,1,0.5633142
1,1,0.5742886
1,1,0.5162382
1,1,0.57767886
1,1,0.57808834
1,0,0.42916805
1,1,0.5508562
1,1,0.51137555
1,1,0.560432
1,1,0.5444108
1,1,0.5887011
1,1,0.52866906
1,1,0.50059754
1,1,0.5373088
1,1,0.6154789
1,1,0.63729954
1,1,0.60433036
1,1,0.5289683
1,1,0.6054679
1,1,0.5392248
1,1,0.5127049
1,1,0.5860807
1,1,0.57952464
1,1,0.5663354
1,0,0.49212644
1,1,0.5232232
1,1,0.5261616
1,1,0.6256702
1,1,0.57506835
1,1,0.5636295
1,1,0.56239974
1,1,0.5474624
1,1,0.53574866
1,0,0.46874934
1,1,0.554102
1,1,0.5504952
1,1,0.54986423
1,1,0.5361152
1,1,0.559826
1,1,0.59124184
1,1,0.59057355
1,1,0.58688146
1,0,0.49950707
1,1,0.51736534
1,1,0.55797267
1,1,0.52479523
1,1,0.55208457
1,1,0.58602864
1,1,0.5767865
1,1,0.61050445
1,1,0.5605148
1,1,0.63799876
1,1,0.58059907
1,1,0.52955693
1,1,0.5763577
1,1,0.58606994
1,1,0.5460003
1,1,0.5460644
1,1,0.5588452
1,1,0.5441805
1,1,0.53245866
1,1,0.5061072
1,0,0.49869308
1,1,0.5131089
1,1,0.53526735
1,0,0.49195212
1,1,0.5718462
1,1,0.5286198
1,0,0.49612045
1,1,0.51637393
1,1,0.574572
1,1,0.540934
1,1,0.5353769
1,1,0.56417954
1,1,0.50319326
1,1,0.575535
1,0,0.48856777
1,0,0.4690269
1,1,0.55832195
1,1,0.57672465
1,1,0.5186273
1,1,0.6021308
1,1,0.58867633
1,1,0.51352066
1,1,0.5926822
1,1,0.5862124
1,1,0.5766399
1,1,0.58786666
1,1,0.5407978
1,1,0.5905878
1,1,0.5870483
1,1,0.5667495
1,1,0.55379033
1,1,0.5252208
1,1,0.55210453
1,0,0.49696258
1,1,0.5463422
1,1,0.5412191
1,0,0.4998782
1,1,0.56044286
1,0,0.49465594
1,0,0.48235968
1,1,0.60809785
1,1,0.54509777
1,1,0.554301
1,1,0.55775785
1,1,0.5553515
1,1,0.5643627
1,1,0.63112897
1,1,0.60537606
1,0,0.48721316
1,1,0.5016557
1,1,0.53550446
1,1,0.5347959
1,1,0.57952267
1,0,0.46883982
1,1,0.54741335
1,1,0.5915546
1,1,0.5491586
1,1,0.55950874
1,1,0.5978334
1,1,0.50268763
1,1,0.55984753
1,1,0.5890709
1,1,0.6052933
1,1,0.6094732
1,1,0.56849134
1,1,0.5500075
1,1,0.5554547
1,0,0.45751432
1,1,0.5099552
1,1,0.57934994
1,0,0.46640256
1,0,0.460773
1,1,0.5452537
1,1,0.5191677
1,0,0.46126938
1,1,0.5224602
1,1,0.5149567
1,1,0.5236604
1,1,0.53197306
1,1,0.5283801
1,1,0.57645607
1,1,0.5776279
1,1,0.5438138
1,1,0.57404137
1,1,0.53592217
1,1,0.6102855
1,1,0.6361538
1,1,0.5054786
1,1,0.5187452
1,1,0.50121653
1,1,0.58203894
1,0,0.49577492
1,1,0.6019558
1,1,0.5425642
1,1,0.523749
1,1,0.53541505
1,1,0.5852781
1,0,0.48621836
1,1,0.5083977
1,1,0.5679704
1,1,0.54965436
1,1,0.5119763
1,0,0.47989678
1,1,0.56632376
1,1,0.50022906
1,1,0.53458947
1,1,0.6296467
1,1,0.58748806
1,1,0.5936582
1,1,0.5229099
1,1,0.5420019
1,0,0.47699133
1,1,0.546687
1,1,0.5623808
1,1,0.57720906
1,1,0.5674329
1,0,0.48709026
1,1,0.5782079
1,1,0.5368927
1,1,0.5123112
1,0,0.46721387
1,1,0.58453804
1,1,0.5527456
1,1,0.5722471
1,1,0.58491147
1,1,0.56560355
1,1,0.55594945
1,1,0.57414085
1,1,0.51977843
1,1,0.538374
1,1,0.56128365
1,1,0.50586194
1,1,0.5901657
1,1,0.5689965
1,1,0.53515065
1,1,0.5848726
1,1,0.543778
1,1,0.55301887
1,0,0.48165664
1,1,0.5085573
1,1,0.54196596
1,1,0.508445
1,1,0.5322392
1,1,0.5867078
1,0,0.496471
1,1,0.5015749
1,1,0.58070475
1,0,0.49816626
1,1,0.56279415
1,1,0.57024246
1,1,0.5267201
1,1,0.5643153
1,1,0.5078234
1,1,0.6353112
1,0,0.4910351
1,1,0.53499424
1,1,0.5701497
1,1,0.5475206
1,1,0.5809569
1,1,0.5835283
1,1,0.58113015
1,1,0.5534828
1,1,0.6107044
1,1,0.52280045
1,1,0.5395888
1,1,0.5815064
1,1,0.58610636
1,1,0.58157945
1,1,0.51949364
1,1,0.5845254
1,1,0.5881799
1,1,0.5645516
1,1,0.55194235
1,1,0.5207822
1,1,0.58039427
1,1,0.5481922
1,0,0.49487662
1,1,0.568562
1,1,0.57032555
1,1,0.57702166
1,1,0.58053756
1,1,0.52682763
1,1,0.53751266
1,1,0.5866461
1,1,0.50719327
1,1,0.50459975
1,1,0.56596214
1,1,0.54567945
1,1,0.5495016
1,1,0.54153824
1,0,0.46445
1,1,0.5603267
1,1,0.50419724
1,1,0.5781227
1,0,0.48965374
1,1,0.5689156
1,1,0.5257612
1,1,0.54980993
1,1,0.5811768
1,1,0.5214112
1,1,0.588614
1,1,0.5196213
1,1,0.50465685
1,1,0.5241645
1,1,0.54877466
1,1,0.55612403
1,1,0.5229177
1,0,0.48621315
1,1,0.5237294
1,1,0.52522516
1,1,0.5688534
1,1,0.5567421
1,1,0.5223369
1,1,0.56367624
1,1,0.57185936
1,1,0.52024555
1,1,0.5556239
1,1,0.55714464
1,1,0.5381314
1,1,0.55852425
1,1,0.5248891
1,1,0.54140544
1,1,0.57371986
1,0,0.47990972
1,1,0.5440799
1,1,0.5451841
1,1,0.6046303
1,1,0.5510069
1,1,0.51656365
1,1,0.5450645
1,1,0.57714176
1,1,0.56356066
1,1,0.56629384
1,0,0.4931038
1,1,0.50249326
1,1,0.5448331
1,0,0.46644342
1,1,0.53022766
1,1,0.590297
1,1,0.5394455
1,0,0.4856204
1,0,0.46196672
1,1,0.5384112
1,1,0.51115304
1,1,0.50473446
1,1,0.5279595
1,1,0.5602036
1,1,0.5395737
1,1,0.55652666
1,0,0.47790205
1,1,0.61498445
1,1,0.55793494
1,1,0.5708698
1,1,0.51990885
1,1,0.5730919
1,1,0.5544424
1,1,0.5969754
1,1,0.5711197
1,1,0.5485173
1,1,0.5723247
1,1,0.56822795
1,1,0.6413648
1,1,0.5626686
1,1,0.5719722
1,1,0.50381905
1,0,0.47319138
1,0,0.48525214
1,0,0.49607268
1,1,0.5453442
1,0,0.4924307
1,0,0.4888169
1,1,0.51125264
1,1,0.50533366
1,1,0.6379676
1,1,0.53848743
1,1,0.6016085
1,1,0.5617024
1,1,0.5398596
1,1,0.54592264
1,1,0.57310754
1,1,0.5940435
1,1,0.5894819
1,1,0.51638377
1,1,0.5099614
1,1,0.53507
1,1,0.5599078
1,1,0.5534173
1,1,0.5594745
1,1,0.532032
1,1,0.5526068
1,1,0.6053772
1,1,0.5878641
1,1,0.5458608
1,0,0.4355625
1,1,0.58487463
1,1,0.541105
1,1,0.5668753
1,1,0.53025126
1,0,0.4846841
1,1,0.52456415
1,1,0.5974638
1,0,0.44364876
1,1,0.5198979
1,1,0.5323786
1,1,0.51726735
1,1,0.5580119
1,1,0.51099217
1,1,0.5315456
1,1,0.52923906
1,1,0.5951837
1,1,0.5506138
1,1,0.63147104
1,1,0.5607007
1,1,0.59776896
1,1,0.5053327
1,0,0.4650287
1,1,0.51294345
1,1,0.5616559
1,1,0.5900061
1,1,0.5778293
1,1,0.58313537
1,1,0.5420917
1,1,0.5500567
1,1,0.5837624
1,1,0.6237638
1,1,0.5680536
1,1,0.54275286
1,0,0.49219596
1,1,0.52924484
1,1,0.5684525
1,1,0.54307604
1,1,0.5043333
1,1,0.5234974
1,1,0.53654593
1,1,0.58629024
1,0,0.49289978
1,1,0.5297133
1,0,0.49178812
1,1,0.5949563
1,1,0.6103772
1,0,0.48102564
1,1,0.5546362
1,1,0.61184436
1,1,0.60133994
1,1,0.57261693
1,1,0.55781054
1,1,0.5534884
1,1,0.54927284
1,1,0.5482013
1,1,0.59442216
1,1,0.599722
1,1,0.5728281
1,1,0.5427712
1,0,0.48185772
1,1,0.5083135
1,1,0.5884172
1,1,0.5066317
1,1,0.51260465
1,1,0.5999012
1,1,0.5182427
1,1,0.51031995
1,1,0.50839764
1,1,0.5351321
1,1,0.53759044
1,1,0.52547824
1,1,0.5195049
1,1,0.5139598
1,1,0.54730713
1,1,0.5015157
1,1,0.6035489
1,1,0.53562784
1,1,0.543724
1,1,0.53611076
1,1,0.507601
1,1,0.5252154
1,1,0.5464185
1,1,0.558314
1,1,0.52793974
1,1,0.5344307
1,1,0.6044072
1,1,0.58679
1,1,0.58150035
1,1,0.52580756
1,1,0.639657
1,1,0.5212326
1,1,0.5300612
1,1,0.569166
1,1,0.5314356
1,0,0.47506028
1,1,0.5430385
1,1,0.5519064
1,1,0.5670957
1,1,0.52081245
1,1,0.5557033
1,1,0.51232284
1,0,0.4885157
1,1,0.5274657
1,1,0.5534696
1,0,0.48190373
1,1,0.5480701
1,0,0.4811494
1,1,0.53599143
1,1,0.5867482
1,1,0.5455247
1,1,0.51076704
1,1,0.57598245
1,1,0.5474641
1,1,0.53927267
1,1,0.60480946
1,1,0.6636864
1,1,0.5778431
1,1,0.5827145
1,1,0.6414498
1,1,0.55816334
1,1,0.54429406
1,1,0.5707565
1,1,0.5150736
1,1,0.5071616
1,1,0.53560287
1,1,0.5139724
1,0,0.48075134
1,1,0.5291706
1,1,0.6419899
1,0,0.4987997
1,1,0.62116945
1,1,0.5012876
1,1,0.5171875
1,1,0.5226662
1,1,0.5923238
1,0,0.4885441
1,1,0.5363417
1,0,0.49430063
1,1,0.51807743
1,1,0.5175081
1,1,0.5033261
1,1,0.5261904
1,1,0.5603703
1,1,0.50289726
1,1,0.543074
1,1,0.53472024
1,1,0.5078377
1,1,0.66697294
1,1,0.5758203
1,0,0.48133665
1,1,0.55355614
1,1,0.5528178
1,1,0.52768683
1,1,0.55658394
1,1,0.5682336
1,1,0.60452664
1,1,0.57816774
1,0,0.48838067
1,1,0.5455359
1,1,0.5750704
1,1,0.57256085
1,1,0.581305
1,1,0.52888006
1,1,0.5646059
1,1,0.5215531
1,1,0.5208905
1,1,0.5916033
1,1,0.5167186
1,0,0.46407354
1,1,0.5048656
1,1,0.58762974
1,1,0.589823
1,1,0.53559196
1,1,0.5254597
1,1,0.5297408
1,1,0.55743617
1,1,0.52482766
1,1,0.5420759
1,1,0.60858864
1,1,0.5411537
1,1,0.5584198
1,1,0.5283543
1,0,0.49524134
1,1,0.5435123
1,1,0.53670347
1,1,0.5177962
1,1,0.55850023
1,1,0.53792745
1,1,0.53932774
1,1,0.5799429
1,1,0.5454627
1,1,0.5172888
1,1,0.5572379
1,1,0.6034717
1,1,0.5519273
1,1,0.5834139
1,0,0.4834617
1,1,0.5507013
1,1,0.5183647
1,1,0.5402044
1,1,0.5734581
1,1,0.56761384
1,1,0.5334919
1,1,0.56533206
1,1,0.56050074
1,0,0.48246366
1,1,0.53502953
1,1,0.52210754
1,1,0.5304323
1,1,0.5284066
1,1,0.52676684
1,1,0.5010924
1,0,0.4593449
1,1,0.55969495
1,0,0.4387168
1,0,0.47048426
1,0,0.48342994
1,1,0.5696909
1,1,0.52762157
1,1,0.6067723
1,1,0.5626632
1,1,0.54383075
1,0,0.48714164
1,1,0.5195494
1,1,0.5347178
1,1,0.5360942
1,1,0.6005819
1,0,0.43774334
1,1,0.5702968
1,1,0.5194547
1,1,0.53371316
1,1,0.5857785
1,1,0.5742182
1,1,0.6164635
1,1,0.59724104
1,1,0.5753765
1,1,0.63905406
1,0,0.46132895
1,1,0.52017194
1,0,0.49097186
1,1,0.5146513
1,0,0.46484038
1,0,0.48913535
1,0,0.49361804
1,1,0.5283354
1,1,0.55200857
1,1,0.56578815
1,1,0.54511094
1,1,0.59957564
1,0,0.42010736
1,1,0.5275633
1,1,0.53874934
1,1,0.52441114
1,1,0.51478285
1,1,0.56306905
1,1,0.53091216
1,1,0.5200281
1,1,0.58523196
1,1,0.54312193
1,1,0.56971174
1,1,0.55878276
1,1,0.6167018
1,0,0.46089327
1,1,0.565526
1,1,0.57917535
1,1,0.549565
1,1,0.5689163
1,1,0.5559676
1,1,0.587687
1,1,0.54512
1,1,0.5597293
1,1,0.57685816
1,1,0.52698505
1,1,0.60001224
1,0,0.43245187
1,1,0.55186933
1,1,0.54048324
1,1,0.5027997
1,0,0.48266202
1,1,0.58697146
1,1,0.56952393
1,0,0.48470694
1,1,0.551796
1,0,0.48403153
1,1,0.5020501
1,1,0.5427333
1,1,0.51256305
1,1,0.5194462
1,1,0.5805091
1,1,0.5746571
1,1,0.58420575
1,1,0.5577325
1,0,0.4862578
1,1,0.54905665
1,1,0.5584582
1,1,0.5778966
1,1,0.5082864
1,1,0.55114186
1,1,0.59292954
1,1,0.54318887
1,1,0.5427067
1,1,0.52558184
1,1,0.57586896
1,1,0.5633306
1,1,0.5934736
1,0,0.47084725
1,1,0.5747595
1,1,0.51202166
1,1,0.5443178
1,1,0.541783
1,1,0.57643855
1,1,0.5121363
1,1,0.53418773
1,1,0.5152802
1,1,0.53443074
1,1,0.5144103
1,0,0.49345252
1,1,0.5043444
1,1,0.54856837
1,1,0.554503
1,1,0.58657503
1,1,0.53171045
1,1,0.54372895
1,1,0.53160757
1,1,0.54039294
1,1,0.53657365
1,1,0.5619553
1,1,0.56229836
1,1,0.6091637
1,1,0.56304884
1,0,0.4891918
1,1,0.56946015
1,1,0.561391
1,0,0.49863908
1,1,0.556079
1,1,0.5359345
1,1,0.5550818
1,1,0.5372743
1,1,0.570122
1,1,0.5547279
1,1,0.64592344
1,1,0.56266135
1,0,0.49506757
1,1,0.51556903
1,1,0.52907985
1,1,0.60078216
1,1,0.55706584
1,0,0.4860133
1,1,0.5744275
1,0,0.48182788
1,0,0.49836054
1,1,0.5741811
1,1,0.6043128
1,1,0.5698241
1,1,0.5332555
1,1,0.5988965
1,1,0.54204595
1,1,0.51822835
1,1,0.5585048
1,1,0.58647287
1,1,0.5443038
1,1,0.55668366
1,1,0.58825547
1,1,0.6740207
1,1,0.50809634
1,1,0.51458937
1,1,0.56093526
1,1,0.5879853
1,1,0.5660708
1,1,0.6126655
1,1,0.5725006
1,1,0.5509041
1,1,0.5382887
1,1,0.5808408
1,1,0.5437339
1,1,0.58275324
1,1,0.5220446
1,1,0.52540267
1,1,0.6227758
1,0,0.49224564
1,1,0.54384124
1,1,0.5779621
1,1,0.57182705
1,1,0.5946364
1,1,0.59016645
1,1,0.5319354
1,1,0.53202236
1,1,0.5878527
1,1,0.5363662
1,1,0.5338454
1,1,0.5999913
1,1,0.6272482
1,1,0.5119399
1,1,0.5816796
1,1,0.5564594
1,1,0.57677335
1,1,0.5301395
1,1,0.5783934
1,1,0.5278813
1,1,0.60720515
1,1,0.5766413
1,1,0.6066767
1,1,0.6345312
1,1,0.5840805
1,1,0.55106777
1,1,0.54611224
1,1,0.568535
1,1,0.6058892
1,1,0.5283488
1,1,0.63480663
1,1,0.59814584
1,1,0.50795615
1,1,0.5738385
1,1,0.5660047
1,1,0.5544332
1,1,0.50771326
1,1,0.5982898
1,1,0.5706101
1,1,0.52179235
1,1,0.5892086
1,1,0.50590783
1,1,0.5905397
1,1,0.5118662
1,1,0.50466394
1,1,0.6112776
1,1,0.59221727
1,1,0.54762626
1,1,0.5362114
1,0,0.4886477
1,1,0.5915212
1,1,0.60869217
1,1,0.575358
1,1,0.63156956
1,1,0.6145438
1,1,0.533675
1,1,0.5012713
1,1,0.6358195
1,1,0.6039667
1,1,0.5492271
1,1,0.5580585
1,1,0.6155234
1,1,0.5451451
1,1,0.509235
1,1,0.5896454
1,1,0.5753762
1,1,0.5388567
1,1,0.5347029
1,1,0.5074545
1,1,0.54824257
1,1,0.6718288
1,1,0.61515003
1,1,0.56449324
1,1,0.5559835
1,1,0.5415527
1,1,0.5743496
1,1,0.54056424
1,1,0.56307393
1,0,0.43230486
1,1,0.5536241
1,1,0.6122149
1,0,0.4981835
1,1,0.507825
1,1,0.6076804
1,1,0.5703902
1,1,0.5045206
1,1,0.5374647
1,1,0.55351347
1,1,0.5746277
1,1,0.5494926
1,1,0.5815075
1,1,0.53349864
1,1,0.64675784
1,1,0.5444502
1,1,0.6103263
1,1,0.6466945
1,1,0.56259847
1,1,0.5792286
1,1,0.53182083
1,1,0.5645169
1,1,0.60411054
1,1,0.53144896
1,1,0.50617677
1,1,0.5094166
1,1,0.5704623
1,1,0.52902555
1,1,0.5704853
1,1,0.5937279
1,0,0.46373162
1,1,0.5542897
1,1,0.6065071
1,1,0.57397366
1,1,0.55610365
1,1,0.5540406
1,1,0.5434541
1,1,0.5569735
1,1,0.54971373
1,1,0.61340064
1,1,0.55787635
1,1,0.5945446
1,1,0.53428954
1,1,0.54451007
1,1,0.5489928
1,1,0.589646
1,0,0.4976753
1,1,0.54141474
1,1,0.5874582
1,1,0.5542046
1,1,0.51437765
1,1,0.60289633
1,1,0.6029798
1,0,0.4790221
1,1,0.5368376
1,1,0.52637947
1,1,0.54595506
1,1,0.5270798
1,1,0.58974564
1,1,0.5656631
1,1,0.61142117
1,1,0.6314867
1,1,0.57024324
1,1,0.6198292
1,0,0.4905769
1,1,0.5707814
1,1,0.57695675
1,1,0.60791045
1,1,0.5784092
1,1,0.57068557
1,1,0.6125815
1,1,0.5772408
1,1,0.55738294
1,1,0.6066446
1,1,0.52344584
1,1,0.5476423
1,1,0.5908365
1,1,0.5559375
1,1,0.57367045
1,1,0.6128144
1,0,0.47117996
1,1,0.5316149
1,1,0.54240346
1,1,0.52578205
1,1,0.58769596
1,1,0.57752746
1,1,0.59040314
1,1,0.58871996
1,1,0.5199383
1,1,0.5491644
1,1,0.5233464
1,1,0.5800038
1,1,0.5557047
1,1,0.58597815
1,1,0.5733898
1,1,0.52094275
1,1,0.52834916
1,1,0.5829627
1,1,0.5367411
1,1,0.5476763
1,1,0.593992
1,1,0.5801416
1,1,0.5973135
1,1,0.59151465
1,1,0.5574296
1,1,0.56480134
1,1,0.5815977
1,1,0.60699075
1,1,0.58901155
1,1,0.5672093
1,1,0.60910434
1,1,0.5698273
1,1,0.6053023
1,1,0.5111466
1,1,0.5133492
1,1,0.50926393
1,1,0.5997949
1,1,0.5232854
1,1,0.599592
1,1,0.54429245
1,1,0.555541
1,1,0.5335067
1,1,0.5892419
1,0,0.49162126
1,1,0.57320654
1,1,0.5376164
1,1,0.56082433
1,1,0.61787707
1,1,0.59183675
1,1,0.53275007
1,1,0.55640125
1,1,0.5808222
1,1,0.53865296
1,1,0.6098471
1,1,0.61563015
1,1,0.575462
1,0,0.49857938
1,1,0.5915891
1,1,0.6073715
1,1,0.5037395
1,1,0.6279703
1,1,0.56025183
1,1,0.6134358
1,0,0.471694
1,1,0.5155282
1,1,0.55312824
1,1,0.5403649
1,1,0.5540026
1,1,0.5823558
1,1,0.5684904
1,1,0.52593493
1,1,0.5597626
1,1,0.6284219
1,1,0.58994836
1,1,0.6270805
1,1,0.554188
1,1,0.6270587
1,1,0.57286894
1,1,0.56258786
1,1,0.5517826
1,1,0.6439057
1,1,0.56849843
1,1,0.60649997
1,1,0.60599154
1,1,0.61823064
1,1,0.58796036
1,1,0.5400902
1,1,0.5894869
1,1,0.5434909
1,1,0.53918946
1,1,0.52893734
1,1,0.5391661
1,1,0.5516604
1,1,0.5368873
1,1,0.629059
1,1,0.60500604
1,1,0.56687474
1,1,0.60852325
1,1,0.5356982
1,1,0.5244738
1,0,0.49996364
1,1,0.5404769
1,1,0.57603794
1,1,0.5677436
1,1,0.60072154
1,1,0.52879447
1,0,0.47674704
1,1,0.6337241
1,1,0.5424104
1,1,0.5280751
1,1,0.53414935
1,1,0.55354106
1,1,0.6130694
1,1,0.64820784
1,1,0.5983186
1,1,0.55284196
1,1,0.65512335
1,1,0.6138588
1,1,0.5543284
1,1,0.5905292
1,0,0.49628195
1,0,0.47634315
1,1,0.53495854
1,1,0.5303043
1,1,0.51575166
1,1,0.6032921
1,1,0.60925716
1,1,0.5786142
1,1,0.5610843
1,1,0.55911046
1,1,0.60061294
1,1,0.5561471
1,1,0.5085822
1,1,0.5978863
1,1,0.5471012
1,0,0.45864326
1,1,0.61682093
1,1,0.56985456
1,1,0.5579063
1,1,0.56620395
1,1,0.5983107
1,1,0.54806966
1,1,0.504418
1,1,0.6831655
1,1,0.5501622
1,1,0.60122263
1,1,0.53122
1,1,0.63063776
1,1,0.5827361
1,1,0.5691749
1,1,0.5636901
1,1,0.5255036
1,1,0.5812077
1,1,0.5466556
1,1,0.56932575
1,1,0.5459461
1,1,0.5849557
1,1,0.5626908
1,1,0.56197745
1,1,0.53522587
1,1,0.57680416
1,1,0.5431999
1,1,0.53480524
1,1,0.57849795
1,1,0.5119997
1,1,0.5566369
1,0,0.4842775
1,1,0.5287694
1,0,0.48182628
1,1,0.6048235
1,1,0.52014416
1,1,0.5719028
1,1,0.6186396
1,1,0.50458306
1,1,0.5987792
1,1,0.52011997
1,1,0.5609082
1,1,0.5953772
1,1,0.6414629
1,1,0.64179015
1,1,0.5761366
1,1,0.54076517
1,1,0.55097425
1,1,0.61781764
1,1,0.58660626
1,1,0.54536533
1,1,0.57455564
1,1,0.6332204
1,1,0.6585774
1,1,0.5655789
1,1,0.5468418
1,1,0.57111126
1,1,0.5701133
1,1,0.6519721
1,1,0.5240748
1,1,0.5267333
1,1,0.59187067
1,1,0.56811595
1,1,0.5359219
1,1,0.50618625
1,1,0.5698033
1,1,0.63503706
1,1,0.5542974
1,1,0.5363711
1,1,0.56233674
1,1,0.5119977
1,1,0.6182658
1,1,0.59797513
1,1,0.55028033
1,1,0.5698451
1,1,0.59027904
1,1,0.5541774
1,1,0.6038995
1,1,0.5542032
1,1,0.55636597
1,1,0.59650135
1,1,0.5029116
1,1,0.5312349
1,1,0.5536468
1,1,0.5338759
1,1,0.64375865
1,1,0.613708
1,0,0.49377596
1,1,0.5208652
1,1,0.5913459
1,1,0.58207905
1,1,0.5929424
1,0,0.49283016
1,1,0.56334364
1,1,0.5750088
1,1,0.5924051
1,1,0.5388363
1,1,0.6017764
1,1,0.5164237
1,1,0.51393986
1,1,0.54597723
1,1,0.5774463
1,1,0.53603226
1,1,0.64960605
1,1,0.5081067
1,1,0.5506756
1,1,0.5443849
1,1,0.5173568
1,1,0.6127211
1,1,0.6471093
1,1,0.52450305
1,1,0.59098333
1,1,0.6085695
1,1,0.53731966
1,1,0.5159819
1,1,0.5481414
1,0,0.47989184
1,1,0.52838266
1,1,0.503323
1,1,0.5604255
1,0,0.47520697
1,1,0.6244917
1,1,0.55994606
1,1,0.63262224
1,1,0.5217577
1,1,0.56447554
1,1,0.53481764
1,1,0.5364466
1,1,0.5689142
1,1,0.59620327
1,1,0.6029891
1,1,0.5683859
1,1,0.57765913
1,1,0.58456564
1,0,0.49332792
1,1,0.61552805
1,1,0.52858055
1,1,0.53907543
1,1,0.53753966
1,1,0.57360154
1,1,0.53760844
1,1,0.5357819
1,1,0.5631757
1,1,0.5842647
1,1,0.5177008
1,1,0.5882408
1,1,0.5709788
1,1,0.5835718
1,1,0.53773564
1,1,0.56743807
1,1,0.53798777
1,1,0.5836477
1,1,0.53003687
1,1,0.5819932
1,1,0.59395033
1,1,0.62982655
1,1,0.5813947
1,0,0.48595536
1,1,0.52545863
1,1,0.5858608
1,1,0.5518542
1,1,0.55470854
1,1,0.5762681
1,0,0.49538875
1,1,0.57583994
1,1,0.54418814
1,1,0.5441102
1,1,0.5699043
1,1,0.5916229
1,1,0.5708372
1,1,0.5393721
1,1,0.5776609
1,1,0.55852675
1,1,0.5896284
1,1,0.5404357
1,1,0.5427854
1,1,0.58394074
1,1,0.5620463
1,1,0.5802856
1,1,0.57242304
1,1,0.57518417
1,1,0.5321204
1,1,0.54204583
1,1,0.5944877
1,1,0.577202
1,1,0.6174337
1,1,0.5662844
1,1,0.5075626
1,1,0.57658195
1,1,0.53528476
1,1,0.53354526
1,1,0.6510627
1,1,0.5598584
1,1,0.6324292
1,1,0.5168858
1,1,0.5458432
1,1,0.6303784
1,1,0.61812705
1,1,0.61286986
1,1,0.6228727
1,1,0.5828899
1,1,0.5459311
1,1,0.6012316
1,1,0.549472
1,1,0.5764045
1,1,0.55889434
1,1,0.5557888
1,1,0.6073856
1,1,0.59359586
1,1,0.5821778
1,1,0.59710467
1,1,0.6008648
1,1,0.5459952
1,1,0.5882141
1,1,0.5426139
1,1,0.6191113
1,1,0.57738763
1,1,0.5263963
1,0,0.49954534
1,1,0.55124235
1,1,0.584468
1,1,0.54505485
1,1,0.5689056
1,1,0.5762109
1,1,0.57058954
1,1,0.5311221
1,1,0.5947622
1,0,0.4359532
1,1,0.58279324
1,1,0.5144982
1,1,0.58217335
1,1,0.5352542
1,0,0.45611212
1,1,0.5271036
1,1,0.6823759
1,1,0.58439267
1,1,0.5858743
1,1,0.54122466
1,1,0.57225627
1,0,0.49767566
1,1,0.50852996
1,0,0.48806527
1,1,0.582341
1,1,0.53547496
1,1,0.52868587
1,1,0.5677398
1,1,0.5448361
1,1,0.60593843
1,1,0.5716307
1,1,0.5956308
1,1,0.56683934
1,1,0.513457
1,1,0.5194599
1,1,0.61248666
1,1,0.5727658
1,1,0.5020134
1,1,0.6434494
1,1,0.60890424
1,1,0.5738557
1,1,0.5672498
1,1,0.57326573
1,1,0.53120536
1,1,0.5481383
1,1,0.62200963
1,1,0.58967423
1,1,0.5352452
1,1,0.5498837
1,1,0.62023455
1,1,0.5510892
1,1,0.5709082
1,1,0.5543176
1,1,0.5974551
1,1,0.5908736
1,1,0.5095924
1,1,0.5675564
1,1,0.6310776
1,1,0.5609806
1,1,0.6297569
1,1,0.6210214
1,1,0.6592595
1,1,0.54532903
1,1,0.5814701
1,1,0.60756105
1,1,0.56082654
1,1,0.5674888
1,1,0.56121033
1,1,0.53406066
1,1,0.62017995
1,1,0.5615838
1,0,0.47917038
1,1,0.5682517
1,1,0.57743543
1,1,0.5386661
1,1,0.59646934
1,1,0.51790357
1,1,0.5298123
1,1,0.61154884
1,1,0.62620306
1,1,0.565706
1,1,0.60012984
1,0,0.461703
1,1,0.5975153
1,1,0.50464404
1,1,0.57487494
1,1,0.545958
1,1,0.56748766
1,1,0.5711836
1,1,0.51620007
1,1,0.5692511
1,1,0.5111858
1,1,0.54641217
1,1,0.5618581
1,1,0.5330032
1,1,0.63418376
1,1,0.547243
1,1,0.53024584
1,1,0.55555993
1,1,0.64725685
1,1,0.5643839
1,1,0.62296927
1,1,0.5845332
1,1,0.56614614
1,1,0.55023223
1,1,0.52044797
1,0,0.48062876
1,1,0.5420836
1,1,0.5693709
1,1,0.5263989
1,1,0.5362398
1,1,0.5778837
1,1,0.59029937
1,1,0.57451594
1,1,0.63131255
1,1,0.5384463
1,1,0.5345397
1,1,0.5340782
1,1,0.57434356
1,1,0.5376584
1,1,0.5725202
1,1,0.52955484
1,1,0.5472481
1,1,0.5678244
1,1,0.5128048
1,1,0.55608374
1,0,0.484553
1,1,0.65149385
1,1,0.5905499
1,1,0.58155775
1,1,0.5519572
1,1,0.6091522
1,1,0.60356367
1,1,0.5792959
1,1,0.56966144
1,1,0.54677397
1,1,0.5379383
1,0,0.4888937
1,1,0.5223338
1,1,0.609974
1,1,0.5222225
1,1,0.58632475
1,1,0.5645911
1,1,0.59228724
1,1,0.5611956
1,1,0.5192281
1,1,0.5748381
1,1,0.58001465
1,1,0.53906035
1,1,0.5350166
1,1,0.56055623
1,1,0.5740184
1,1,0.55741787
1,0,0.48292544
1,1,0.50197065
1,1,0.5585142
1,1,0.60323626
1,1,0.5558967
1,1,0.57035005
1,1,0.5156581
1,1,0.6124207
1,1,0.5704949
1,0,0.4911596
1,1,0.5898201
1,1,0.53036314
1,1,0.60209507
1,1,0.53342396
1,1,0.6565545
1,1,0.57159513
1,1,0.63216317
1,1,0.5841305
1,1,0.5630325
1,1,0.617913
1,1,0.5979764
1,0,0.48854706
1,1,0.5431529
1,1,0.54490954
1,1,0.57958436
1,1,0.608379
1,1,0.59102017
1,1,0.5411426
1,1,0.63288164
1,1,0.552416
1,1,0.61144537
1,1,0.5784861
1,1,0.56429625
1,1,0.5336753
1,1,0.5486606
1,1,0.5823669
1,1,0.61114174
1,1,0.5815207
1,1,0.5149061
1,1,0.6250957
1,1,0.53679585
1,1,0.5683033
1,1,0.58187294
1,1,0.61971855
1,1,0.5601543
1,1,0.5881622
1,1,0.5831106
1,1,0.54128116
1,1,0.5737848
1,1,0.5234406
1,1,0.5970151
1,1,0.50702286
1,1,0.5279778
1,1,0.54023653
1,1,0.5763843
1,1,0.6025641
1,1,0.61321294
1,1,0.5740234
1,1,0.54963785
1,1,0.55438393
1,1,0.61854774
1,1,0.5656705
1,1,0.5860779
1,0,0.49869308
1,1,0.5620819
1,1,0.50454783
1,1,0.52685523
1,1,0.5183356
1,1,0.53763705
1,1,0.55454296
1,1,0.571467
1,1,0.6155133
1,1,0.59963936
1,1,0.5238112
1,1,0.5610017
1,1,0.5211448
1,1,0.5783428
1,1,0.5326791
1,1,0.5626958
1,1,0.55597454
1,1,0.5455779
1,1,0.59701747
1,1,0.61273444
1,1,0.553179
1,1,0.5818985
1,1,0.58353645
1,1,0.5719076
1,1,0.57482743
1,1,0.5623893
1,0,0.49748322
1,0,0.48709556
1,1,0.5232496
1,1,0.5528284
1,1,0.5584379
1,1,0.60804605
1,1,0.5482304
1,1,0.5702748
1,1,0.60669744
1,1,0.5712374
1,1,0.57062364
1,1,0.5654824
1,1,0.5851815
1,1,0.5334509
1,1,0.53644407
1,1,0.57647836
1,1,0.6143102
1,1,0.5784296
1,1,0.5612423
1,1,0.58430916
1,1,0.5413603
1,1,0.5467154
1,1,0.55215925
1,1,0.53220683
1,1,0.5145206
1,1,0.5967753
1,1,0.60845333
1,1,0.5709644
1,0,0.49775836
1,1,0.6110773
1,1,0.62302095
1,1,0.6224861
1,1,0.5828655
1,1,0.6216695
1,1,0.5932371
1,1,0.56456226
1,1,0.55697864
1,1,0.5997607
1,0,0.46973088
1,1,0.58755136
1,1,0.5490947
1,1,0.55357254
1,1,0.5870775
1,1,0.5663743
1,1,0.5228119
1,1,0.50181335
1,1,0.6036495
1,1,0.5419709
1,1,0.51417446
1,1,0.50237304
1,1,0.59164405
1,1,0.6361696
1,1,0.5966242
1,1,0.55346537
1,1,0.60333675
1,1,0.5728495
1,1,0.50893426
1,1,0.56663257
1,0,0.47617158
1,1,0.56839806
1,1,0.5432908
1,1,0.61398345
1,1,0.5738719
1,1,0.5860913
1,1,0.6139098
1,1,0.59150285
1,1,0.5696417
1,1,0.5749811
1,1,0.5416875
1,1,0.5392009
1,1,0.50248283
1,1,0.51688796
1,1,0.5303461
1,0,0.4987401
1,1,0.5735754
1,1,0.5735667
1,1,0.6003897
1,0,0.49521726
1,1,0.6497783
1,1,0.62012416
1,1,0.5555261
1,1,0.6467859
1,1,0.60714275
1,1,0.59026533
1,1,0.61325777
1,1,0.5619743
1,1,0.5665402
1,1,0.5969471
1,0,0.48598057
1,1,0.5323142
1,1,0.57440686
1,1,0.53900594
1,1,0.6409868
1,1,0.59104544
1,1,0.6243113
1,1,0.60495186
1,1,0.6021649
1,1,0.5651237
1,1,0.57552534
1,1,0.6267504
1,1,0.5415142
1,1,0.63157153
1,0,0.4841004
1,1,0.52448994
1,1,0.5934963
1,1,0.6314731
1,1,0.5876117
1,1,0.5459877
1,1,0.53037935
1,0,0.49007398
1,1,0.5266784
1,1,0.58818114
1,1,0.6042618
1,1,0.54838914
1,1,0.62931556
1,1,0.5721628
1,0,0.4861348
1,1,0.5398497
1,1,0.56762254
1,1,0.5555091
1,1,0.505848
1,1,0.57654804
1,1,0.617379
1,1,0.6218129
1,1,0.56038576
1,1,0.61933225
1,1,0.63514405
1,1,0.5412379
1,1,0.5604537
1,1,0.54379314
1,1,0.55129236
1,1,0.5404765
1,1,0.5228324
1,1,0.57097936
1,1,0.5896507
1,1,0.5801651
1,1,0.59730077
1,0,0.4989421
1,1,0.5529568
1,1,0.62658805
1,1,0.5508011
1,1,0.5967387
1,1,0.56961125
1,1,0.6027416
1,1,0.57550806
1,1,0.5757008
1,1,0.52537215
1,0,0.47926435
1,1,0.6373586
1,1,0.6198519
1,1,0.5295639
1,1,0.61018854
1,1,0.60669404
1,1,0.66764474
1,1,0.6480317
1,1,0.53948826
1,1,0.5812807
1,1,0.67825204
1,1,0.55460405
1,1,0.5586692
1,1,0.60154134
1,1,0.6694669
1,1,0.53378606
1,0,0.46648055
1,1,0.5963207
1,1,0.5804786
1,1,0.6289474
1,1,0.5810012
1,1,0.566717
1,1,0.5402585
1,1,0.57853985
1,1,0.59891254
1,1,0.61186606
1,1,0.51719636
1,1,0.58223504
1,1,0.5959554
1,1,0.584618
1,1,0.5918245
1,1,0.7069783
1,1,0.58807117
1,1,0.6122423
1,1,0.56463903
1,1,0.5940484
1,1,0.54783165
1,1,0.5793748
1,1,0.6443281
1,1,0.57805
1,1,0.5800452
1,1,0.56655616
1,1,0.5935521
1,1,0.66246235
1,1,0.5317995
1,1,0.5780211
1,1,0.59631073
1,1,0.59604913
1,1,0.6380836
1,1,0.61398995
1,1,0.6138577
1,1,0.5970368
1,1,0.57299143
1,1,0.5018791
1,1,0.56774527
1,1,0.5958047
1,1,0.5518893
1,1,0.579271
1,1,0.54728985
1,1,0.5907748
1,1,0.50875163
1,1,0.55735344
1,1,0.59510237
1,0,0.4867144
1,1,0.56281143
1,1,0.5092501
1,1,0.5223209
1,1,0.56781125
1,1,0.59008425
1,1,0.59057164
1,1,0.5415869
1,1,0.66432035
1,1,0.6312233
1,1,0.57191086
1,1,0.5575459
1,1,0.6258506
1,1,0.56896704
1,1,0.6287141
1,1,0.67160904
1,1,0.56883854
1,0,0.4855085
1,1,0.5683479
1,0,0.49283686
1,1,0.55500746
1,1,0.5839792
1,1,0.5716885
1,1,0.62042576
1,1,0.5900021
1,1,0.5883018
1,1,0.6150782
1,1,0.61362463
1,1,0.62800425
1,0,0.47862065
1,0,0.4753041
1,1,0.5823312
1,1,0.57456553
1,1,0.5665975
1,1,0.6333694
1,1,0.6266322
1,1,0.5934049
1,1,0.5885486
1,1,0.6851294
1,1,0.58803415
1,1,0.5394817
1,1,0.5907877
1,1,0.5352468
1,1,0.52181965
1,1,0.60163105
1,1,0.5843612
1,1,0.6006243
1,1,0.5888745
1,1,0.63454
1,1,0.56057715
1,1,0.5696544
1,1,0.5203888
1,1,0.5391838
1,1,0.51003283
1,1,0.6341709
1,1,0.5573679
1,1,0.59311014
1,1,0.5119837
1,1,0.60645664
1,1,0.6313206
1,1,0.5386159
1,1,0.56313366
1,0,0.48638657
1,1,0.57933074
1,1,0.59258395
1,1,0.5595494
1,1,0.5519026
1,1,0.53993356
1,1,0.6082936
1,1,0.5372366
1,1,0.5054919
1,1,0.62386626
1,1,0.5604777
1,1,0.56756395
1,1,0.5944008
1,1,0.6283956
1,1,0.57194024
1,1,0.5327165
1,0,0.4569007
1,1,0.6041741
1,1,0.6387063
1,1,0.58462745
1,1,0.5825035
1,1,0.6086664
1,1,0.5222564
1,1,0.5174985
1,1,0.60941666
1,1,0.569514
1,1,0.5929553
1,1,0.61783403
1,1,0.612966
1,1,0.5107648
1,1,0.51366824
1,1,0.55872124
1,1,0.52281284
1,1,0.6345459
1,1,0.6034462
1,1,0.6107746
1,1,0.6160557
1,1,0.6207915
1,1,0.51444995
1,1,0.50913244
1,1,0.5581024
1,1,0.5382972
1,1,0.6227451
1,1,0.57011664
1,1,0.6324852
1,1,0.5984434
1,1,0.58095914
1,1,0.5753086
1,1,0.64137846
1,1,0.56786275
1,1,0.6154131
1,0,0.48641512
1,1,0.62677926
1,1,0.57547146
1,1,0.56634945
1,1,0.55763733
1,1,0.64436024
1,1,0.64826095
1,1,0.6051313
1,0,0.46184963
1,1,0.572749
1,1,0.5672896
1,1,0.58837366
1,1,0.63008016
1,1,0.639198
1,1,0.536381
1,1,0.56617427
1,1,0.62480223
1,1,0.5699593
1,1,0.56939036
1,1,0.7002356
1,1,0.5090213
1,1,0.5912113
1,1,0.5445899
1,1,0.5468047
1,1,0.5124419
1,1,0.538713
1,1,0.5299009
1,0,0.49565446
1,1,0.61864763
1,1,0.53868645
1,1,0.53725296
1,1,0.5709848
1,1,0.58465713
1,1,0.56225926
1,1,0.61821795
1,1,0.5619357
1,1,0.51906013
1,1,0.5214476
1,1,0.6697898
1,1,0.50453275
1,1,0.6184384
1,0,0.43440107
1,1,0.614801
1,1,0.65998477
1,1,0.6654862
1,1,0.56374246
1,1,0.61596984
1,1,0.6082855
1,1,0.6417944
1,1,0.5761398
1,1,0.64276874
1,1,0.5859219
1,0,0.4972873
1,1,0.54161674
1,1,0.5914176
1,1,0.6317482
1,1,0.58035666
1,1,0.523835
1,1,0.6826984
1,0,0.48351294
1,1,0.6268715
1,1,0.55363476
1,1,0.575332
1,1,0.6370229
1,1,0.5576892
1,1,0.6065763
1,1,0.5944067
1,0,0.49003035
1,1,0.51116204
1,1,0.6217507
1,1,0.521708
1,1,0.5964429
1,1,0.586319
1,1,0.5967708
1,1,0.5882655
1,1,0.56787854
1,1,0.6014963
1,1,0.626234
1,1,0.5971222
1,1,0.57333493
1,1,0.6760939
1,1,0.59068006
1,1,0.5522338
1,1,0.62976533
1,1,0.52038234
1,1,0.5804447
1,1,0.6084844
1,1,0.57046
1,1,0.65799
1,1,0.5873129
1,1,0.63292146
1,1,0.61162835
1,1,0.64174044
1,1,0.6085709
1,1,0.5514068
1,1,0.641531
1,1,0.6849493
1,0,0.4843684
1,1,0.6645497
1,1,0.5647374
1,1,0.5716554
1,1,0.55069256
1,1,0.55055153
1,1,0.63603073
1,1,0.6212175
1,1,0.5877475
1,1,0.63034105
1,1,0.556504
1,1,0.6250522
1,1,0.58009934
1,1,0.55617285
1,1,0.6434384
1,1,0.5447233
1,1,0.6213454
1,1,0.59642774
1,1,0.5915786
1,1,0.5775378
1,1,0.5858398
1,1,0.5597602
1,1,0.6045205
1,1,0.548482
1,1,0.6499718
1,1,0.5434578
1,1,0.65515524
1,1,0.5118161
1,1,0.5873782
1,1,0.70492464
1,1,0.5208633
1,1,0.6375078
1,1,0.64532965
1,1,0.5274187
1,1,0.57631713
1,1,0.61762524
1,1,0.6703093
1,1,0.63597673
1,1,0.6019234
1,1,0.61745965
1,1,0.61076766
1,1,0.57219976
1,1,0.6727871
1,1,0.57771266
1,0,0.49972
1,1,0.60114163
1,1,0.5866594
1,1,0.55489165
1,1,0.59840417
1,1,0.6321821
1,1,0.53732663
1,1,0.60211575
1,1,0.61576134
1,1,0.6542027
1,1,0.56419843
1,1,0.5903572
1,1,0.5210386
1,1,0.5849998
1,0,0.41178402
1,1,0.63567495
1,0,0.49620396
1,1,0.67308
1,1,0.624115
1,1,0.73377496
1,1,0.6464581
1,1,0.60581243
1,1,0.56777394
1,1,0.5536239
1,1,0.5979875
1,1,0.55683744
1,0,0.49974984
1,0,0.46826032
1,1,0.55071664
1,1,0.5619283
1,1,0.59844226
1,1,0.5834174
1,1,0.5699173
1,1,0.65228385
1,1,0.6551047
1,1,0.6521034
1,1,0.54730433
1,1,0.66271967
1,1,0.57651764
1,1,0.64033777
1,1,0.65060854
1,1,0.5156321
1,1,0.56234956
1,1,0.64820766
1,1,0.520276
1,1,0.5651391
1,1,0.61382896
1,1,0.57862556
1,1,0.5436467
1,1,0.6133287
1,1,0.508717
1,1,0.6367005
1,1,0.65251565
1,1,0.6529066
1,1,0.5649759
1,1,0.5324778
1,1,0.61227274
1,1,0.5589427
1,1,0.6355684
1,1,0.6350378
1,1,0.5981137
1,1,0.5419194
1,1,0.5558839
1,1,0.51618963
1,1,0.5724297
1,1,0.58337367
1,1,0.63436955
1,0,0.4996849
1,1,0.5699711
1,1,0.68805397
1,1,0.66164374
1,1,0.6278812
1,1,0.6324261
1,1,0.52111
1,1,0.53790104
1,1,0.6616526
1,1,0.5223344
1,1,0.6199273
1,1,0.6265864
1,1,0.5665831
1,1,0.62795013
1,1,0.5308107
1,1,0.66103387
1,0,0.46352693
1,1,0.5574771
1,1,0.50721043
1,0,0.488946
1,1,0.5280456
1,1,0.6130486
1,1,0.5708195
1,1,0.5179636
1,1,0.648936
1,1,0.5611322
1,1,0.58647746
1,1,0.55399233
1,1,0.6374007
1,1,0.5403224
1,1,0.5943837
1,1,0.6208083
1,1,0.5900908
1,1,0.64304703
1,1,0.646056
1,1,0.5704725
1,1,0.59399587
1,1,0.5068253
1,1,0.5302065
1,1,0.61258113
1,1,0.5873002
1,0,0.48682883
1,1,0.6241639
1,1,0.5360263
1,1,0.62822855
1,1,0.6345881
1,1,0.6418964
1,1,0.60696155
1,1,0.5339723
1,1,0.597968
1,1,0.62301093
1,1,0.6037271
1,1,0.5160611
1,1,0.51435727
1,1,0.6473084
1,1,0.5723422
1,1,0.6291865
1,1,0.5386821
1,1,0.5330095
1,1,0.6455156
1,1,0.5110887
1,1,0.5402577
1,1,0.64255124
1,1,0.61676997
1,1,0.58159256
1,1,0.59697324
1,1,0.6040159
1,1,0.6028918
1,1,0.52534753
1,1,0.56686324
1,1,0.5627119
1,0,0.43445975
1,0,0.4690017
1,1,0.53519577
1,1,0.5900935
1,1,0.56650746
1,1,0.5637279
1,1,0.5472828
1,1,0.5927891
1,1,0.53726006
1,1,0.5611333
1,1,0.55300826
1,1,0.55167997
1,0,0.42083773
1,1,0.53223264
1,1,0.58270854
1,0,0.46618566
1,1,0.54194534
1,1,0.61154914
1,1,0.50697744
1,1,0.6242947
1,1,0.5515211
1,1,0.5635673
1,1,0.6375052
1,1,0.6017256
1,1,0.5436257
1,0,0.49822345
1,1,0.57964784
1,1,0.6577442
1,1,0.5922472
1,1,0.68864626
1,1,0.5968042
1,1,0.6076581
1,1,0.62223953
1,1,0.5349231
1,1,0.60277104
1,1,0.61378074
1,1,0.52609044
1,1,0.5428409
1,1,0.5758483
1,1,0.61964136
1,1,0.6547648
1,1,0.55472976
1,1,0.6419428
1,1,0.6464827
1,1,0.6269187
1,1,0.5640895
1,1,0.58902854
1,1,0.59495085
1,1,0.5577489
1,1,0.6603591
1,0,0.4530282
1,1,0.62333506
1,1,0.57863206
1,1,0.6042442
1,1,0.6091896
1,1,0.66004753
1,1,0.60183144
1,1,0.54420424
1,1,0.5770643
1,1,0.5608761
1,1,0.5993643
1,1,0.57165045
1,1,0.59800804
1,1,0.634395
1,1,0.5271707
1,1,0.5817309
1,1,0.60826
1,0,0.49852931
1,1,0.60742575
1,1,0.57169014
1,1,0.6003981
1,1,0.5470927
1,1,0.5547319
1,1,0.60674596
1,1,0.6793785
1,1,0.55213267
1,1,0.6423381
1,1,0.61654913
1,1,0.57186615
1,1,0.58008003
1,1,0.51693565
1,1,0.6640137
1,1,0.6234638
1,1,0.5607684
1,1,0.56822014
1,1,0.5651046
1,0,0.49062878
1,1,0.6155971
1,1,0.5314389
1,1,0.6528956
1,1,0.5926325
1,1,0.6308401
1,1,0.60314804
1,1,0.6431606
1,1,0.5881734
1,1,0.6188196
1,1,0.56258863
1,1,0.6584575
1,1,0.55297506
1,1,0.60554063
1,1,0.59345704
1,1,0.5371927
1,1,0.5941711
1,1,0.6105783
1,1,0.5894935
1,1,0.5595382
1,1,0.57883114
1,0,0.49119118
1,1,0.53254
1,1,0.53622776
1,1,0.59517264
1,1,0.580356
1,1,0.5821964
1,1,0.611721
1,1,0.59717345
1,1,0.5338732
1,1,0.64100033
1,1,0.5463535
1,1,0.59613204
1,1,0.5762127
1,1,0.58491516
1,1,0.5743023
1,1,0.64874244
1,1,0.56848776
1,1,0.58013284
1,1,0.63606846
1,1,0.5083902
1,1,0.5310547
1,1,0.5858083
1,1,0.54185283
1,1,0.52883285
1,1,0.55973136
1,1,0.64480007
1,1,0.5278217
1,1,0.6028639
1,1,0.59479606
1,1,0.6345337
1,1,0.537046
1,1,0.60370564
1,1,0.56378055
1,1,0.5576525
1,1,0.599066
1,0,0.4748665
1,0,0.4830617
1,1,0.6315205
1,1,0.5666595
1,1,0.60682106
1,1,0.53415495
1,1,0.66400254
1,1,0.6418009
1,1,0.5783971
1,1,0.5514276
1,1,0.63901013
1,1,0.6646088
1,1,0.539978
1,1,0.6483698
1,1,0.6066625
1,0,0.43628824
1,1,0.66293
1,1,0.5514218
1,1,0.5423206
1,1,0.6433338
1,1,0.56550306
1,1,0.5438151
1,1,0.5982342
1,1,0.661551
1,1,0.5902704
1,1,0.52113414
1,1,0.6462912
1,1,0.5570844
1,1,0.5602739
1,1,0.5307946
1,1,0.5616459
1,1,0.5696719
1,1,0.5637138
1,1,0.6060886
1,1,0.5665878
1,1,0.5449254
1,1,0.6524298
1,1,0.57495683
1,1,0.5736322
1,1,0.5788594
1,1,0.59910446
1,1,0.6023222
1,1,0.54644305
1,1,0.5961764
1,1,0.581209
1,1,0.56104064
1,1,0.6080075
1,1,0.61658955
1,1,0.5570188
1,1,0.6578209
1,1,0.5958626
1,1,0.6309401
1,1,0.6124926
1,1,0.561062
1,0,0.4442223
1,0,0.45600718
1,1,0.50978583
1,1,0.6350448
1,1,0.57083803
1,1,0.58383834
1,1,0.5989412
1,0,0.47093448
1,1,0.56806904
1,1,0.53308713
1,1,0.63394135
1,1,0.55653745
1,1,0.6347119
1,1,0.5279379
1,1,0.58553547
1,1,0.5289322
1,1,0.5219519
1,1,0.62237734
1,1,0.5294745
1,1,0.5514945
1,1,0.5722243
1,1,0.6229666
1,1,0.5490933
1,1,0.59068155
1,1,0.5685342
1,1,0.59991485
1,1,0.51651186
1,1,0.57780373
1,1,0.6065429
1,1,0.53528166
1,1,0.55952626
1,1,0.64753884
1,1,0.6415128
1,1,0.6306256
1,1,0.52453816
1,1,0.52002937
1,1,0.52717227
1,1,0.6034625
1,1,0.623684
1,1,0.5973294
1,0,0.49446192
1,1,0.61967045
1,1,0.5470004
1,1,0.5973109
1,1,0.58264256
1,1,0.6285824
1,1,0.61957747
1,1,0.58865756
1,0,0.4658624
1,1,0.5986993
1,1,0.53274256
1,1,0.6351837
1,1,0.65598094
1,1,0.59957445
1,1,0.54333776
1,1,0.6202158
1,1,0.5149448
1,1,0.5663969
1,1,0.60843825
1,1,0.5445705
1,1,0.6377309
1,1,0.65498954
1,1,0.66276705
1,1,0.5688852
1,1,0.54273516
1,1,0.5551162
1,1,0.6140556
1,1,0.5033328
1,1,0.548817
1,1,0.6045315
1,1,0.58694655
1,1,0.63064516
1,1,0.63504124
1,1,0.54111487
1,1,0.5428714
1,1,0.5892033
1,1,0.52325106
1,1,0.58426654
1,1,0.59767616
1,1,0.5804648
1,1,0.63137037
1,1,0.5880498
1,1,0.60540384
1,1,0.54615736
1,1,0.556266
1,1,0.528329
1,0,0.4148484
1,1,0.6147533
1,1,0.5701101
1,1,0.57847124
1,1,0.61220944
1,1,0.5781589
1,1,0.6134596
1,1,0.6259361
1,1,0.5283176
1,1,0.55122954
1,1,0.64626306
1,1,0.56268734
1,1,0.6173875
1,1,0.5413021
1,1,0.597947
1,1,0.57437515
1,1,0.61768526
1,1,0.5025684
1,1,0.53690904
1,1,0.539066
1,1,0.5830342
1,1,0.5750787
1,1,0.6691685
1,1,0.5107095
1,1,0.53876853
1,1,0.6066379
1,1,0.6179751
1,1,0.5312714
1,1,0.6112525
1,0,0.4944335
1,1,0.55020046
1,1,0.60096323
1,1,0.6425873
1,1,0.64392036
1,1,0.566867
1,1,0.6046045
1,1,0.5676464
1,1,0.5227247
1,1,0.61389726
1,0,0.49970555
1,1,0.570254
1,1,0.5777641
1,1,0.6431961
1,1,0.6211689
1,1,0.5697461
1,1,0.67468965
1,1,0.6577884
1,0,0.4507104
1,1,0.56242085
1,0,0.49324745
1,1,0.50656354
1,1,0.6375891
1,1,0.52672786
1,1,0.5661217
1,1,0.60694695
1,1,0.5394851
1,1,0.57307017
1,1,0.629624
1,1,0.53296113
1,1,0.6099767
1,1,0.549606
1,1,0.60516983
1,1,0.53238356
1,1,0.56048715
1,1,0.5847233
1,0,0.4357771
1,0,0.4849642
1,1,0.53453475
1,0,0.4867903
1,1,0.602536
1,1,0.5589326
1,1,0.64387023
1,1,0.59846276
1,1,0.63641775
1,1,0.614539
1,1,0.566801
1,1,0.5043257
1,1,0.60166526
1,1,0.6531804
1,1,0.566097
1,1,0.55477285
1,1,0.63730717
1,1,0.52621245
1,1,0.523129
1,1,0.5161832
1,1,0.5413899
1,1,0.57673144
1,1,0.54064345
1,1,0.5445772
1,1,0.68417567
1,1,0.56021965
1,1,0.5161677
1,1,0.53194535
1,1,0.5895192
1,1,0.54274267
1,0,0.4785727
1,1,0.5958386
1,1,0.55152583
1,1,0.52320987
1,1,0.5574629
1,0,0.46655336
1,1,0.51673377
1,1,0.6426474
1,1,0.5545119
1,1,0.6099508
1,1,0.56868505
1,1,0.59785485
1,1,0.6399582
1,1,0.6067473
1,1,0.5666451
1,1,0.6044498
1,1,0.5554854
1,1,0.663643
1,1,0.5458048
1,1,0.5631927
1,0,0.431472
1,1,0.50533956
1,1,0.5154087
1,1,0.50052035
1,0,0.4959427
1,1,0.6160352
1,1,0.5786531
1,1,0.5341595
1,1,0.61137605
1,1,0.60434043
1,1,0.6248353
1,1,0.63050365
1,1,0.6180733
1,1,0.56482685
1,1,0.6001854
1,0,0.45285302
1,1,0.5896287
1,1,0.5775302
1,1,0.5275575
1,1,0.50803745
1,1,0.5598684
1,1,0.58837193
1,1,0.6013483
1,1,0.5711209
1,1,0.52936983
1,1,0.55068916
1,1,0.622956
1,1,0.63132685
1,1,0.58849615
1,0,0.4085543
1,1,0.52622503
1,1,0.57535696
1,1,0.5160402
1,1,0.5266252
1,1,0.5792824
1,1,0.568423
1,1,0.54345745
1,1,0.63332635
1,0,0.49873567
1,1,0.58748716
1,1,0.5864362
1,1,0.64364576
1,1,0.51800215
1,1,0.6240536
1,1,0.559075
1,1,0.6107596
1,1,0.60094887
1,1,0.56668156
1,1,0.5787648
1,1,0.6245436
1,1,0.6306349
1,0,0.49317566
1,1,0.526838
1,1,0.53958696
1,1,0.67191494
1,1,0.54674983
1,1,0.52548075
1,1,0.58185136
1,0,0.48550895
1,1,0.5578009
1,1,0.5540832
1,1,0.6368493
1,1,0.53332376
1,1,0.5959926
1,1,0.6362003
1,1,0.5546102
1,1,0.57443225
1,1,0.52181417
1,1,0.5560511
1,1,0.511901
1,1,0.62099594
1,1,0.5135609
1,1,0.5366304
1,1,0.637345
1,1,0.5138068
1,0,0.42549405
1,1,0.5511516
1,1,0.5668377
1,1,0.5711212
1,1,0.56604254
1,1,0.5434223
1,1,0.5429324
1,1,0.59849393
1,1,0.57265747
1,1,0.51703465
1,1,0.56042504
1,1,0.5389089
1,1,0.582006
1,1,0.63315487
1,1,0.53977907
1,1,0.5340006
1,1,0.60273916
1,1,0.5854865
1,1,0.5008103
1,0,0.47738492
1,1,0.556673
1,1,0.54432595
1,1,0.54453903
1,1,0.6032103
1,1,0.535224
1,1,0.5748572
1,1,0.5404529
1,1,0.54479253
1,1,0.54240197
1,1,0.5572725
1,1,0.61840653
1,1,0.6599621
1,1,0.5459395
1,1,0.5016594
1,1,0.6351143
1,1,0.546272
1,1,0.54102015
1,1,0.61849236
1,1,0.5680618
1,1,0.5347816
1,1,0.635814
1,1,0.6120552
1,1,0.59291536
1,1,0.540997
1,1,0.59968877
1,1,0.5347189
1,0,0.4643743
1,1,0.54185444
1,1,0.5643951
1,1,0.61744386
1,1,0.5659222
1,1,0.54974735
1,1,0.56912893
1,1,0.60226786
1,1,0.6286307
1,1,0.5666252
1,1,0.5376688
1,1,0.66326886
1,1,0.53257525
1,1,0.6018807
1,1,0.55393946
1,1,0.62119144
1,1,0.5948925
1,1,0.59036636
1,1,0.54850554
1,1,0.5974847
1,1,0.5907746
1,1,0.5981923
1,1,0.5144811
1,1,0.56203645
1,1,0.536217
1,1,0.55820864
1,1,0.58165276
1,1,0.56980807
1,1,0.554488
1,1,0.52806157
1,1,0.56720126
1,1,0.52879554
1,1,0.5019397
1,1,0.5566626
1,1,0.5726945
1,1,0.57035804
1,1,0.53649944
1,1,0.6371034
1,1,0.52457094
1,1,0.57780087
1,1,0.5684236
1,1,0.5822042
1,1,0.5793394
1,1,0.5487205
1,1,0.56747365
1,1,0.58176047
1,1,0.59372866
1,1,0.56410617
1,1,0.6002692
1,1,0.6109336
1,1,0.5993094
1,1,0.6071318
1,1,0.62149596
1,1,0.5485065
1,1,0.5569948
1,1,0.58868897
1,1,0.5688004
1,1,0.52040285
1,0,0.4871621
1,1,0.5304483
1,1,0.57115895
1,1,0.5697071
1,1,0.56835556
1,1,0.5256893
1,1,0.57714444
1,1,0.571246
1,1,0.59077144
1,1,0.5615573
1,1,0.5411264
1,1,0.5311188
1,0,0.48528785
1,1,0.5853816
1,1,0.5415606
1,1,0.58635926
1,1,0.55063707
1,1,0.5788221
1,1,0.5823029
1,1,0.55450153
1,1,0.57144564
1,1,0.5623106
1,1,0.5851028
1,1,0.57541186
1,1,0.5698501
1,1,0.51131386
1,1,0.53549427
1,1,0.5435718
1,1,0.5775739
1,1,0.55873835
1,1,0.57369244
1,1,0.61117065
1,1,0.5589501
1,0,0.41326904
1,1,0.5410616
1,1,0.6023657
1,1,0.5899424
1,1,0.53783774
1,0,0.47999293
1,0,0.41326904
1,1,0.530555
1,0,0.41326904
1,0,0.4854264
1,1,0.60097605
1,1,0.59096414
1,0,0.41326904
1,1,0.647948
1,1,0.5231308
1,1,0.5527127
1,0,0.497005
1,0,0.4075084
1,1,0.57626706
1,0,0.4898474
1,0,0.41326904
1,1,0.5541776
1,0,0.4889215
1,1,0.56557596
1,0,0.41326904
1,0,0.47597942
1,1,0.5755244
1,0,0.41326904
1,1,0.6032277
1,1,0.5890417
1,1,0.5476668
1,1,0.54164237
1,0,0.4915996
1,0,0.41326904
1,1,0.6362658
1,0,0.48177952
1,1,0.5361583
1,1,0.5926785
1,1,0.64777577
1,1,0.5775261
1,1,0.5760951
1,1,0.6278433
1,0,0.41326904
1,0,0.41326904
1,0,0.41326904
1,1,0.52760077
1,1,0.55996686
1,1,0.53684235
1,1,0.5388444
1,1,0.57340896
1,1,0.5639285
1,0,0.41326904
1,1,0.6281491
1,1,0.59245634
1,0,0.41326904
1,0,0.41326904
1,0,0.41326904
1,0,0.41326904
1,1,0.65315026
1,1,0.5203023
1,1,0.61866236
1,1,0.6587454
1,0,0.47502366
1,1,0.5927306
1,1,0.5945532
1,0,0.41326904
1,0,0.41326904
1,1,0.5733284
1,1,0.5376091
1,0,0.44012147
1,1,0.62309694
1,0,0.41326904
1,1,0.5622902
1,0,0.41326904
1,0,0.41326904
1,0,0.41326904
1,0,0.41326904
1,1,0.6200637
1,1,0.5688781
1,1,0.50298303
1,1,0.52750665
1,0,0.4972259
1,1,0.5469607
1,0,0.41326904
1,1,0.65252286
1,0,0.41326904
1,1,0.56937903
1,0,0.41326904
1,0,0.49870327
1,1,0.6587172
1,1,0.6866601
1,1,0.63907564
1,1,0.64706415
1,1,0.5785357
1,1,0.6416631
1,1,0.5437904
1,0,0.39942193
1,1,0.557634
1,1,0.65462327
1,0,0.41326904
1,1,0.62608355
1,0,0.41326904
1,0,0.44277698
1,1,0.5196096
1,0,0.41326904
1,1,0.59347105
1,1,0.5385331
1,1,0.54661745
1,1,0.5905645
1,1,0.50759983
1,1,0.5976436
1,1,0.6155592
1,1,0.5496169
1,1,0.5468251
1,0,0.3980908
1,0,0.41326904
1,1,0.500401
1,1,0.54149246
1,1,0.602425
1,1,0.5914628
1,1,0.68044055
1,1,0.60110927
1,1,0.6526337
1,1,0.60640395
1,1,0.64329195
1,1,0.51847816
1,1,0.6224087
1,1,0.5813335
1,0,0.41326904
1,0,0.47734767
1,0,0.41326904
1,1,0.5669469
1,0,0.41326904
1,0,0.41326904
1,0,0.41326904
1,0,0.41326904
1,0,0.41326904
1,1,0.53921527
1,1,0.5327059
1,0,0.3899516
1,0,0.49727455
1,0,0.4708165
1,1,0.62039244
1,0,0.41326904
1,0,0.41326904
1,0,0.41326904
1,0,0.41326904
1,1,0.61641
1,1,0.5209933
1,1,0.6456366
1,1,0.63610363
1,1,0.5708422
1,1,0.52427626
1,1,0.53734
1,0,0.41326904
1,1,0.5804002
1,1,0.5448964
1,0,0.45371974
1,0,0.41326904
1,0,0.41326904
1,0,0.41326904
1,0,0.41326904
1,1,0.5526003
1,1,0.5167354
1,1,0.5895302
1,1,0.5851376
1,1,0.5961059
1,1,0.56698084
