True_Label,Predicted_Label,Prediction_Probability
0,0,7.214233e-05
0,0,0.0022230167
0,0,2.7764037e-05
0,0,0.17489338
0,0,0.00015579775
0,0,0.0031504596
0,0,8.497319e-05
0,0,0.00044674677
0,0,0.0049226885
0,0,0.001565581
0,0,0.0002957512
0,0,0.00017633373
0,0,0.00015183006
0,0,0.005112109
0,0,0.00028471224
0,0,0.00046871236
0,0,4.626493e-05
0,0,3.6197223e-05
0,0,0.00035932395
0,0,0.0004944757
0,0,0.0014035264
0,0,0.0007407851
0,0,0.036254402
0,1,0.8176775
0,0,0.0016190461
0,0,6.0345807e-05
0,0,0.00016129707
0,0,0.0002558449
0,0,1.4959052e-05
0,0,0.46610162
0,0,9.1142276e-05
0,1,0.7696246
0,0,0.0359841
0,0,0.00037975673
0,0,9.7231234e-05
0,0,0.00010798529
0,0,0.000108706634
0,0,0.012093086
0,0,0.00056913
0,0,8.109227e-05
0,0,0.008347071
0,1,0.97112536
0,0,0.0019515946
0,0,0.00013405815
0,0,0.0008649749
0,0,9.4154784e-05
0,0,4.9803035e-05
0,0,8.430354e-05
0,0,0.00014486487
0,0,8.569107e-06
0,0,3.1887706e-05
0,0,1.9160374e-05
0,0,0.0001324315
0,0,0.019867696
0,0,0.0072224136
0,0,2.136552e-05
0,0,0.0005196178
0,0,0.0059908815
0,0,0.00058078265
0,0,0.000120980745
0,0,0.000103022816
0,0,0.0005747029
0,0,0.0007536562
0,0,8.5737396e-05
0,0,1.6550179e-05
0,0,0.00016434882
0,0,0.00016097564
0,0,0.00020415487
0,0,3.604789e-05
0,0,3.975856e-05
0,0,0.00037203621
0,0,0.00017162586
0,0,0.0014567446
0,0,0.00010747882
0,0,0.00040294862
0,0,2.7704686e-05
0,0,0.0029297655
0,0,3.995004e-05
0,0,0.000164701
0,0,3.4411205e-05
0,0,0.00029229073
0,0,8.276349e-05
0,0,0.012166347
0,0,0.00027130332
0,0,0.0030777976
0,0,0.00032379437
0,0,0.03049585
0,0,1.1269844e-05
0,0,0.0025432124
0,0,0.0003833541
0,0,0.0019826547
0,0,4.1505446e-05
0,0,0.00080413267
0,0,0.0012619495
0,0,0.0026560463
0,0,0.0019043955
0,0,0.0052074236
0,0,0.004759148
0,0,3.661439e-05
0,0,0.0011451844
0,0,1.6448157e-05
0,0,0.0001272176
0,0,0.0016102423
0,0,0.0009855443
0,0,0.000499209
0,0,3.2195498e-05
0,0,0.0004951676
0,0,4.6087604e-05
0,0,0.00039789075
0,0,0.000430144
0,0,2.9903866e-05
0,0,0.0038883754
0,0,0.00017229699
0,0,0.0012549781
0,0,2.0718755e-05
0,0,2.27536e-05
0,0,4.3372278e-05
0,0,0.0051388796
0,0,3.352123e-05
0,0,8.325776e-05
0,0,0.00032766018
0,0,4.141715e-05
0,0,6.030658e-05
0,0,2.248989e-05
0,0,8.227351e-06
0,0,1.3351107e-05
0,0,2.7972397e-05
0,0,5.6323694e-05
0,0,0.00012542623
0,0,0.00015985628
0,1,0.7439642
0,0,2.330404e-05
0,1,0.94899714
0,0,0.0013128163
0,0,0.00046845243
0,0,6.181538e-05
0,0,0.00045721288
0,0,5.6801215e-05
0,0,0.0002572376
0,0,0.009336204
0,0,0.0016018014
0,0,9.877543e-05
0,0,9.356647e-05
0,0,0.00044087492
0,0,0.000115075396
0,0,0.00014313479
0,0,0.00049845746
0,0,4.9030055e-05
0,0,0.00014582099
0,0,7.1334405e-05
0,0,6.548493e-05
0,0,0.108120926
0,0,0.0006548146
0,0,0.001655315
0,1,0.7219619
0,0,0.0035673194
0,0,0.001230541
0,0,0.0002215826
0,0,1.4207098e-05
0,0,0.016196808
0,0,0.00083194626
0,0,1.16717565e-05
0,0,0.00022402429
0,0,0.0006256624
0,0,0.00025542715
0,0,0.0004992078
0,0,0.00010255175
0,1,0.96750045
0,0,0.00059599924
0,0,0.09287807
0,0,0.00013521925
0,0,0.029965084
0,0,0.0002364341
0,0,5.487561e-05
0,0,0.0003947929
0,0,0.0028303673
0,0,0.002242962
0,0,0.0002656841
0,0,0.008910306
0,0,0.34765014
0,0,0.00016922913
0,0,0.00023434508
0,0,0.008677701
0,0,0.01954051
0,0,0.0069955126
0,0,0.044732578
0,0,8.030182e-05
0,0,0.0023951614
0,0,0.022421934
0,0,0.13835078
0,0,0.00014429605
0,0,0.0002783344
0,0,0.0016954303
0,0,0.00035775098
0,0,1.4375607e-05
0,0,2.5677273e-05
0,0,0.032921944
0,0,0.0002758729
0,0,0.0014833502
0,0,0.00017110414
0,0,0.00046553867
0,0,6.0973896e-05
0,0,0.0012145905
0,0,0.017802821
0,0,9.084812e-05
0,0,0.00021200094
0,0,0.0003402063
0,0,0.00022218129
0,0,0.00035242215
0,0,0.00014155287
0,0,0.007650025
0,0,0.00095614995
0,0,0.018379597
0,0,0.00039326167
0,0,0.30265844
0,0,0.00022874122
0,0,0.000117976335
0,0,0.009596582
0,0,0.0014269495
0,0,0.00092681433
0,0,0.00038607832
0,0,0.00046888797
0,0,3.344795e-05
0,0,8.54131e-05
0,0,0.0003000128
0,0,0.0009713874
0,0,0.00022651254
0,0,0.0004260078
0,0,0.00072110596
0,0,0.00045387138
0,0,8.883543e-05
0,0,4.5315686e-05
0,0,0.000120092605
0,0,9.009978e-05
0,0,4.180301e-05
0,0,4.7131605e-05
0,0,9.68607e-05
0,0,5.735083e-05
0,0,0.00033339032
0,0,0.0001332574
0,0,1.864899e-05
0,0,0.000105627
0,0,0.00016510006
0,0,0.007068268
0,0,8.796456e-05
0,0,0.0009864997
0,0,2.5924626e-05
0,0,0.0001805456
0,0,0.00018259785
0,0,0.001543146
0,0,1.3623678e-05
0,0,0.08985133
0,0,0.00044662348
0,0,0.000119162134
0,0,0.20768002
0,0,0.0015263509
0,0,1.8808503e-05
0,0,0.03550824
0,0,0.000108384105
0,0,0.0060292426
0,1,0.88379365
0,0,9.849215e-05
0,0,0.00043122208
0,0,0.00022848534
0,1,0.9652606
0,0,0.000254264
0,0,0.007230484
0,0,9.975076e-05
0,0,2.0118276e-05
0,0,0.017894931
0,0,2.8148825e-05
0,0,0.0006773637
0,0,0.0006189018
0,0,0.0020191025
0,0,0.0019716816
0,0,0.00011231043
0,0,0.012089093
0,0,0.00038992267
0,0,0.49951518
0,0,9.9762176e-05
0,0,0.0023094588
0,0,0.005357644
0,0,6.488854e-05
0,0,0.0003017405
0,0,0.00010385877
0,0,9.2365095e-05
0,0,4.0850104e-05
0,0,0.0013394335
0,0,9.960267e-05
0,0,0.0003221759
0,0,0.22490789
0,0,0.048629936
0,0,9.431914e-05
0,0,7.489949e-05
0,0,6.445204e-05
0,0,0.0003174431
0,0,0.000430144
0,0,0.0053483625
0,0,2.4046338e-05
0,0,7.0600545e-05
0,0,3.6445363e-05
0,0,0.0004327967
0,0,0.00020777945
0,0,0.00015465214
0,0,0.0001230814
0,0,0.0005186647
0,0,5.0036346e-05
0,0,0.00035028628
0,1,0.8361932
0,0,0.0460485
0,0,0.00027696582
0,0,4.313691e-05
0,1,0.8191632
0,0,0.007564905
0,0,6.6807246e-05
0,0,0.18560606
0,0,4.3089054e-05
0,0,0.00011792594
0,0,6.122771e-05
0,0,8.6400476e-05
0,0,7.509996e-05
0,0,0.3089252
0,0,4.7365498e-05
0,0,0.0004885626
0,0,0.00025042088
0,0,0.42753375
0,0,0.03670117
0,0,0.0073191295
0,0,3.187688e-05
0,0,0.00010242831
0,0,7.942723e-05
0,0,0.0003290774
0,0,0.00013773394
0,0,0.00022047978
0,0,0.11605696
0,0,0.00018354955
0,0,0.000533974
0,0,0.026003342
0,0,0.00015060388
0,0,7.494422e-05
0,0,0.00026686816
0,0,0.0004901953
0,0,4.9566035e-05
0,0,0.0002350159
0,0,6.575112e-05
0,0,0.0013979079
0,0,0.0016644241
0,0,0.0009926108
0,0,2.5148987e-05
0,0,5.6495886e-05
0,0,0.045419104
0,0,0.00033075066
0,0,0.07897388
0,0,7.6219774e-05
0,0,0.00087068306
0,0,0.02046862
0,0,8.9974514e-05
0,0,6.221213e-05
0,0,0.0001333259
0,0,0.015576399
0,0,0.0016193305
0,0,0.0004743745
0,0,0.00033334456
0,0,0.00011101801
0,0,8.917765e-05
0,0,0.00020080685
0,0,0.0054029417
0,0,0.00018172868
0,1,0.5542905
0,0,5.68437e-05
0,0,6.1617335e-05
0,0,0.00027204384
0,0,5.5279095e-05
0,0,0.00047616445
0,0,0.0013745014
0,0,0.01419884
0,0,2.3668239e-05
0,0,0.008213538
0,0,0.0011881737
0,0,0.00059682183
0,0,2.6306514e-05
0,0,1.3885542e-05
0,0,0.00026922184
0,0,0.04191281
0,0,0.0005510739
0,0,0.0007139576
0,0,2.024899e-05
0,0,3.4932993e-05
0,0,6.44735e-05
0,0,8.72631e-05
0,0,0.00030615405
0,0,0.0010052545
0,0,9.775035e-05
0,0,0.0014376361
0,0,3.8255628e-05
0,0,0.00016742955
0,0,0.00026524445
0,0,5.7628233e-05
0,0,7.9896694e-05
0,0,0.00039655858
0,0,0.0018826895
0,0,0.1286675
0,0,0.00013896463
0,0,0.0004524901
0,0,0.031126166
0,0,6.913041e-05
0,0,4.8263093e-05
0,0,0.00023985421
0,0,5.501992e-05
0,0,0.00039206925
0,0,0.00042858333
0,0,0.0043625585
0,0,0.000121454774
0,0,0.11823724
0,0,0.00023381125
0,0,0.0013512919
0,0,0.00054929644
0,0,0.00049360876
0,0,0.00029213776
0,0,9.2453745e-05
0,0,0.00024534515
0,0,0.0008749398
0,0,0.0009776084
0,0,9.386898e-05
0,0,0.0038397647
0,0,0.012894587
0,0,3.9582606e-05
0,0,7.849446e-05
0,0,0.00019971846
0,0,0.034515083
0,0,0.00025265964
0,0,0.00011654745
0,0,5.0486888e-05
0,1,0.8914344
0,0,0.06885522
0,0,0.0010237489
0,0,0.00013330023
0,0,0.00013335845
0,0,0.00037476828
0,0,0.0002906235
0,0,5.9673806e-05
0,0,6.2931314e-05
0,0,2.7986058e-05
0,0,0.0031686318
0,0,0.00017073678
0,0,2.0329868e-05
0,0,0.00022123638
0,1,0.9710605
0,0,0.002318243
0,0,7.581065e-05
0,0,0.0009294275
0,0,6.492667e-05
0,0,0.00047848947
0,0,0.00058321346
0,0,0.00016685313
0,0,0.0001919202
0,0,0.0005636504
0,0,4.4184475e-05
0,0,1.1952108e-05
0,0,0.0015425171
0,0,0.001211498
0,0,0.00017104002
0,0,6.1318504e-05
0,0,0.00049577834
0,0,0.0024885957
0,0,0.0047033746
0,0,0.020256475
0,0,0.00025094932
0,1,0.63797224
0,0,0.0002078508
0,0,0.23190142
0,0,0.00017004987
0,0,1.4233109e-05
0,0,0.0019025111
0,0,0.0009079567
0,0,0.0049324706
0,0,0.000102304926
0,0,1.6714503e-05
0,0,8.521768e-05
0,0,0.08380882
0,0,0.00032351297
0,0,0.0008405701
0,0,0.00018537186
0,0,0.0005729647
0,0,0.033051826
0,0,0.02453674
0,0,3.2403317e-05
0,0,2.3418885e-05
0,0,3.1584423e-05
0,0,0.0029910181
0,0,0.0004918538
0,0,9.18271e-05
0,0,0.00010412959
0,0,0.0012572057
0,0,0.00029379324
0,0,0.00406825
0,0,0.016843129
0,0,0.027340664
0,1,0.79838854
0,0,2.5339366e-05
0,0,0.104979195
0,0,0.0002217783
0,0,2.9392406e-05
0,0,0.000116968964
0,0,0.00023664182
0,0,5.337698e-06
0,0,0.0064386027
0,0,0.0019367463
0,0,0.00066441373
0,0,0.0467472
0,0,4.664605e-05
0,0,0.00040888166
0,0,5.0275445e-05
0,0,0.018326038
0,0,0.00021940585
0,0,0.0015056016
0,0,0.4486498
0,0,0.00065976643
0,0,4.42039e-05
0,0,0.000114059505
0,0,0.00062733184
0,0,0.00018285954
0,0,0.0024237242
0,0,0.00013902731
0,0,7.045789e-05
0,0,0.001985405
0,0,0.005248153
0,0,0.0024541963
0,0,0.00035346692
0,0,0.0026031754
0,1,0.69704175
0,1,0.6407625
0,0,0.0005501605
0,0,0.0027785643
0,0,0.013796727
0,0,6.096145e-05
0,0,0.0038112665
0,1,0.5442903
0,0,0.01489352
0,0,8.440312e-05
0,0,0.0011399298
0,0,0.002809011
0,0,0.0001578585
0,0,0.00024772435
0,0,0.00080411125
0,0,0.0020431108
0,0,0.012329525
0,0,0.00020529346
0,0,0.0003065469
0,0,0.0013644607
0,0,0.00012963045
0,0,0.0029709365
0,0,0.00070651266
0,0,0.0005981361
0,0,3.9422885e-05
0,0,1.5885196e-05
0,0,0.00010370122
0,0,0.00016561344
0,0,0.028367162
0,0,2.4190665e-05
0,0,0.00011423562
0,0,3.1043895e-05
0,0,0.01837149
0,0,0.16615291
0,0,0.000101122896
0,0,0.017603582
0,0,0.0011419556
0,0,0.0016472215
0,0,0.005816206
0,1,0.9655613
0,0,0.003356859
0,0,6.634581e-05
0,0,8.215487e-05
0,1,0.8893033
0,0,0.00014563688
0,0,0.00035934517
0,0,7.571543e-05
0,0,0.00023445593
0,0,0.02625112
0,0,0.00074494345
0,0,0.0001341904
0,0,0.22173859
0,0,0.0001911455
0,1,0.514937
0,0,0.0044154804
0,0,0.006805233
0,0,0.017295111
0,0,0.00028045685
0,0,0.0013816956
0,0,5.6072025e-05
0,0,3.1009335e-05
0,0,0.00017289734
0,0,3.1161057e-05
0,0,0.001048202
0,0,0.00019526132
0,0,0.0004863085
0,0,0.002242966
0,0,7.893748e-05
0,0,0.0016985267
0,0,0.00026254277
0,0,0.010012678
0,0,0.00017190151
0,0,0.00037599698
0,0,0.0005868954
0,0,1.2944612e-05
0,0,0.009561323
0,0,0.00055713294
0,0,0.002748933
0,0,0.00013477051
0,0,0.0002671148
0,0,0.00026631483
0,0,0.00020454494
0,0,0.0058184867
0,0,5.3285487e-05
0,0,1.783687e-05
0,0,0.0011279474
0,0,0.000542575
0,0,0.00044368874
0,0,0.00025397787
0,0,0.00033339605
0,0,0.00046338103
0,0,0.00036316
0,0,0.0007976449
0,0,0.0015475397
0,0,0.07122919
0,0,0.00031662732
0,0,0.0049759313
0,0,0.017886108
0,0,0.0001115305
0,0,0.006962664
0,0,0.0010427138
0,0,0.0018076428
0,1,0.94096035
0,0,0.00020478769
0,0,0.045112345
0,0,0.07384986
0,0,0.042524766
0,0,0.00031181393
0,0,0.010625999
0,0,7.426183e-05
0,0,0.00017625204
0,0,0.10968496
0,0,0.017302219
0,0,0.00027488757
0,0,0.0018464925
0,0,0.016874505
0,0,0.018043773
0,0,3.7196496e-05
0,0,0.002699304
0,0,2.5612391e-05
0,0,0.0007728099
0,0,7.828209e-05
0,0,0.017561328
0,0,0.00013672558
0,0,0.0024521402
0,0,0.0010718248
0,0,0.00020079652
0,0,0.0006356263
0,0,0.009355904
0,0,0.001956026
0,0,0.00020515981
0,0,0.0035347722
0,0,6.111349e-05
0,0,0.0126889
0,0,0.0006432281
0,0,0.0062802946
0,0,0.007239546
0,0,0.0045141275
0,0,0.00011953006
0,0,3.2707412e-05
0,0,0.0028671992
0,0,0.00047898394
0,0,6.891431e-05
0,0,0.0005162073
0,0,0.001962869
0,0,0.00016767655
0,0,4.2962023e-05
0,0,0.00013863758
0,0,0.02487445
0,0,8.2259845e-05
0,0,0.00048392636
0,0,0.0010137444
0,0,3.6221638e-05
0,0,0.0005753573
0,0,0.0009246261
0,1,0.9318499
0,0,3.8313272e-05
0,0,0.00012564157
0,0,4.8737398e-05
0,0,0.022620475
0,0,0.13872348
0,0,0.06005747
0,0,0.00025950192
0,1,0.53693783
0,0,0.00092162413
0,0,0.000117954165
0,1,0.5553608
0,0,0.00048592786
0,0,7.011044e-05
0,0,0.00019436785
0,0,0.0065970835
0,0,0.0015331797
0,0,0.00015945939
0,0,0.00051309256
0,0,0.01175696
0,0,0.004033989
0,0,0.009340157
0,0,0.0011031879
0,0,0.00030017874
0,0,0.0001397409
0,0,4.9234855e-05
0,0,6.697053e-05
0,0,4.3034976e-05
0,0,0.00011625941
0,0,9.6544405e-05
0,0,0.0046385247
0,0,0.00015407956
0,0,1.9090174e-05
0,0,5.0615363e-05
0,0,0.00040937308
0,0,7.8326375e-05
0,0,0.12877254
0,0,0.00028431375
0,0,0.0037913963
0,0,0.0003326493
0,0,1.64775e-05
0,0,0.00010390592
0,0,0.00030877432
0,0,0.00097049697
0,0,0.27990878
0,0,0.0001623627
0,0,5.483842e-05
0,0,8.682508e-05
0,0,0.0019243987
0,0,0.4246354
0,0,7.6602606e-05
0,0,0.000121141085
0,0,4.51491e-05
0,0,0.0019851564
0,0,9.3074545e-05
0,0,0.0017903894
0,0,0.113763474
0,0,0.00024305366
0,0,0.00016247328
0,0,0.00054709666
0,0,0.015367087
0,0,1.9039084e-05
0,0,0.032931644
0,0,0.0004644605
0,0,5.3190295e-05
0,0,0.00018255241
0,0,0.0051468574
0,0,0.004640566
0,0,0.009258618
0,0,0.0015415826
0,0,0.0003025113
0,0,2.7608421e-05
0,0,0.00023146607
0,0,0.00015094777
0,0,0.0002639621
0,0,0.000147874
0,0,0.0007992961
0,0,0.01253152
0,0,5.2902313e-05
0,0,9.811868e-05
0,0,0.00011734422
0,0,0.00019358641
0,0,5.901818e-05
0,0,0.00021667748
0,0,6.11613e-05
0,0,0.0011981889
0,0,0.0017018102
0,0,0.00018506403
0,0,0.004647165
0,0,2.9366238e-05
0,0,0.00019894568
0,0,8.929559e-05
0,0,0.00015323913
0,0,0.0004446922
0,0,0.0001995095
0,0,0.0865892
0,1,0.92722005
0,0,9.399001e-06
0,0,1.2992772e-05
0,0,0.00011007614
0,0,0.00084131135
0,0,0.0005645676
0,0,0.0001994471
0,0,0.0017817112
0,0,0.0011896199
0,0,0.000109897206
0,0,0.00017572279
0,0,0.0003278086
0,0,0.0013816956
0,0,7.230797e-05
0,0,0.0002456593
0,0,2.872015e-05
0,0,0.00022796873
0,0,7.527957e-05
0,0,0.00015416039
0,0,0.0008691164
0,1,0.5104435
0,0,0.0018158201
0,0,0.011724976
0,0,0.0013186868
0,0,0.00017382368
0,0,0.00017794319
0,0,0.0012103624
0,0,6.3982894e-05
0,0,0.00012549071
0,0,0.000694934
0,0,7.3848437e-06
0,0,1.5073344e-05
0,0,0.00459447
0,0,7.677805e-05
0,0,0.00019466813
0,0,0.0007688415
0,0,5.6227258e-05
0,0,0.007336681
0,0,0.35936886
0,0,0.35777685
0,1,0.80422294
0,0,0.00046414093
0,0,0.0033356543
0,0,8.47614e-05
0,0,8.1360355e-05
0,0,1.9205432e-05
0,0,5.704081e-05
0,0,0.0020431108
0,0,7.617981e-05
0,0,0.00020537316
0,0,0.0014133857
0,0,9.089968e-05
0,0,0.0015410447
0,0,0.00022311026
0,0,0.0005145864
0,0,0.00016459599
0,0,0.0032016449
0,0,0.0006766011
0,0,3.0093366e-05
0,0,0.0014350939
0,0,0.005636737
0,0,0.0001628241
0,0,5.517892e-05
0,0,0.00016789285
0,0,6.1288345e-05
0,0,0.0034508135
0,0,3.4727753e-05
0,1,0.81682736
0,0,0.00039873386
0,0,0.000105827225
0,0,0.47321892
0,0,0.0012111899
0,0,6.5420885e-05
0,0,0.0012096438
0,0,0.00011871822
0,0,0.00012427251
0,0,0.00012077672
0,0,0.00040092037
0,0,0.00012804664
0,0,8.398242e-05
0,0,6.752344e-05
0,0,0.0004502954
0,0,0.00036853517
0,0,0.00091251987
0,0,2.2650136e-05
0,0,0.039369557
0,1,0.95424896
0,0,0.00037028315
0,0,4.4973778e-05
0,0,0.0009019623
0,0,7.310069e-05
0,0,5.3135394e-05
0,0,0.0001480923
0,0,0.0026915376
0,0,0.00037336416
0,0,0.00017590534
0,0,0.00015422537
0,0,0.0006268459
0,0,0.00032791554
0,0,0.00040315514
0,0,0.2467054
0,0,0.00027380258
0,0,0.0028832543
0,0,0.000115467905
0,0,0.020348726
0,0,4.7116147e-05
0,0,5.3236887e-05
0,0,9.536789e-05
0,0,0.00016097717
0,0,0.00020860942
0,0,0.00013010847
0,0,0.00014795156
0,0,5.4040967e-05
0,0,8.211587e-05
0,0,2.4260691e-05
0,0,0.0030580712
0,0,1.6672586e-05
0,0,0.00038657698
0,0,0.0006916391
0,0,0.000121592086
0,0,0.0018281187
0,0,0.0021791665
0,0,0.3508582
0,1,0.99904567
0,0,4.8395323e-05
0,0,1.6475362e-05
0,0,0.0003429513
0,0,1.4814628e-05
0,0,0.00032875064
0,0,0.012742254
0,0,0.000736158
0,0,0.0016043085
0,0,0.0005775297
0,0,0.0014633128
0,0,0.00058760965
0,0,0.00059767393
0,0,2.0980237e-05
0,0,0.00013419909
0,1,0.9990344
0,0,0.00013127117
0,0,8.270748e-05
0,0,3.5661655e-05
0,0,7.1542185e-05
0,0,9.8727134e-05
0,0,0.00039841377
0,0,0.0057491483
0,0,0.04885262
0,0,0.0004887755
0,0,0.000205533
0,0,0.005276394
0,0,0.0007178402
0,0,4.897225e-05
0,0,0.39971647
0,0,0.0011768562
0,0,0.00010474395
0,0,0.00012276879
0,0,0.026814843
0,0,0.00037327767
0,0,0.022763446
0,0,0.00065078365
0,0,0.031295594
0,0,0.0010524903
0,0,0.00021663946
0,0,0.00017611294
0,0,0.0022391449
0,0,0.0003081359
0,0,4.983006e-05
0,0,0.00013544392
0,0,7.107537e-05
0,0,0.00014716589
0,0,0.0011942033
0,0,0.0011002624
0,0,0.000113035014
0,0,5.9995447e-05
0,0,0.00034571218
0,0,0.00018474492
0,0,5.402123e-05
0,0,4.657076e-05
0,0,9.37156e-05
0,0,0.0009270462
0,0,0.36147323
0,0,0.000110808585
0,0,5.35197e-05
0,0,0.00041293507
1,1,0.9999938
1,1,0.99999774
1,1,0.9999896
1,1,0.9999938
1,1,0.99998057
1,1,0.9999939
1,1,0.99999475
1,1,0.99999547
1,1,0.99999297
1,1,0.9999989
1,1,0.99998915
1,1,0.99999833
1,1,0.99999607
1,0,0.22997929
1,1,0.9999746
1,1,0.9999981
1,1,0.99999833
1,1,0.99999905
1,1,0.99999213
1,1,0.9999938
1,1,0.998941
1,1,0.9999906
1,1,0.999995
1,1,0.99999917
1,1,0.999998
1,1,0.9999987
1,1,0.99999285
1,1,0.99999595
1,1,0.99995124
1,1,0.99999726
1,1,0.99999464
1,1,0.9987658
1,1,0.9999949
1,1,0.9999987
1,1,0.99999547
1,1,0.9999956
1,1,0.9999912
1,1,0.9999951
1,1,0.9999198
1,1,0.9999989
1,1,0.99998605
1,1,0.9999976
1,1,0.99999845
1,1,0.9999963
1,1,0.99999726
1,1,0.99999475
1,1,0.9999993
1,1,0.99999845
1,1,0.9999993
1,1,0.9998641
1,1,0.9999906
1,1,0.99999535
1,1,0.99999726
1,1,0.9999993
1,1,0.9999974
1,1,0.999997
1,1,0.9999987
1,1,0.99999714
1,1,0.99999785
1,1,0.99999535
1,1,0.9999975
1,1,0.99999547
1,1,0.9999989
1,1,0.9999994
1,1,0.99999106
1,1,0.99999917
1,1,0.9999969
1,1,0.99999917
1,1,0.9999993
1,1,0.9999989
1,1,0.99999225
1,1,0.99999595
1,1,0.9999939
1,1,0.99999475
1,1,0.9999995
1,1,0.99999464
1,1,0.9999937
1,1,0.99998975
1,1,0.99998784
1,1,0.99999666
1,1,0.9999908
1,1,0.99996936
1,1,0.9999993
1,1,0.9999988
1,1,0.9999981
1,1,0.99999654
1,1,0.9999981
1,1,0.9999957
1,1,0.99995685
1,1,0.99999714
1,1,0.9999956
1,1,0.99997306
1,1,0.99999857
1,1,0.9999989
1,1,0.99999607
1,1,0.9999964
1,1,0.9999968
1,1,0.9999964
1,1,0.9999951
1,0,0.21923412
1,1,0.9999974
1,1,0.9999701
1,1,0.99998426
1,1,0.99999905
1,1,0.99999166
1,1,0.9999987
1,1,0.9999982
1,1,0.99999917
1,1,0.999696
1,1,0.9999938
1,1,0.99999475
1,1,0.9999105
1,1,0.99995685
1,1,0.9999995
1,1,0.9999982
1,1,0.9999925
1,1,0.9999976
1,1,0.99999356
1,1,0.99943525
1,1,0.99999654
1,1,0.99999905
1,1,0.99999845
1,1,0.99999607
1,1,0.9992212
1,1,0.9999981
1,1,0.9999949
1,1,0.99999785
1,1,0.9999927
1,1,0.99985445
1,1,0.9999964
1,1,0.99999654
1,1,0.99999404
1,1,0.999984
1,1,0.999998
1,1,0.99998426
1,1,0.9999964
1,1,0.9999974
1,1,0.9999943
1,1,0.9999949
1,1,0.9999976
1,1,0.99999785
1,1,0.99999917
1,1,0.99999785
1,1,0.9999964
1,1,0.9999479
1,1,0.99999917
1,1,0.99999774
1,0,0.2133863
1,1,0.99998903
1,1,0.9999957
1,1,0.9999974
1,1,0.99999654
1,1,0.99990606
1,1,0.99999833
1,1,0.9999958
1,1,0.99992967
1,1,0.9999871
1,1,0.99998784
1,1,0.99999774
1,1,0.99997926
1,1,0.9999988
1,1,0.9999987
1,1,0.99999714
1,1,0.9999945
1,1,0.99996793
1,1,0.9999956
1,1,0.9999993
1,1,0.9999963
1,1,0.9999989
1,1,0.9999926
1,1,0.99990714
1,1,0.99994636
1,1,0.9999962
1,1,0.999992
1,1,0.9999907
1,1,0.9999975
1,1,0.99999905
1,1,0.99999917
1,1,0.9999974
1,1,0.9999976
1,1,0.99999666
1,1,0.9999981
1,1,0.9999989
1,1,0.9999994
1,1,0.9997874
1,1,0.99999344
1,1,0.99999833
1,1,0.99999654
1,1,0.99999654
1,1,0.9999944
1,1,0.9999964
1,1,0.9999937
1,1,0.99999285
1,1,0.9999968
1,1,0.99999726
1,1,0.9999976
1,1,0.9999969
1,1,0.99998605
1,1,0.9999994
1,1,0.99999964
1,1,0.99999845
1,1,0.99999917
1,1,0.99999845
1,1,0.9999982
1,1,0.9999974
1,1,0.99999905
1,1,0.9999981
1,1,0.9999893
1,1,0.9999938
1,1,0.99999857
1,1,0.9999987
1,1,0.99999225
1,1,0.99999857
1,1,0.99999845
1,1,0.9999989
1,1,0.9999927
1,1,0.9999968
1,1,0.9999902
1,1,0.999998
1,1,0.99999857
1,1,0.9999945
1,1,0.99997723
1,1,0.99999857
1,1,0.99999607
1,1,0.99999857
1,1,0.9999957
1,1,0.9999975
1,1,0.99999785
1,1,0.9999981
1,1,0.99998224
1,1,0.9999944
1,1,0.9999976
1,1,0.9999628
1,1,0.99999666
1,1,0.9999919
1,1,0.9999931
1,1,0.9999962
1,1,0.9999939
1,1,0.99998534
1,1,0.9999943
1,1,0.99999404
1,1,0.99999
1,1,0.9991737
1,1,0.9999968
1,1,0.9999963
1,1,0.99999785
1,1,0.99999785
1,1,0.99999404
1,1,0.9999976
1,1,0.9999975
1,1,0.99999094
1,1,0.9999956
1,1,0.99999917
1,1,0.9999987
1,1,0.9999969
1,1,0.9999988
1,1,0.99996114
1,1,0.99999726
1,1,0.999998
1,1,0.9999094
1,1,0.99999845
1,1,0.99999917
1,1,0.9999852
1,1,0.99999857
1,1,0.9999981
1,1,0.9999988
1,1,0.9999945
1,1,0.99997115
1,1,0.99999654
1,1,0.99999404
1,1,0.99999475
1,1,0.99999833
1,1,0.99999475
1,1,0.9999945
1,1,0.99998367
1,1,0.9999975
1,1,0.9999671
1,1,0.9999937
1,1,0.99999857
1,1,0.9999994
1,1,0.999995
1,1,0.99999297
1,1,0.99999464
1,1,0.9999969
1,1,0.9999964
1,1,0.9999975
1,1,0.99999905
1,1,0.9999901
1,1,0.9999974
1,1,0.99963236
1,1,0.999998
1,1,0.9999964
1,1,0.9999937
1,1,0.99999774
1,1,0.9999958
1,1,0.9999994
1,1,0.99999857
1,1,0.9999993
1,1,0.9999974
1,1,0.9999994
1,1,0.999998
1,1,0.9999956
1,1,0.9999968
1,1,0.9999968
1,1,0.9533142
1,1,0.9999968
1,1,0.9999888
1,1,0.99998474
1,1,0.99999917
1,1,0.99999833
1,1,0.9999956
1,1,0.9931896
1,1,0.99999964
1,1,0.99999857
1,1,0.99999416
1,1,0.9999937
1,1,0.999995
1,1,0.99999845
1,1,0.9999932
1,1,0.9999963
1,1,0.9999989
1,1,0.99997747
1,1,0.9999993
1,1,0.99999464
1,1,0.9977366
1,1,0.99999857
1,1,0.9999958
1,1,0.99999356
1,1,0.99999464
1,1,0.9999981
1,1,0.99999523
1,1,0.99999464
1,1,0.99999714
1,1,0.9999975
1,1,0.99999857
1,1,0.99999964
1,1,0.9999957
1,1,0.9999988
1,1,0.99998903
1,1,0.9999987
1,1,0.999997
1,1,0.99998665
1,1,0.99999654
1,1,0.9999958
1,1,0.9999943
1,1,0.99999726
1,1,0.99999917
1,1,0.99999714
1,1,0.9999924
1,1,0.9999964
1,1,0.99999833
1,1,0.99999964
1,1,0.9999945
1,1,0.9999988
1,1,0.9999814
1,1,0.99999774
1,1,0.99999833
1,1,0.999995
1,1,0.9999826
1,1,0.9999974
1,1,0.999997
1,1,0.9999964
1,1,0.99884254
1,1,0.99999774
1,1,0.9400649
1,1,0.99998367
1,1,0.9999846
1,1,0.99999774
1,1,0.9999981
1,1,0.9999974
1,1,0.94734895
1,1,0.99998474
1,1,0.999998
1,1,0.9999987
1,1,0.99999917
1,1,0.999985
1,1,0.9999956
1,1,0.9999987
1,1,0.9999956
1,1,0.99999905
1,1,0.99975973
1,1,0.9999974
1,1,0.9999995
1,1,0.9999933
1,1,0.9998091
1,1,0.99999917
1,1,0.9999969
1,1,0.999796
1,1,0.99999595
1,1,0.99998295
1,1,0.9999919
1,1,0.999998
1,1,0.9999963
1,1,0.9999993
1,1,0.99998295
1,1,0.9999912
1,1,0.99999964
1,1,0.99999917
1,1,0.9999924
1,1,0.9999981
1,1,0.9999974
1,1,0.9999964
1,1,0.9999981
1,1,0.9999943
1,1,0.9999981
1,1,0.99999857
1,1,0.99999595
1,1,0.99999785
1,1,0.9999968
1,1,0.999997
1,1,0.999998
1,1,0.99999726
1,1,0.9999994
1,1,0.99995315
1,1,0.9999989
1,1,0.99998796
1,1,0.9999958
1,1,0.99999726
1,1,0.9999956
1,1,0.99999857
1,1,0.99999833
1,1,0.99999285
1,0,0.22482559
1,1,0.99999833
1,1,0.99999857
1,1,0.9999976
1,1,0.9999982
1,1,0.99999225
1,1,0.9999944
1,1,0.9999759
1,1,0.99999833
1,1,0.9999974
1,1,0.9999746
1,1,0.9999958
1,1,0.99999857
1,1,0.999998
1,1,0.99995947
1,1,0.999998
1,1,0.9999939
1,1,0.9999976
1,1,0.99999726
1,1,0.99997807
1,1,0.999997
1,1,0.9997527
1,1,0.999966
1,1,0.9999876
1,1,0.9999964
1,1,0.99999785
1,1,0.9999988
1,1,0.99999726
1,1,0.99999607
1,1,0.999998
1,1,0.99999917
1,1,0.99999845
1,1,0.9999975
1,1,0.9999956
1,1,0.99999785
1,1,0.99999464
1,1,0.9999982
1,1,0.6995653
1,1,0.9999974
1,1,0.99999595
1,1,0.99999774
1,1,0.99999225
1,1,0.99998736
1,1,0.9999974
1,1,0.9999989
1,1,0.99999845
1,1,0.999954
1,1,0.99999547
1,1,0.99999785
1,1,0.99999225
1,1,0.9999988
1,1,0.99990785
1,1,0.999998
1,1,0.999995
1,1,0.99999785
1,1,0.9999982
1,1,0.99999785
1,1,0.9992964
1,1,0.99999905
1,1,0.9999939
1,1,0.9999877
1,1,0.9999603
1,1,0.9999957
1,1,0.9999975
1,1,0.9999932
1,1,0.999995
1,1,0.9999591
1,1,0.99910825
1,1,0.99999774
1,1,0.9999982
1,1,0.9999895
1,1,0.999987
1,1,0.9999969
1,1,0.99999213
1,1,0.9995161
1,1,0.99999774
1,0,0.41469377
1,1,0.999998
1,1,0.99999845
1,1,0.99999774
1,1,0.9999976
1,1,0.99999464
1,1,0.99999654
1,1,0.99999905
1,1,0.9999958
1,1,0.9999919
1,1,0.99999297
1,1,0.99999654
1,1,0.99999666
1,1,0.9999975
1,1,0.99999833
1,1,0.9999974
1,1,0.99999654
1,1,0.9999931
1,1,0.99999833
1,1,0.9999702
1,1,0.99999857
1,1,0.99999785
1,1,0.9999989
1,1,0.99999917
1,1,0.9999864
1,1,0.99999845
1,1,0.9999962
1,1,0.99999714
1,1,0.9999708
1,1,0.9999969
1,1,0.9999995
1,1,0.99999917
1,1,0.99999964
1,1,0.99999464
1,1,0.99999607
1,1,0.99999917
1,1,0.9999994
1,1,0.99999964
1,1,0.9999957
1,1,0.9999988
1,1,0.9999969
1,1,0.9991609
1,1,0.9999962
1,1,0.99999714
1,1,0.9998623
1,1,0.9999895
1,1,0.9999974
1,1,0.9998398
1,1,0.99999964
1,1,0.9999988
1,1,0.99999416
1,1,0.9999932
1,1,0.99999607
1,1,0.9999987
1,1,0.9999994
1,1,0.99999917
1,1,0.99999213
1,1,0.99999094
1,1,0.9999987
1,1,0.99999917
1,1,0.9999976
1,0,0.4359833
1,1,0.9999869
1,1,0.9999927
1,1,0.99999726
1,1,0.99999714
1,1,0.99999225
1,1,0.99999654
1,1,0.99999726
1,1,0.9999951
1,1,0.9999964
1,1,0.9999949
1,1,0.9999974
1,1,0.9999993
1,0,0.032102227
1,1,0.99999547
1,1,0.99999666
1,1,0.99999607
1,1,0.9999994
1,1,0.9999994
1,1,0.99998355
1,1,0.9999995
1,1,0.9999988
1,1,0.9999969
1,1,0.9999902
1,1,0.99999774
1,1,0.99999535
1,1,0.9999987
1,1,0.9999871
1,1,0.999987
1,1,0.9999963
1,1,0.99998665
1,1,0.9999981
1,1,0.99999094
1,1,0.99999785
1,1,0.9999988
1,1,0.9999981
1,1,0.99999917
1,1,0.9999976
1,1,0.9999989
1,1,0.99999344
1,1,0.9999975
1,1,0.99999654
1,1,0.9999993
1,1,0.99998605
1,1,0.99999213
1,1,0.9999975
1,1,0.99999833
1,1,0.99021906
1,1,0.99999917
1,1,0.99999607
1,1,0.9999987
1,1,0.999997
1,1,0.9999988
1,1,0.9999982
1,1,0.9999962
1,1,0.9999962
1,1,0.9999982
1,1,0.9999901
1,1,0.9999969
1,1,0.99999404
1,1,0.9999939
1,1,0.9999982
1,1,0.999997
1,1,0.9999964
1,1,0.9999969
1,1,0.99999726
1,1,0.999977
1,1,0.99999547
1,1,0.99999905
1,1,0.9999949
1,1,0.999998
1,1,0.99999726
1,1,0.99999654
1,1,0.9999968
1,1,0.9999926
1,1,0.9998716
1,1,0.9999989
1,1,0.99999654
1,1,0.9999974
1,1,0.9999995
1,1,0.99989593
1,1,0.9999969
1,1,0.9999912
1,1,0.99999845
1,1,0.9999982
1,1,0.999995
1,1,0.99999344
1,1,0.9999993
1,1,0.9999976
1,1,0.9999956
1,1,0.9999732
1,1,0.9999962
1,1,0.99999285
1,1,0.9999975
1,1,0.99999547
1,1,0.99999535
1,1,0.9999974
1,1,0.99999785
1,1,0.9999975
1,1,0.99999475
1,1,0.9999951
1,1,0.9999888
1,1,0.9999932
1,1,0.9999974
1,1,0.9999981
1,1,0.99999595
1,1,0.99999845
1,1,0.9999851
1,1,0.99995327
1,1,0.9999968
1,1,0.9999988
1,1,0.9999907
1,1,0.9999931
1,1,0.99999154
1,1,0.99996483
1,1,0.99999726
1,1,0.99999666
1,1,0.9999995
1,1,0.99985373
1,1,0.99996805
1,1,0.9999726
1,1,0.9999962
1,1,0.9999988
1,1,0.99999726
1,1,0.9999919
1,1,0.9999962
1,1,0.99999726
1,1,0.9999926
1,1,0.9999964
1,1,0.9999745
1,1,0.9999988
1,1,0.9999993
1,1,0.99999785
1,1,0.99999774
1,1,0.9999968
1,0,0.014216965
1,1,0.9999951
1,1,0.99999857
1,1,0.999997
1,1,0.9999956
1,1,0.9999925
1,1,0.99999595
1,1,0.9999987
1,1,0.99999356
1,1,0.99999833
1,1,0.99999857
1,1,0.9999982
1,1,0.9997403
1,1,0.9999993
1,1,0.99999094
1,1,0.99999547
1,1,0.9999926
1,1,0.9999963
1,1,0.99999905
1,1,0.99999845
1,1,0.9999993
1,1,0.98175263
1,1,0.999998
1,1,0.9999932
1,1,0.99999523
1,1,0.9999976
1,1,0.99999475
1,1,0.99999607
1,1,0.99999666
1,1,0.99999857
1,1,0.99999774
1,1,0.99999785
1,1,0.99999607
1,1,0.9999964
1,1,0.99999535
1,1,0.99999654
1,1,0.9999939
1,1,0.9999963
1,1,0.9999981
1,1,0.99999905
1,1,0.9999697
1,1,0.99999845
1,1,0.99999595
1,1,0.9999988
1,1,0.99999654
1,1,0.9999957
1,1,0.99999607
1,1,0.999997
1,1,0.77752066
1,1,0.99999595
1,1,0.99933964
1,1,0.9999697
1,1,0.99999523
1,1,0.9999956
1,1,0.99999845
1,1,0.99999857
1,1,0.9999951
1,1,0.99998176
1,1,0.9999981
1,1,0.9999949
1,1,0.99999845
1,1,0.9999949
1,1,0.9999914
1,1,0.99999905
1,1,0.9999968
1,1,0.9999877
1,1,0.99999905
1,1,0.99999726
1,1,0.9999975
1,1,0.99999595
1,1,0.758545
1,1,0.9999896
1,1,0.99999595
1,1,0.99998903
1,1,0.99999917
1,1,0.9999974
1,1,0.9999962
1,1,0.9999987
1,1,0.99999774
1,1,0.999527
1,1,0.99999905
1,1,0.99995923
1,1,0.9999968
1,1,0.99999225
1,1,0.99999845
1,1,0.9999975
1,1,0.99999917
1,1,0.9999958
1,1,0.9999988
1,1,0.9999975
1,1,0.99999654
1,1,0.99999785
1,1,0.9999989
1,1,0.99999905
1,1,0.9999902
1,1,0.99974686
1,1,0.999703
1,1,0.99999785
1,1,0.9999976
1,1,0.9999943
1,1,0.9999994
1,1,0.9999989
1,1,0.9999913
1,1,0.99999726
1,1,0.99998975
1,1,0.9391776
1,1,0.9999937
1,1,0.9999969
1,1,0.9999995
1,1,0.9999968
1,1,0.99999404
1,1,0.9999988
1,1,0.9999883
1,1,0.9999907
1,1,0.9999993
1,1,0.9999765
1,1,0.9999964
1,1,0.99999714
1,1,0.9999968
1,1,0.9999927
1,1,0.99996984
1,1,0.9999974
1,1,0.99999535
1,1,0.9999981
1,1,0.99999857
1,1,0.999992
1,1,0.99999845
1,1,0.9999958
1,1,0.99999404
1,1,0.9999957
1,1,0.9999975
1,1,0.9999975
1,1,0.999995
1,1,0.9999989
1,1,0.9999981
1,1,0.9999974
1,1,0.99999726
1,1,0.99999
1,1,0.99998915
1,1,0.9999937
1,1,0.99999666
1,1,0.9999989
1,1,0.9999982
1,1,0.99999857
1,1,0.99999666
1,1,0.99999785
1,1,0.99996185
1,1,0.999992
1,1,0.9999988
1,1,0.9999987
1,1,0.9999993
1,1,0.99999595
1,1,0.99999714
1,1,0.9999912
1,1,0.99845636
1,1,0.9999962
1,1,0.9999957
1,1,0.9999969
1,1,0.99998534
1,1,0.99999547
1,1,0.99999726
1,1,0.9999379
1,1,0.99999785
1,1,0.9999964
1,1,0.99999845
1,1,0.9999746
1,1,0.9999964
1,1,0.9999975
1,1,0.9999912
1,1,0.9999988
1,1,0.99999833
1,1,0.9999989
1,1,0.9999974
1,1,0.9999865
1,1,0.99999523
1,1,0.99999225
1,1,0.99999726
1,1,0.9999906
1,1,0.9999924
1,0,0.270176
1,1,0.9999976
1,1,0.99998474
1,1,0.99999607
1,1,0.9999962
1,1,0.99999774
1,1,0.9999945
1,1,0.99999726
1,1,0.9999982
1,1,0.9999989
1,1,0.9999969
1,1,0.99999607
1,1,0.99999046
1,1,0.9999957
1,1,0.9999907
1,1,0.9999988
1,1,0.9999907
1,0,0.33282095
1,1,0.9999981
1,1,0.9999968
1,1,0.99999595
1,1,0.9999944
1,1,0.9999945
1,1,0.99999785
1,1,0.9999912
1,1,0.9999957
1,1,0.9999993
1,1,0.999979
1,1,0.9999932
1,1,0.9999981
1,1,0.9999963
1,1,0.9999931
1,1,0.9999981
1,1,0.9999875
1,1,0.9999968
1,1,0.999992
1,1,0.99999297
1,1,0.9999982
1,1,0.99999905
1,1,0.999997
1,1,0.99999464
1,1,0.9999963
1,1,0.9999989
1,1,0.9999987
1,1,0.9999962
1,1,0.9999763
1,0,0.056428205
1,1,0.99998975
1,1,0.9999925
1,1,0.99999
1,1,0.99999416
1,1,0.99999547
1,1,0.9999895
1,1,0.99999666
1,1,0.9999902
1,1,0.99999607
1,1,0.99999905
1,1,0.9999683
1,1,0.9999969
1,1,0.9999988
1,1,0.9999962
1,1,0.9999981
1,1,0.999995
1,1,0.9999995
1,1,0.9999918
1,1,0.99999845
1,1,0.9999963
1,1,0.9999968
1,1,0.9999987
1,1,0.9999945
1,1,0.99999595
1,1,0.99999225
1,1,0.9999969
1,1,0.99999774
1,1,0.99999714
1,1,0.99999535
1,1,0.9999788
1,1,0.99999
1,1,0.99999726
1,1,0.99999845
1,1,0.9999988
1,1,0.99997044
1,1,0.9997166
1,1,0.9999968
1,1,0.9999987
1,1,0.9999989
1,1,0.9997702
1,1,0.99999475
1,1,0.99999523
1,1,0.9999963
1,1,0.9999981
1,1,0.99999154
1,1,0.99999547
1,1,0.9999976
1,1,0.99999607
1,1,0.9999974
1,1,0.9999968
1,1,0.99999774
1,1,0.9999863
1,1,0.9999938
1,1,0.99999905
1,1,0.999997
1,1,0.99999547
1,1,0.9999976
1,1,0.999997
1,1,0.9999671
1,1,0.9999232
1,1,0.9999927
1,1,0.9999994
1,1,0.99459076
1,1,0.9999976
1,1,0.9999949
1,1,0.9999981
1,1,0.99999833
1,1,0.99998677
1,1,0.99999654
1,1,0.9999982
1,1,0.9999896
1,1,0.99999213
1,1,0.9988674
1,0,0.3102222
1,1,0.99999595
1,1,0.9999975
1,1,0.9999957
1,1,0.99999666
1,1,0.99997663
1,1,0.99999714
1,1,0.9999708
1,1,0.99999475
1,1,0.99999857
1,1,0.9999976
1,1,0.9999975
1,1,0.99999297
1,1,0.99999845
1,1,0.9999871
1,1,0.9999919
1,1,0.99999905
1,1,0.99999404
1,1,0.9999887
1,1,0.99999905
1,1,0.9999893
1,1,0.99999726
1,1,0.999997
1,1,0.99999714
1,1,0.99999607
1,1,0.99999714
1,1,0.9999981
1,1,0.9999894
1,1,0.9999988
1,1,0.9999988
1,1,0.99999714
1,1,0.99999833
1,1,0.99999714
1,1,0.9999869
1,1,0.99999774
1,1,0.9999757
1,1,0.9999926
1,1,0.9999987
1,1,0.9999963
1,1,0.98792845
1,1,0.9999931
1,1,0.99998784
1,1,0.99999964
1,1,0.999985
1,1,0.99998975
1,1,0.99999845
1,1,0.9999919
1,1,0.99999785
1,1,0.9999964
1,1,0.9999956
1,1,0.99999833
1,1,0.99999785
1,1,0.99995565
1,1,0.99999833
1,1,0.999998
1,1,0.99999535
1,1,0.9999975
1,1,0.9999987
1,1,0.9999771
1,1,0.99999535
1,1,0.99999225
1,1,0.9999976
1,1,0.9999981
1,1,0.9999988
1,1,0.9999989
1,1,0.99999475
1,1,0.9999913
1,1,0.9999908
1,1,0.99999726
1,1,0.99999917
1,1,0.99999785
1,1,0.9998846
1,1,0.9999981
1,1,0.99999845
1,1,0.9999969
1,1,0.999992
1,1,0.99999774
1,1,0.9999567
1,1,0.9999968
1,1,0.99999654
1,1,0.99998915
1,1,0.99999285
1,1,0.99999285
1,1,0.9999951
1,1,0.9999976
1,1,0.9999956
1,1,0.99999607
1,1,0.9999893
1,1,0.9999981
1,1,0.9999989
1,1,0.99956554
1,1,0.99999905
1,1,0.99979764
1,1,0.9999988
1,1,0.9999963
1,1,0.99999547
1,1,0.99999833
1,1,0.9999901
1,1,0.99999774
1,1,0.9999949
1,1,0.99999785
1,1,0.99999857
1,1,0.9999976
1,1,0.9999987
1,1,0.99999654
1,1,0.9999945
1,1,0.99999166
1,1,0.99999785
1,1,0.9999951
1,1,0.9999918
1,1,0.9999988
1,1,0.9999336
1,1,0.99999774
1,1,0.99999475
1,1,0.9999888
1,1,0.9999987
1,1,0.9999981
1,1,0.9999989
1,1,0.9999969
1,1,0.99999857
1,1,0.9999925
1,1,0.9999919
1,1,0.99999905
1,1,0.9999974
1,1,0.9469649
1,1,0.9999906
1,1,0.99999595
1,1,0.99999666
1,1,0.9999945
1,1,0.99999666
1,1,0.99999833
1,1,0.99999034
1,1,0.99999475
1,1,0.9999981
1,1,0.9999738
1,1,0.9999932
1,1,0.99999
1,1,0.9999956
1,1,0.999995
1,1,0.9999913
1,1,0.9999963
1,1,0.99999845
1,1,0.9999924
1,1,0.9999894
1,1,0.9996922
1,1,0.9999989
1,1,0.9999958
1,1,0.99999726
1,1,0.9999958
1,1,0.9999622
1,1,0.99999726
1,1,0.9999957
1,1,0.9999993
1,1,0.9999924
1,1,0.9999964
1,1,0.9999913
1,1,0.9999939
1,1,0.99994683
1,1,0.99999607
1,1,0.9999982
1,1,0.99999845
1,1,0.99999917
1,1,0.9999993
1,1,0.99998105
1,1,0.9999343
1,1,0.99998677
1,1,0.9999962
1,1,0.9999943
1,1,0.9999957
1,1,0.99999285
1,1,0.99999774
1,1,0.99999845
1,1,0.9999963
1,1,0.99999917
1,1,0.9999957
1,1,0.99999714
1,1,0.99999917
1,1,0.9999949
1,1,0.9999976
1,1,0.9999974
1,1,0.9999958
1,1,0.9999976
1,1,0.9999958
1,1,0.9999968
1,1,0.9999975
1,1,0.999998
1,1,0.9999981
1,1,0.9999962
1,1,0.9999976
1,1,0.99999845
1,1,0.9999994
1,1,0.99997246
1,1,0.9999906
1,1,0.9999976
1,1,0.9999975
1,1,0.9999994
1,1,0.9999994
1,1,0.99999905
1,1,0.9999981
1,1,0.99997604
1,1,0.9999995
1,1,0.9999994
1,1,0.99999845
1,1,0.9999968
1,1,0.99999964
1,1,0.99999523
1,1,0.99999404
1,1,0.99999845
1,1,0.9999962
1,1,0.9999981
1,1,0.999998
1,1,0.99999595
1,1,0.9999982
1,1,0.9999987
1,1,0.9999974
1,1,0.9999871
1,1,0.9999888
1,1,0.99999225
1,1,0.9999975
1,1,0.9999989
1,1,0.9999982
1,1,0.999998
1,1,0.9999981
1,1,0.9999987
1,1,0.9996722
1,1,0.9999988
1,1,0.99993265
1,1,0.999997
1,1,0.9999975
1,1,0.9999939
1,1,0.9999969
1,1,0.9999982
1,1,0.9999925
1,1,0.99999595
1,1,0.99999535
1,1,0.9999846
1,1,0.99999833
1,1,0.99999857
1,1,0.99989676
1,1,0.999998
1,1,0.99987555
1,1,0.99999917
1,1,0.9999877
1,1,0.9999924
1,1,0.9999962
1,1,0.99788755
1,1,0.99999845
1,1,0.9999944
1,1,0.9999974
1,1,0.99999774
1,1,0.99999666
1,1,0.9999963
1,1,0.99999523
1,1,0.99999714
1,0,0.027115894
1,1,0.99999905
1,1,0.9999976
1,1,0.9999851
1,1,0.9999981
1,1,0.9999981
1,1,0.99998677
1,1,0.9999988
1,1,0.99994814
1,1,0.99999654
1,1,0.9999969
1,1,0.9999888
1,1,0.9999982
1,1,0.999982
1,1,0.99999905
1,1,0.9999976
1,1,0.99999344
1,1,0.9997973
1,1,0.99999726
1,1,0.9999945
1,1,0.9999981
1,1,0.99999666
1,1,0.99999714
1,1,0.99999356
1,1,0.99998856
1,1,0.99999785
1,1,0.99995387
1,1,0.999997
1,1,0.9999988
1,1,0.99999654
1,1,0.99999917
1,1,0.9999981
1,1,0.9999968
1,1,0.9999968
1,1,0.9982206
1,1,0.99999726
1,1,0.99999666
1,1,0.99999917
1,1,0.99997795
1,1,0.9999958
1,1,0.9999702
1,1,0.99999976
1,1,0.99999917
1,1,0.99998164
1,1,0.99999595
1,1,0.9999938
1,1,0.9999969
1,1,0.99999356
1,1,0.9999981
1,1,0.99999774
1,1,0.9999976
1,1,0.99998677
1,1,0.99999225
1,1,0.99999654
1,1,0.9999976
1,1,0.9999944
1,1,0.99999774
1,1,0.9999919
1,1,0.99999654
1,1,0.9999958
1,1,0.99999857
1,1,0.9999918
1,1,0.99999154
1,1,0.99999785
1,1,0.99999857
1,1,0.99999464
1,1,0.99996305
1,1,0.99998784
1,1,0.9999988
1,1,0.99999464
1,1,0.9989888
1,1,0.9999932
1,1,0.999998
1,1,0.9999945
1,1,0.9999931
1,1,0.99999714
1,1,0.99999726
1,1,0.9999908
1,1,0.99999225
1,1,0.9999943
1,1,0.99999297
1,1,0.9999865
1,1,0.9999932
1,1,0.9999982
1,1,0.99999535
1,1,0.99999845
1,1,0.99999666
1,1,0.99999785
1,1,0.81837577
1,1,0.999995
1,1,0.9999993
1,1,0.99999845
1,1,0.9999963
1,1,0.9999969
1,1,0.9999962
1,1,0.9999958
1,1,0.99999094
1,1,0.99986994
1,1,0.9999958
1,1,0.9999969
1,1,0.9999987
1,1,0.999997
1,1,0.9999982
1,1,0.9998666
1,1,0.9999994
1,1,0.99998915
1,1,0.9999703
1,1,0.9999547
1,1,0.9996623
1,1,0.9999919
1,1,0.99999523
1,1,0.9999988
1,1,0.9999981
1,1,0.99999917
1,1,0.9999982
1,1,0.99999356
1,1,0.9999919
1,1,0.999998
1,1,0.99999833
1,1,0.9999968
1,1,0.99999416
1,1,0.9999728
1,1,0.999995
1,1,0.99999213
1,1,0.999997
1,1,0.9999993
1,1,0.99999464
1,1,0.99999964
1,1,0.9999958
1,1,0.999998
1,1,0.99999726
1,1,0.9999932
1,1,0.9999988
1,1,0.99999845
1,1,0.999997
1,1,0.99999845
1,1,0.999987
1,1,0.9999987
1,1,0.9998894
1,1,0.9999982
1,1,0.9999988
1,1,0.9999976
1,1,0.9999949
1,1,0.9999974
1,1,0.9999974
1,1,0.99999666
1,1,0.99999356
1,1,0.9999968
1,1,0.9999988
1,1,0.998492
1,1,0.9999857
1,1,0.9999938
1,1,0.99982566
1,1,0.9999893
1,1,0.9999522
1,1,0.9999951
1,1,0.9999875
1,1,0.9999926
1,1,0.9999962
1,1,0.9996486
1,1,0.9999912
1,1,0.9999981
1,1,0.9999943
1,1,0.99999106
1,1,0.9993088
1,1,0.9999962
1,1,0.999923
1,1,0.99999404
1,1,0.99999845
1,1,0.9999958
1,1,0.9999988
1,1,0.99998677
1,1,0.9999982
1,1,0.9999919
1,1,0.9999988
1,1,0.9999982
1,1,0.9999949
1,1,0.9999975
1,1,0.99999833
1,1,0.99999475
1,1,0.9999964
1,1,0.9999974
1,1,0.99999666
1,1,0.99999595
1,1,0.99999416
1,1,0.9999981
1,1,0.999997
1,1,0.9999981
1,1,0.99999523
1,1,0.9999989
1,1,0.9999963
1,1,0.99999416
1,1,0.99999857
1,1,0.9999981
1,1,0.99999106
1,1,0.9999982
1,1,0.99999654
1,1,0.99999785
1,1,0.99999774
1,1,0.99999297
1,1,0.9999988
1,1,0.99999654
1,1,0.9999943
1,1,0.9999968
1,1,0.99998915
1,1,0.9999962
1,1,0.99999905
1,1,0.9999994
1,1,0.99999917
1,1,0.999997
1,1,0.99999976
1,1,0.9999949
1,1,0.999948
1,1,0.99999726
1,1,0.99999857
1,1,0.99999726
1,1,0.99999857
1,1,0.9999974
1,1,0.99999785
1,1,0.999997
1,1,0.9999974
1,1,0.9920019
1,1,0.9999987
1,1,0.99999726
1,1,0.9999918
1,1,0.99999213
1,1,0.99996555
1,1,0.999899
1,1,0.9999969
1,1,0.9999974
1,1,0.9999976
1,1,0.9999974
1,1,0.99999464
1,1,0.9999989
1,1,0.99999833
1,1,0.9999989
1,1,0.99999964
1,1,0.9999956
1,1,0.9999949
1,1,0.9999932
1,1,0.99997795
1,1,0.99999905
1,1,0.9999949
1,1,0.9999927
1,1,0.99999857
1,1,0.99999666
1,1,0.99997914
1,1,0.9999932
1,1,0.9999988
1,1,0.99999917
1,1,0.99999344
1,1,0.99999833
1,1,0.9992126
1,1,0.99997365
1,1,0.99999833
1,1,0.9999995
1,1,0.99999666
1,1,0.999984
1,1,0.9999964
1,1,0.9999976
1,1,0.9999982
1,1,0.99999666
1,1,0.9999962
1,1,0.9999964
1,1,0.99999833
1,1,0.99999714
1,1,0.99997497
1,1,0.9999964
1,1,0.99999917
1,1,0.9999691
1,1,0.9999963
1,1,0.99999785
1,1,0.999987
1,1,0.9999931
1,1,0.9999993
1,1,0.9999666
1,1,0.9999993
1,1,0.9999994
1,1,0.9999939
1,1,0.9999938
1,1,0.99999344
1,1,0.9999988
1,1,0.9999993
1,1,0.9999956
1,1,0.9999981
1,1,0.99999535
1,1,0.9999963
1,1,0.9999982
1,1,0.9999887
1,1,0.9999988
1,1,0.999997
1,1,0.99999905
1,1,0.99999905
1,1,0.9999957
1,1,0.99999356
1,1,0.9999889
1,1,0.99998486
1,1,0.9999851
1,1,0.9999937
1,1,0.99999833
1,1,0.9999968
1,1,0.9999968
1,1,0.99999917
1,1,0.99999857
1,1,0.9999987
1,1,0.9999969
1,1,0.99999857
1,1,0.9999994
1,1,0.9999988
1,1,0.99999714
1,1,0.99999607
1,1,0.99987805
1,1,0.99998415
1,1,0.99999845
1,1,0.99999726
1,1,0.99999523
1,1,0.9999982
1,1,0.99984455
1,1,0.99999833
1,1,0.99999094
1,1,0.99999905
1,1,0.99999845
1,1,0.9999937
1,1,0.999962
1,0,0.007926598
1,1,0.9999975
1,1,0.99999833
1,1,0.9999956
1,1,0.9999889
1,1,0.9999939
1,1,0.9999982
1,1,0.999997
1,1,0.9999993
1,1,0.99998224
1,1,0.9999975
1,1,0.9999969
1,1,0.9999918
1,1,0.9999652
1,1,0.99999654
1,1,0.99999547
1,1,0.9999962
1,1,0.99999833
1,1,0.9999975
1,1,0.9999982
1,1,0.99996686
1,1,0.9999968
1,1,0.99999905
1,1,0.9999387
1,1,0.9999988
1,1,0.99999547
1,1,0.99999464
1,1,0.9999975
1,1,0.99999726
1,1,0.99985516
1,1,0.9991146
1,1,0.9994266
1,1,0.9999993
1,1,0.99999785
1,1,0.9999943
1,1,0.99999774
1,1,0.99996316
1,1,0.99999774
1,1,0.99999833
1,1,0.99999595
1,1,0.9999974
1,1,0.99999654
1,1,0.9999809
1,1,0.9999974
1,1,0.9999968
1,1,0.99999833
1,1,0.99999404
1,1,0.9999864
1,1,0.99998903
1,1,0.9999989
1,1,0.9999926
1,1,0.9996835
1,1,0.99998903
1,1,0.9999994
1,1,0.99999595
1,1,0.999998
1,1,0.999998
1,1,0.9999993
1,1,0.99998736
1,1,0.99999785
1,1,0.99987733
1,1,0.9999956
1,1,0.9999975
1,1,0.99995947
1,1,0.99999774
1,1,0.9999931
1,1,0.9999993
1,1,0.9999969
1,1,0.9999509
1,1,0.9999962
1,1,0.9999949
1,1,0.9999945
1,1,0.99999475
1,1,0.9999815
1,1,0.9999827
1,1,0.9999993
1,1,0.9999987
1,1,0.9999813
1,1,0.99999654
1,1,0.99999857
1,1,0.99999666
1,1,0.99999154
1,1,0.9999908
1,1,0.9999975
1,1,0.9999919
1,1,0.99998915
1,1,0.9999784
1,1,0.9999962
1,1,0.9999957
1,1,0.9999958
1,1,0.99999666
1,1,0.99999833
1,1,0.99971646
1,1,0.9999964
1,1,0.9999491
1,1,0.9999933
1,1,0.999998
1,1,0.9999956
1,1,0.9999914
1,1,0.99999607
1,1,0.99999833
1,1,0.9999975
1,1,0.99999166
1,1,0.9999976
1,1,0.9999963
1,1,0.99999857
1,1,0.99999
1,1,0.9999907
1,1,0.99999976
1,1,0.9999975
1,1,0.99999416
1,1,0.99999833
1,1,0.99999523
1,1,0.99999475
1,1,0.99999654
1,1,0.9999969
1,1,0.9999981
1,1,0.9999975
1,1,0.9999329
1,1,0.99999785
1,1,0.99999917
1,1,0.9999993
1,1,0.9999974
1,1,0.99999535
1,1,0.99998975
1,1,0.9999958
1,1,0.99999654
1,1,0.9999968
1,1,0.9999956
1,1,0.9999987
1,1,0.9992699
1,1,0.99999654
1,1,0.99999154
1,1,0.9999957
1,1,0.9999745
1,1,0.9999968
1,1,0.9999821
1,1,0.9999913
1,1,0.99999356
1,1,0.9999981
1,1,0.9999956
1,1,0.99461573
1,1,0.99999905
1,1,0.9999949
1,1,0.99999785
1,1,0.9999908
1,1,0.99999726
1,1,0.99995875
1,1,0.9960842
1,1,0.9999975
1,1,0.99997866
1,1,0.99977535
1,1,0.9999975
1,1,0.9999933
1,1,0.9999989
1,1,0.99999607
1,1,0.99999905
1,1,0.9999938
1,1,0.9999988
1,1,0.999997
1,1,0.99999607
1,1,0.9999925
1,1,0.99999523
1,1,0.9999951
1,1,0.99999917
1,1,0.99999046
1,1,0.9999957
1,1,0.99999607
1,1,0.9999981
1,1,0.99985397
1,1,0.99999666
1,1,0.9999949
1,1,0.99999034
1,1,0.9999956
1,1,0.99999917
1,1,0.9999987
1,1,0.99999416
1,1,0.999998
1,1,0.9999944
1,1,0.9999958
1,1,0.9999968
1,1,0.99999106
1,1,0.99999785
1,1,0.77646536
1,1,0.99999917
1,1,0.99999785
1,1,0.9999993
1,1,0.99999297
1,1,0.9999937
1,1,0.9999987
1,1,0.99999905
1,1,0.99980086
1,1,0.9999976
1,1,0.9998424
1,1,0.9999987
1,1,0.9999969
1,1,0.99999857
1,1,0.9999994
1,1,0.999995
1,1,0.99999857
1,1,0.9999962
1,1,0.99999654
1,1,0.99999714
1,1,0.9999968
1,1,0.9999933
1,1,0.9999851
1,1,0.99999905
1,1,0.9999969
1,1,0.99999464
1,1,0.99999356
1,1,0.99999857
1,1,0.9999951
1,1,0.99999845
1,1,0.99999607
1,1,0.9999962
1,1,0.99999857
1,1,0.9999962
1,1,0.99998915
1,1,0.99999344
1,1,0.99999607
1,1,0.99999416
1,1,0.9992632
1,1,0.99999857
1,1,0.99998415
1,1,0.9999913
1,1,0.9999987
1,1,0.9999982
1,1,0.99999607
1,1,0.99999714
1,1,0.999998
1,1,0.9999982
1,1,0.9990086
1,1,0.9999958
1,1,0.9999944
1,1,0.9999987
1,1,0.9999987
1,1,0.9999988
1,1,0.9999987
1,1,0.99999666
1,1,0.9999988
1,1,0.99999833
1,1,0.9999974
1,1,0.9999938
1,1,0.99999917
1,1,0.9999995
1,1,0.99998844
1,1,0.99996495
1,1,0.9999982
1,1,0.99999857
1,1,0.9999995
1,1,0.88160765
1,1,0.9999901
1,1,0.99999845
1,1,0.99999714
1,1,0.99999726
1,1,0.99999714
1,1,0.9999982
1,1,0.9999889
1,1,0.9999938
1,1,0.99999475
1,1,0.99999726
1,1,0.99999523
1,1,0.9999989
1,1,0.9999969
1,1,0.99999726
1,1,0.9999964
1,1,0.99999154
1,1,0.9999963
1,1,0.99999905
1,1,0.9999919
1,1,0.9999964
1,1,0.999998
1,1,0.99999905
1,1,0.9999963
1,1,0.99999464
1,1,0.9999951
1,1,0.99999857
1,1,0.99999595
1,1,0.9999962
1,1,0.99999666
1,1,0.9999987
1,1,0.9999974
1,1,0.99999726
1,1,0.9999958
1,1,0.9999964
1,1,0.9999927
1,1,0.99999535
1,1,0.9999926
1,1,0.9999926
1,1,0.9999969
1,1,0.9999896
1,1,0.99999905
1,1,0.9999976
1,1,0.999997
1,1,0.99999356
1,1,0.99999607
1,1,0.99998486
1,1,0.9999976
1,1,0.9999943
1,1,0.9999988
1,1,0.9999982
1,1,0.9999987
1,1,0.99999595
1,1,0.99999833
1,1,0.99999285
1,1,0.99999774
1,1,0.9999958
1,1,0.99981004
1,1,0.99999774
1,1,0.99999845
1,1,0.9999956
1,1,0.9999962
1,1,0.9999944
1,1,0.999995
1,1,0.99999845
1,1,0.99999917
1,1,0.9999918
1,1,0.9998914
1,1,0.9999981
1,1,0.9999989
1,1,0.9999989
1,1,0.9999927
1,1,0.99999857
1,1,0.99999833
1,1,0.998259
1,1,0.9999964
1,1,0.9999987
1,1,0.9999989
1,1,0.9999969
1,1,0.9985274
1,1,0.99999547
1,1,0.9999989
1,1,0.9999993
1,1,0.99999726
1,1,0.9999882
1,1,0.99999595
1,1,0.9999995
1,1,0.9999945
1,1,0.99999917
1,1,0.9999944
1,1,0.9999957
1,1,0.9999987
1,1,0.99999714
1,1,0.99999404
1,1,0.99999845
1,1,0.99999285
1,1,0.99999857
1,1,0.9999974
1,1,0.9999994
1,1,0.9999994
1,1,0.99527705
1,1,0.999997
1,1,0.99999475
1,1,0.9999896
1,1,0.9999993
1,1,0.99999833
1,1,0.99999845
1,1,0.9999975
1,1,0.99999917
1,1,0.9999944
1,1,0.9999976
1,1,0.9999981
1,1,0.99999464
1,1,0.999998
1,1,0.99999213
1,1,0.99999714
1,1,0.9999902
1,1,0.99998915
1,1,0.99999905
1,1,0.9999963
1,1,0.99999654
1,1,0.9999988
1,1,0.9999926
1,1,0.99999785
1,1,0.9999987
1,1,0.9999932
1,1,0.9999976
1,1,0.99999845
1,1,0.99999547
1,1,0.9999995
1,1,0.9999964
1,1,0.99999714
1,1,0.99999726
1,1,0.9999707
1,1,0.99999535
1,1,0.999997
1,1,0.99999857
1,1,0.999997
1,1,0.9999976
1,1,0.999998
1,1,0.9999969
1,1,0.9999846
1,1,0.9999993
1,1,0.9999852
1,1,0.9999924
1,1,0.99999917
1,1,0.9999931
1,1,0.9999962
1,1,0.99999726
1,1,0.99999917
1,1,0.9999989
1,1,0.99999356
1,1,0.99979883
1,1,0.9999981
1,1,0.999959
1,1,0.9999989
1,1,0.99999666
1,1,0.9999995
1,1,0.9999962
1,1,0.99999857
1,1,0.99996006
1,1,0.9999974
1,1,0.99999833
1,1,0.99998915
1,1,0.99999595
1,1,0.9999845
1,1,0.9999988
1,1,0.9999856
1,1,0.9999988
1,1,0.9999975
1,1,0.99999774
1,1,0.99999607
1,1,0.99999857
1,1,0.99999905
1,1,0.99999726
1,1,0.99999726
1,1,0.9999914
1,1,0.99999845
1,1,0.99999535
1,1,0.99999464
1,1,0.9999976
1,1,0.9999764
1,1,0.9999995
1,1,0.99999964
1,1,0.99999774
1,1,0.9999666
1,1,0.9999958
1,1,0.9999894
1,1,0.99999905
1,1,0.99999917
1,1,0.9999976
1,1,0.9999969
1,1,0.99997044
1,1,0.9999956
1,1,0.99998856
1,1,0.999998
1,1,0.9999926
1,1,0.999997
1,1,0.9999988
1,1,0.9999913
1,1,0.9999963
1,1,0.99997866
1,1,0.99999774
1,1,0.99999285
1,1,0.9999951
1,1,0.9999981
1,1,0.99999774
1,1,0.99999976
1,1,0.99999833
1,1,0.9999949
1,1,0.99999774
1,1,0.9999918
1,1,0.9999989
1,1,0.9999989
1,1,0.9999925
1,1,0.99999857
1,1,0.99999845
1,1,0.9999956
1,1,0.99999845
1,1,0.9999974
1,1,0.9999887
1,1,0.99999917
1,1,0.99999416
1,1,0.9999958
1,1,0.9999994
1,1,0.99999714
1,1,0.99999905
1,1,0.99996376
1,1,0.9999968
1,1,0.9999995
1,1,0.9999982
1,1,0.99997365
1,1,0.99999785
1,1,0.9999882
1,1,0.9999949
1,1,0.99999416
1,1,0.99999774
1,1,0.99999774
1,1,0.99999464
1,1,0.9999995
1,1,0.9999932
1,1,0.9999987
1,1,0.99999547
1,1,0.9999993
1,1,0.9999912
1,1,0.9994923
1,1,0.9999993
1,1,0.9999893
1,1,0.9999976
1,1,0.99999666
1,1,0.9999864
1,1,0.99999464
1,1,0.99999905
1,1,0.99999523
1,1,0.9999981
1,1,0.999995
1,1,0.9999987
1,1,0.9999968
1,1,0.9999995
1,1,0.9634601
1,1,0.99999297
1,1,0.9999957
1,1,0.9999981
1,1,0.99920386
1,1,0.99999917
1,1,0.9999975
1,1,0.99999607
1,1,0.99999917
1,1,0.999998
1,1,0.99999917
1,1,0.9999969
1,1,0.9999975
1,1,0.99999833
1,1,0.99999547
1,1,0.9999949
1,1,0.99999166
1,1,0.99999416
1,1,0.99999774
1,1,0.99999917
1,1,0.9999925
1,1,0.9999907
1,1,0.9999945
1,1,0.9998305
1,1,0.99999213
1,1,0.99999785
1,1,0.9999993
1,1,0.9999994
1,1,0.99918205
1,1,0.9999907
1,1,0.9999745
1,1,0.9999975
1,1,0.99999833
1,1,0.9984687
1,1,0.99999714
1,1,0.9999987
1,1,0.9999931
1,1,0.99999774
1,1,0.9999975
1,1,0.99999833
1,1,0.99999523
1,1,0.9999963
1,1,0.99999726
1,1,0.9999919
1,1,0.9999987
1,1,0.9999937
1,1,0.999964
1,1,0.9999969
1,1,0.9999981
1,1,0.9999957
1,1,0.99999857
1,1,0.9999957
1,1,0.9999974
1,1,0.9999963
1,1,0.99999845
1,1,0.9999969
1,1,0.9999968
1,1,0.99999726
1,1,0.99999917
1,1,0.9999989
1,1,0.99999917
1,1,0.99999547
1,1,0.9999906
1,1,0.99999857
1,1,0.99999845
1,1,0.99999154
1,1,0.9999963
1,1,0.99999416
1,1,0.99999857
1,1,0.99999833
1,1,0.99999464
1,1,0.99999666
1,1,0.9999988
1,1,0.999995
1,1,0.99999034
1,1,0.99995947
1,1,0.99999154
1,1,0.9999715
1,1,0.9999926
1,1,0.99999595
1,1,0.9999981
1,1,0.99969256
1,1,0.9999968
1,1,0.999997
1,1,0.99999785
1,1,0.9967986
1,1,0.999946
1,1,0.99999595
1,1,0.999997
1,1,0.9999987
1,1,0.999997
1,1,0.9999931
1,1,0.99999774
1,1,0.9999933
1,1,0.9999989
1,1,0.9999988
1,1,0.9999958
1,1,0.99996626
1,1,0.9999994
1,1,0.99999595
1,1,0.99999547
1,1,0.99999666
1,1,0.99999833
1,1,0.9999968
1,1,0.99998903
1,1,0.9999635
1,1,0.9999956
1,1,0.9999981
1,1,0.99999845
1,1,0.99999654
1,1,0.999997
1,1,0.9999956
1,1,0.9999988
1,1,0.9999957
1,1,0.9999964
1,1,0.99999225
1,1,0.999998
1,1,0.9999956
1,1,0.99999714
1,1,0.9999962
1,1,0.99999726
1,1,0.9999925
1,1,0.9999987
1,1,0.99999917
1,1,0.9999969
1,1,0.9999962
1,1,0.9999957
1,1,0.99999607
1,1,0.9999964
1,1,0.99999845
1,1,0.999992
1,1,0.9999969
1,1,0.99999547
1,1,0.9999974
1,1,0.9999987
1,1,0.9999902
1,1,0.9999938
1,1,0.99999917
1,1,0.9999963
1,1,0.999997
1,1,0.9999982
1,1,0.9999732
1,1,0.999998
1,1,0.99999833
1,1,0.9999938
1,1,0.9999964
1,1,0.9999957
1,1,0.9999968
1,1,0.99997854
1,1,0.9999906
1,1,0.9999987
1,1,0.9999937
1,1,0.99998283
1,1,0.9999995
1,1,0.9999993
1,1,0.99999654
1,1,0.99999785
1,1,0.9999993
1,1,0.9999989
1,1,0.999995
1,1,0.99985206
1,1,0.99999344
1,1,0.99999726
1,1,0.9999969
1,1,0.999997
1,1,0.9999964
1,1,0.99999225
1,1,0.9999945
1,1,0.99999917
1,1,0.9999908
1,1,0.9999987
1,1,0.9999975
1,1,0.9368485
1,1,0.9999887
1,1,0.9999989
1,1,0.99999905
1,1,0.9999951
1,1,0.9999988
1,1,0.9999989
1,1,0.99999917
1,1,0.99997747
1,1,0.99999857
1,1,0.9999963
1,1,0.9999987
1,1,0.99999106
1,1,0.9999976
1,1,0.999998
1,1,0.99999464
1,1,0.9999945
1,1,0.9489327
1,1,0.9999994
1,1,0.99999714
1,1,0.9999995
1,1,0.9999962
1,1,0.9999964
1,1,0.9999802
1,1,0.9999738
1,1,0.99999917
1,1,0.9999908
1,1,0.99991596
1,1,0.9999982
1,1,0.999995
1,1,0.999997
1,1,0.9999949
1,1,0.9983047
1,1,0.9999945
1,1,0.9999788
1,1,0.9999987
1,1,0.99999845
1,1,0.99747145
1,1,0.99999785
1,1,0.9999994
1,1,0.9999988
1,1,0.9999908
1,1,0.99999595
1,1,0.999997
1,1,0.9999963
1,1,0.999998
1,1,0.9999968
1,1,0.99999917
1,1,0.999985
1,1,0.9999993
1,1,0.999995
1,1,0.999992
1,1,0.9999988
1,1,0.99999845
1,1,0.99999905
1,1,0.99999964
1,1,0.99999607
1,1,0.99999094
1,1,0.99999726
1,1,0.9999937
1,1,0.99999905
1,1,0.99999845
1,1,0.99999917
1,1,0.99998784
1,1,0.9999455
1,1,0.9996948
1,1,0.9999845
1,1,0.9999981
1,1,0.6969719
1,1,0.99999714
1,1,0.99998
1,1,0.9999981
1,1,0.9999434
1,1,0.99999857
1,1,0.9999975
1,1,0.9999974
1,1,0.999995
1,1,0.99999213
1,1,0.99999833
1,1,0.9999976
1,1,0.9999956
1,1,0.9999894
1,1,0.9999956
1,1,0.99995995
1,1,0.99999
1,1,0.99999714
1,1,0.99999607
1,1,0.9999964
1,1,0.9999987
1,1,0.9999982
1,1,0.99997497
1,1,0.99999666
1,1,0.9999987
1,1,0.9999995
1,1,0.9999988
1,1,0.99999905
1,1,0.9999963
1,1,0.99997926
1,1,0.9999963
1,1,0.9999975
1,1,0.99998224
1,1,0.9999981
1,1,0.9993648
1,1,0.99993134
1,1,0.99999726
1,1,0.99999833
1,1,0.99999857
1,1,0.999972
1,1,0.9999943
1,1,0.9999877
1,1,0.99999845
1,1,0.99999785
1,1,0.99999785
1,1,0.9999987
1,1,0.99996614
1,1,0.99999857
1,1,0.99999726
1,1,0.9998504
1,1,0.9999976
1,1,0.99999464
1,1,0.9999682
1,1,0.9999981
1,1,0.99999917
1,1,0.9999958
1,1,0.9999964
1,1,0.999985
1,1,0.9999962
1,1,0.9999969
1,1,0.9999962
1,1,0.99999845
1,1,0.99999917
1,1,0.9999988
1,1,0.999998
1,1,0.99999225
1,1,0.99999714
1,1,0.9999969
1,1,0.99999905
1,1,0.99999654
1,1,0.99999833
1,1,0.99999845
1,1,0.99999464
1,1,0.9999893
1,1,0.9999975
1,1,0.9999945
1,1,0.99999213
1,1,0.99999785
1,1,0.99999964
1,1,0.99999464
1,1,0.99999595
1,1,0.99999344
1,1,0.9999908
1,1,0.9999814
1,1,0.999998
1,1,0.9999832
1,1,0.99994695
1,1,0.99999464
1,1,0.9999995
1,1,0.99999785
1,1,0.999997
1,1,0.99996936
1,1,0.99999523
1,1,0.99999785
1,1,0.9999981
1,1,0.99999666
1,1,0.99999654
1,1,0.99999857
1,1,0.9999995
1,1,0.9999982
1,1,0.9999944
1,1,0.99999774
1,1,0.9999994
1,1,0.999998
1,1,0.9997038
1,1,0.9999963
1,1,0.99995935
1,1,0.99999523
1,1,0.99999857
1,1,0.9999931
1,1,0.9999913
1,1,0.99999917
1,1,0.99999785
1,1,0.99998844
1,1,0.999997
1,1,0.9999943
1,1,0.99999535
1,1,0.9999918
1,1,0.9999926
1,1,0.99997675
1,1,0.9999989
1,1,0.99999595
1,1,0.99999225
1,1,0.9999976
1,1,0.999997
1,1,0.99999547
1,1,0.99999166
1,1,0.9999976
1,1,0.9999943
1,1,0.99999595
1,1,0.9999993
1,1,0.9999976
1,1,0.99999607
1,1,0.9992046
1,1,0.99998295
1,1,0.999984
1,1,0.9999989
1,1,0.99999726
1,1,0.9998549
1,1,0.99999714
1,1,0.9999938
1,1,0.99999976
1,1,0.9983127
1,1,0.99999714
1,1,0.99999607
1,1,0.9999957
1,1,0.99999833
1,1,0.99999774
1,1,0.9999962
1,1,0.9999894
1,1,0.99999905
1,1,0.9999963
1,1,0.9999536
1,1,0.99999595
1,1,0.9999957
1,1,0.9999691
1,1,0.9999969
1,1,0.9999919
1,1,0.99999905
1,1,0.99999654
1,1,0.99999857
1,1,0.99999523
1,1,0.99999857
1,1,0.9999881
1,1,0.9999988
1,1,0.9999958
1,1,0.99999774
1,1,0.99999547
1,1,0.99999785
1,1,0.9999974
1,1,0.9999981
1,1,0.9999976
1,1,0.99999607
1,1,0.9999987
1,1,0.9999975
1,1,0.999997
1,1,0.99999833
1,1,0.9999988
1,1,0.99999905
1,1,0.9999896
1,1,0.6283392
1,1,0.99999523
1,1,0.9999975
1,1,0.9999896
1,1,0.99999344
1,1,0.99999833
1,1,0.9999895
1,1,0.9999646
1,1,0.9999943
1,1,0.9999975
1,1,0.9999962
1,1,0.9999988
1,1,0.99999833
1,1,0.99999714
1,1,0.9999993
1,1,0.999998
1,1,0.99999356
1,1,0.9999968
1,1,0.99999833
1,1,0.99999964
1,1,0.9999925
1,1,0.9999769
1,1,0.9999914
1,1,0.9999982
1,1,0.9999944
1,1,0.9999932
1,1,0.99999845
1,1,0.9999969
1,1,0.9999964
1,1,0.9999782
1,1,0.9999907
1,1,0.9999527
1,1,0.999997
1,1,0.96243495
1,1,0.99999714
1,1,0.99999905
1,1,0.99996436
1,1,0.99999607
1,1,0.9999913
1,1,0.99999464
1,1,0.999998
1,1,0.99999774
1,1,0.99999964
1,1,0.9999995
1,1,0.9999981
1,1,0.99999785
1,1,0.99999535
1,1,0.99999905
1,1,0.99999905
1,1,0.99998546
1,0,0.017362732
1,1,0.9999993
1,1,0.9999995
1,1,0.99999356
1,1,0.99999523
1,1,0.9999931
1,1,0.99999523
1,1,0.9999993
1,1,0.9999974
1,1,0.999956
1,1,0.99999404
1,1,0.99999917
1,1,0.99999213
1,0,0.111620374
1,1,0.9999367
1,1,0.9999982
1,1,0.9999963
1,1,0.7213595
1,1,0.9999957
1,1,0.999997
1,1,0.9999951
1,1,0.9999937
1,1,0.99999845
1,1,0.99998724
1,1,0.99999857
1,1,0.99999917
1,1,0.99996686
1,1,0.9999877
1,1,0.99999523
1,1,0.9930942
1,1,0.99999785
1,1,0.9999981
1,1,0.9999951
1,1,0.9999877
1,1,0.99999917
1,1,0.9999963
1,1,0.999997
1,1,0.99999833
1,1,0.9997789
1,1,0.99999523
1,1,0.99999666
1,1,0.9999968
1,1,0.99998796
1,1,0.9999969
1,1,0.999998
1,1,0.9999994
1,1,0.99999714
1,1,0.9999964
1,1,0.99999774
1,1,0.99999857
1,1,0.99999714
1,1,0.9999993
1,1,0.9999968
1,1,0.9999974
1,1,0.99999857
1,1,0.9999907
1,1,0.9999993
1,1,0.9999938
1,1,0.9999976
1,1,0.9999975
1,1,0.99999523
1,1,0.99999344
1,1,0.99999833
1,1,0.99999595
1,1,0.9999964
1,1,0.99999714
1,1,0.9999995
1,1,0.999997
1,1,0.99999464
1,1,0.9999949
1,1,0.99998856
1,1,0.99936205
1,1,0.999997
1,1,0.9999974
1,1,0.999997
1,1,0.99999154
1,1,0.9999943
1,1,0.99999
1,1,0.9999982
1,1,0.9999976
1,1,0.9999958
1,1,0.99999726
1,1,0.9999976
1,1,0.99999845
1,1,0.99998236
1,1,0.9999993
1,1,0.9999962
1,1,0.99998856
1,1,0.9999982
1,1,0.99999857
1,1,0.9999987
1,1,0.9999987
1,1,0.99999785
1,1,0.9999964
1,1,0.9999981
1,1,0.9999702
1,1,0.9999968
1,1,0.9999976
1,1,0.9999964
1,1,0.9999865
1,1,0.9999963
1,1,0.99999785
1,1,0.99985325
1,1,0.9999931
1,1,0.99999714
1,1,0.99999785
1,1,0.99999976
1,1,0.99998724
1,1,0.9999989
1,1,0.9999976
1,1,0.99999905
1,1,0.9999943
1,1,0.99999917
1,1,0.9999962
1,1,0.99999857
1,1,0.99999857
1,1,0.9999982
1,1,0.99999726
1,1,0.9999901
1,1,0.9999995
1,1,0.9999939
1,1,0.9999969
1,1,0.97990316
1,1,0.9999969
1,1,0.9999939
1,1,0.9999956
1,1,0.9999989
1,1,0.99991643
1,1,0.99999905
1,1,0.99999726
1,1,0.9999974
1,1,0.99999905
1,1,0.9999944
1,1,0.99997056
1,1,0.9999981
1,1,0.99998224
1,1,0.9999974
1,1,0.99998915
1,1,0.999987
1,1,0.9999875
1,1,0.9999919
1,1,0.99999416
1,1,0.99999547
1,1,0.999998
1,1,0.9999956
1,1,0.9999951
1,1,0.9999988
1,1,0.9999993
1,1,0.9999975
1,1,0.99999595
1,1,0.99981374
1,1,0.9999974
1,1,0.9999125
1,1,0.99996674
1,1,0.9999987
1,1,0.9999963
1,1,0.9999945
1,1,0.99999607
1,1,0.99999666
1,1,0.99999404
1,1,0.9999919
1,1,0.99982363
1,1,0.9999993
1,1,0.9999881
1,1,0.9999989
1,1,0.99999654
1,1,0.99982005
1,1,0.9999987
1,1,0.9998685
1,1,0.9999964
1,1,0.9999987
1,1,0.999992
1,1,0.99999964
1,1,0.9999993
1,1,0.8874558
1,1,0.99999785
1,1,0.99999714
1,1,0.9999876
1,1,0.99999654
1,1,0.9999989
1,1,0.9999963
1,1,0.9999981
1,1,0.9999988
1,1,0.99999857
1,1,0.9999862
1,1,0.99998236
1,1,0.9999975
1,1,0.99999917
1,1,0.9999988
1,1,0.99998903
1,1,0.9999989
1,1,0.99999774
1,1,0.9999987
1,1,0.99999666
1,1,0.9999989
1,1,0.99999917
1,1,0.999997
1,1,0.9999976
1,1,0.99999857
1,1,0.99999774
1,1,0.999987
1,1,0.9999825
1,1,0.9999956
1,1,0.99999166
1,1,0.9963354
1,1,0.99999595
1,1,0.9999833
1,1,0.9999989
1,1,0.9999969
1,1,0.99999857
1,1,0.99999547
1,1,0.9999987
1,1,0.99999106
1,1,0.9999932
1,1,0.9999924
1,1,0.9999924
1,1,0.9999943
1,1,0.9999912
1,1,0.9999715
1,1,0.9999962
1,1,0.9999913
1,1,0.999998
1,1,0.99997675
1,1,0.9999987
1,1,0.999977
1,1,0.99999726
1,1,0.9999989
1,1,0.9999938
1,1,0.99999857
1,1,0.9999943
1,1,0.9999976
1,1,0.9999994
1,1,0.9999956
1,1,0.9999958
1,1,0.99999285
1,1,0.99998677
1,1,0.99999535
1,1,0.99999714
1,1,0.9999815
1,1,0.99994683
1,1,0.9999553
1,1,0.99999654
1,1,0.9999988
1,1,0.9999937
1,1,0.9999989
1,1,0.9999969
1,1,0.9999974
1,1,0.9999939
1,1,0.99999917
1,1,0.9999969
1,1,0.99999785
1,1,0.9999989
1,1,0.9999956
1,1,0.99999857
1,1,0.9999993
1,1,0.9999974
1,1,0.99999917
1,1,0.9999989
1,1,0.99998736
1,1,0.9999962
1,1,0.9966612
1,1,0.9999976
1,1,0.99999607
1,1,0.99999297
1,1,0.99999917
1,1,0.9999958
1,1,0.99999964
1,1,0.999997
1,1,0.99999654
1,1,0.9999988
1,1,0.99999964
1,1,0.99999106
1,1,0.9999968
1,1,0.9999907
1,1,0.999997
1,1,0.9999875
1,1,0.9999976
1,1,0.99999905
1,1,0.9999951
1,1,0.99999213
1,1,0.9999951
1,1,0.9999989
1,1,0.99999857
1,1,0.9999944
1,1,0.9999988
1,1,0.99999416
1,1,0.99999654
1,1,0.99999857
1,1,0.9999794
1,1,0.99999666
1,1,0.9999982
1,1,0.9999945
1,1,0.99999297
1,1,0.9999759
1,1,0.9999975
1,1,0.9998691
1,1,0.9999938
1,1,0.99998796
1,1,0.99999404
1,1,0.999998
1,1,0.99999785
1,1,0.99974674
1,1,0.99999845
1,1,0.999998
1,1,0.99999666
1,1,0.9999944
1,1,0.9999982
1,1,0.9999454
1,1,0.9999926
1,1,0.99979156
1,1,0.99999666
1,1,0.9999939
1,1,0.99999344
1,1,0.9999958
1,1,0.99999857
1,1,0.9999968
1,1,0.9999958
1,1,0.9999982
1,1,0.9999993
1,1,0.9999894
1,1,0.9999989
1,1,0.99999166
1,1,0.9999993
1,1,0.9999962
1,1,0.9999105
1,1,0.9999981
1,1,0.999997
1,1,0.9999918
1,1,0.9999989
1,1,0.5237831
1,1,0.9999976
1,1,0.99999666
1,1,0.99999857
1,1,0.99999595
1,1,0.8908833
1,1,0.999997
1,1,0.9999958
1,1,0.9999907
1,1,0.9999782
1,1,0.99999845
1,1,0.99999833
1,1,0.9999987
1,1,0.99999905
1,1,0.9999857
1,1,0.99999774
1,1,0.99999774
1,1,0.9999988
1,1,0.9999969
1,1,0.99999654
1,1,0.99533635
1,1,0.99979395
1,1,0.999967
1,1,0.99999917
1,1,0.99998915
1,1,0.99945015
1,1,0.9999968
1,1,0.9999988
1,1,0.99999666
1,1,0.99999475
1,1,0.9999982
1,1,0.99999857
1,1,0.99976236
1,1,0.99999654
1,1,0.999998
1,1,0.99998355
1,1,0.9999981
1,1,0.99999845
1,1,0.99999785
1,1,0.99999785
1,1,0.99999905
1,1,0.9999807
1,1,0.9999987
1,1,0.99999774
1,1,0.99999654
1,1,0.99999833
1,1,0.9999951
1,1,0.99999535
1,1,0.99999547
1,1,0.9999974
1,1,0.9999988
1,1,0.99999654
1,1,0.99993753
1,1,0.999782
1,1,0.9999951
1,1,0.9999982
1,1,0.9999993
1,1,0.99999857
1,1,0.9999976
1,1,0.9999918
1,1,0.99999475
1,1,0.99999845
1,1,0.99999166
1,1,0.99999416
1,1,0.9999937
1,1,0.99999857
1,1,0.9999963
1,1,0.9999995
1,1,0.99999857
1,1,0.9999969
1,1,0.99999845
1,1,0.9999908
1,1,0.9999478
1,1,0.9999974
1,1,0.9999933
1,1,0.9999968
1,1,0.99999356
1,1,0.99999905
1,1,0.99999785
1,1,0.8477246
1,1,0.9999995
1,1,0.9999993
1,1,0.9999958
1,1,0.99999213
1,1,0.9999864
1,1,0.9999869
1,1,0.9999951
1,1,0.99999785
1,1,0.9999962
1,1,0.9999962
1,1,0.99999833
1,1,0.9999969
1,1,0.9999962
1,1,0.9999919
1,1,0.9999932
1,1,0.99999464
1,1,0.9999895
1,1,0.9999962
1,1,0.9999988
1,1,0.9999969
1,1,0.99999416
1,1,0.99999917
1,1,0.9999989
1,1,0.999995
1,1,0.9999968
1,1,0.99999726
1,1,0.99999857
1,1,0.9999738
1,1,0.9999956
1,1,0.9999989
1,1,0.99999225
1,1,0.9904137
1,1,0.99999845
1,1,0.9999987
1,1,0.9999981
1,1,0.99999666
1,1,0.99999845
1,1,0.9999975
1,1,0.9999925
1,1,0.9999964
1,1,0.99999917
1,1,0.9999994
1,1,0.99999535
1,1,0.9999976
1,1,0.9999881
1,1,0.9999881
1,1,0.99998
1,1,0.99999785
1,1,0.99999857
1,1,0.9999987
1,1,0.9999975
1,1,0.99999845
1,1,0.9997385
1,1,0.9999987
1,1,0.999992
1,1,0.9999964
1,1,0.99999833
1,1,0.99999905
1,1,0.9999987
1,1,0.9999906
1,1,0.9999969
1,1,0.9736908
1,1,0.99998724
1,1,0.9999254
1,1,0.9999949
1,1,0.999997
1,1,0.99735993
1,1,0.99999845
1,1,0.9999974
1,1,0.9999982
1,1,0.99999523
1,1,0.9999968
1,1,0.9999968
1,1,0.9999951
1,1,0.99999857
1,1,0.9999968
1,1,0.9999995
1,1,0.99999774
1,1,0.9999987
1,1,0.9999912
1,1,0.9999937
1,1,0.9999925
1,1,0.99999464
1,1,0.9999826
1,1,0.9999987
1,1,0.9999989
1,1,0.9999981
1,1,0.9999987
1,1,0.9999913
1,1,0.9999939
1,1,0.999997
1,1,0.9999981
1,1,0.99999654
1,1,0.9999951
1,1,0.99999845
1,1,0.9999988
1,1,0.9999974
1,1,0.99998915
1,1,0.99998915
1,1,0.9999969
1,1,0.9999981
1,1,0.9999982
1,1,0.9999963
1,1,0.99999917
1,1,0.999998
1,1,0.99996483
1,1,0.99999475
1,1,0.99999726
1,1,0.999997
1,1,0.99997556
1,1,0.97666603
1,1,0.9999796
1,1,0.99999845
1,1,0.9999957
1,1,0.9999318
1,1,0.99999595
1,1,0.9999652
1,1,0.999998
1,1,0.9999938
1,1,0.9999207
1,1,0.9999974
1,1,0.99999535
1,1,0.9999957
1,1,0.99999726
1,1,0.99998724
1,1,0.9999939
1,1,0.99999714
1,1,0.99999726
1,1,0.9999993
1,1,0.9999975
1,1,0.99999857
1,1,0.9861479
1,1,0.9999858
1,1,0.99996626
1,1,0.99999475
1,1,0.9999876
1,1,0.9999975
1,1,0.9999982
1,1,0.99999785
1,1,0.9999976
1,1,0.9999933
1,1,0.999813
1,1,0.9999963
1,1,0.9999974
1,1,0.999998
1,1,0.9999939
1,1,0.99999857
1,1,0.9999908
1,1,0.9999988
1,1,0.9999958
1,1,0.99997616
1,1,0.99999356
1,1,0.99999905
1,1,0.999997
1,1,0.9999968
1,1,0.99994826
1,1,0.99999666
1,1,0.9999982
1,1,0.9999956
1,1,0.99999857
1,1,0.9999645
1,1,0.99999666
1,1,0.99999726
1,1,0.9999933
1,1,0.99999785
1,1,0.9999963
1,1,0.9999161
1,1,0.99999845
1,1,0.99999785
1,1,0.9999882
1,1,0.99997926
1,1,0.99998975
1,1,0.9999933
1,1,0.9999962
1,1,0.9999949
1,1,0.9999974
1,1,0.9999974
1,1,0.9999356
1,1,0.9999956
1,1,0.9999964
1,1,0.99999654
1,1,0.99998975
1,1,0.9999881
1,1,0.9999975
1,1,0.9999987
1,1,0.9999993
1,1,0.9999938
1,1,0.9999987
1,1,0.9999869
1,1,0.9999943
1,1,0.999992
1,1,0.9999968
1,1,0.9999987
1,1,0.999997
1,1,0.9999701
1,1,0.9999908
1,1,0.9999896
1,1,0.9999988
1,1,0.99999344
1,1,0.99999666
1,1,0.9999926
1,1,0.9999924
1,1,0.99999905
1,1,0.99999905
1,1,0.9999987
1,1,0.99999475
1,1,0.9999926
1,1,0.99999547
1,1,0.9999987
1,1,0.9999968
1,1,0.99999905
1,1,0.9999974
1,1,0.9999993
1,1,0.99999857
1,1,0.9999888
1,1,0.99999666
1,1,0.99999774
1,1,0.9999981
1,1,0.9999894
1,1,0.9999963
1,1,0.99998844
1,1,0.999997
1,1,0.9999919
1,1,0.9999981
1,1,0.9999876
1,1,0.9999994
1,1,0.9999994
1,1,0.9999982
1,1,0.9999987
1,1,0.99999845
1,1,0.9999913
1,1,0.9355548
1,1,0.99999344
1,1,0.9992956
1,1,0.99999595
1,1,0.9999931
1,1,0.9999987
1,1,0.9999906
1,1,0.99999595
1,1,0.9999982
1,1,0.99998903
1,1,0.999998
1,1,0.99999905
1,1,0.99999
1,1,0.99999106
1,1,0.99999774
1,1,0.99996436
1,1,0.99999833
1,1,0.9999981
1,1,0.9999993
1,1,0.9999957
1,1,0.99998057
1,1,0.9999993
1,1,0.9999882
1,1,0.9999963
1,1,0.99999774
1,1,0.99999726
1,1,0.9999958
1,1,0.9999908
1,1,0.99999297
1,1,0.9999939
1,1,0.99999464
1,1,0.99993443
1,1,0.99999547
1,1,0.9999975
1,1,0.9999906
1,1,0.9999974
1,1,0.99999416
1,1,0.99999785
1,1,0.99998987
1,1,0.9999964
1,1,0.9999982
1,1,0.9999927
1,1,0.99999905
1,1,0.9999949
1,1,0.99999654
1,1,0.99999785
1,1,0.9998876
1,1,0.9999963
1,1,0.9999895
1,1,0.99999356
1,1,0.9999703
1,1,0.9999974
1,1,0.992864
1,1,0.99999464
1,1,0.9999995
1,1,0.9999974
1,1,0.99999166
1,1,0.9999788
1,1,0.99999917
1,1,0.99998796
1,1,0.99982435
1,1,0.999997
1,1,0.99999285
1,1,0.99999726
1,1,0.99999666
1,1,0.9999969
1,1,0.9999865
1,1,0.999995
1,1,0.99999845
1,1,0.99999857
1,1,0.9999143
1,1,0.99999654
1,1,0.9999982
1,1,0.9999988
1,1,0.99999774
1,1,0.99999714
1,1,0.99999285
1,1,0.99999785
1,1,0.9999951
1,1,0.9999969
1,1,0.9999949
1,1,0.9999962
1,1,0.99611074
1,1,0.9999908
1,1,0.9999988
1,1,0.99999774
1,1,0.9999987
1,1,0.99999833
1,1,0.99999917
1,1,0.9999176
1,1,0.9999995
1,1,0.9999976
1,1,0.9999825
1,1,0.9999547
1,1,0.9999796
1,1,0.9999956
1,1,0.9999895
1,1,0.9999995
1,1,0.9999895
1,1,0.9999325
1,1,0.9999981
1,1,0.9998248
1,1,0.9999937
1,1,0.9999784
1,1,0.9999893
1,1,0.9999949
1,1,0.9999951
1,1,0.999998
1,1,0.9999956
1,1,0.9999888
1,1,0.99999666
1,1,0.9999274
1,1,0.9999963
1,1,0.99999356
1,1,0.9999926
1,1,0.9999987
1,1,0.9999982
1,1,0.99990654
1,1,0.9999969
1,1,0.9999982
1,1,0.9999958
1,1,0.9999943
1,1,0.99999774
1,1,0.9999994
1,1,0.9999963
1,1,0.9999975
1,1,0.9999968
1,1,0.9999652
1,1,0.9999989
1,1,0.9999989
1,1,0.999997
1,1,0.9999875
1,1,0.9999993
1,1,0.99999857
1,1,0.99999464
1,1,0.99999666
1,1,0.99999607
1,1,0.99999714
1,1,0.9999962
1,1,0.999998
1,1,0.9999974
1,1,0.99999845
1,1,0.99999833
1,1,0.9999987
1,1,0.9999975
1,1,0.99999714
1,1,0.99999905
1,1,0.9999964
1,1,0.99999607
1,1,0.99999595
1,1,0.9999906
1,1,0.9999994
1,1,0.9999975
1,1,0.9999956
1,1,0.9999962
1,1,0.9999938
1,1,0.9999989
1,1,0.99999475
1,0,0.053547285
1,1,0.99999845
1,1,0.99999785
1,1,0.99999654
1,1,0.9999956
1,1,0.9999963
1,1,0.99999905
1,1,0.99999774
1,1,0.9999826
1,1,0.9999956
1,1,0.9999981
1,1,0.99999845
1,1,0.9999969
1,1,0.9999987
1,1,0.9999956
1,1,0.9999987
1,1,0.99999666
1,1,0.99999785
1,1,0.9999937
1,1,0.99999857
1,1,0.99999726
1,1,0.99999523
1,1,0.9999976
1,1,0.99999344
1,1,0.9999912
1,1,0.99988544
1,1,0.9999964
1,1,0.99999607
1,1,0.99999905
1,1,0.9999995
1,1,0.9999944
1,1,0.9995578
1,1,0.9999993
1,1,0.9999964
1,1,0.9999988
1,1,0.99999845
1,1,0.9999759
1,1,0.99999166
1,1,0.9999989
1,1,0.99998975
1,1,0.999982
1,1,0.99999917
1,1,0.9999951
1,1,0.99998426
1,1,0.9999958
1,1,0.9999994
1,1,0.9999777
1,0,0.17394103
1,1,0.99999774
1,1,0.9999981
1,1,0.99999714
1,1,0.9999925
1,1,0.9999987
1,1,0.9999975
1,1,0.99999285
1,1,0.99999774
1,1,0.9999975
1,1,0.99999905
1,1,0.9999957
1,1,0.9999974
1,1,0.99999356
1,1,0.9999976
1,1,0.99999774
1,1,0.9999963
1,1,0.9999976
1,1,0.99999356
1,1,0.999998
1,1,0.9999993
1,1,0.99999297
1,1,0.99999535
1,1,0.9999989
1,1,0.99999833
1,1,0.99999964
1,1,0.9999901
1,1,0.99999774
1,1,0.999998
1,1,0.9999982
1,1,0.9999994
1,1,0.9999974
1,1,0.9999988
1,1,0.9999956
1,1,0.99998987
1,1,0.999995
1,1,0.9999995
1,1,0.99998736
1,1,0.9999987
1,1,0.9999988
1,1,0.99999905
1,1,0.9999945
1,1,0.9999987
1,1,0.9999721
1,1,0.968474
1,1,0.99999475
1,1,0.9999988
1,1,0.9999981
1,1,0.99999344
1,1,0.99994636
1,1,0.9999981
1,1,0.99999785
1,1,0.99999607
1,1,0.9999918
1,1,0.99999166
1,1,0.99998796
1,1,0.99999416
1,1,0.99999857
1,1,0.99992204
1,1,0.9999964
1,1,0.9999994
1,1,0.9983347
1,1,0.9998006
1,1,0.9999889
1,1,0.99999714
1,1,0.99999607
1,1,0.9999964
1,1,0.9999993
1,1,0.99998844
1,1,0.9999993
1,1,0.9999981
1,1,0.9999925
1,1,0.9999987
1,1,0.9998029
1,1,0.9999993
1,1,0.99999917
1,1,0.99999523
1,1,0.99999666
1,1,0.9999962
1,1,0.99999726
1,1,0.9999962
1,1,0.99999785
1,1,0.99999285
1,1,0.99999905
1,1,0.9999988
1,1,0.99998236
1,1,0.9999962
1,1,0.99999046
1,1,0.9999969
1,1,0.9999951
1,1,0.9999968
1,1,0.99999774
1,1,0.99999857
1,1,0.9999956
1,1,0.9999827
1,1,0.9999589
1,1,0.9999988
1,1,0.9999703
1,1,0.99999714
1,1,0.999997
1,1,0.9999962
1,1,0.99999785
1,1,0.9994506
1,1,0.9999863
1,1,0.9856565
1,1,0.9998995
1,1,0.9999987
1,1,0.99999666
1,1,0.9999949
1,1,0.99999833
1,1,0.99999475
1,1,0.9999982
1,1,0.99999654
1,1,0.9999963
1,1,0.99999356
1,1,0.99999785
1,1,0.9999975
1,1,0.9997509
1,1,0.99999833
1,1,0.9998461
1,1,0.9998838
1,1,0.9999982
1,1,0.9999993
1,1,0.99999833
1,1,0.9999764
1,1,0.9999964
1,1,0.9999969
1,1,0.99997354
1,1,0.9999949
1,1,0.99999607
1,1,0.99998665
1,1,0.99999106
1,1,0.99999726
1,1,0.9999939
1,1,0.99999964
1,1,0.99999523
1,1,0.99999833
1,1,0.99999845
1,1,0.99999785
1,1,0.9999962
1,1,0.9999975
1,1,0.9999988
1,1,0.999998
1,1,0.99999404
1,1,0.9999981
1,1,0.99999833
1,1,0.9999949
1,1,0.99999785
1,1,0.99996054
1,1,0.99999714
1,1,0.99999785
1,1,0.99999607
1,1,0.9999994
1,1,0.99999857
1,1,0.99999595
1,1,0.99999666
1,1,0.99999857
1,1,0.9999982
1,1,0.99999905
1,1,0.9999969
1,1,0.9999945
1,1,0.9999956
1,1,0.9999995
1,1,0.9999882
1,1,0.9994778
1,1,0.9999981
1,1,0.9999995
1,1,0.999998
1,1,0.9999963
1,1,0.9987717
1,1,0.99968827
1,1,0.99999595
1,1,0.99999475
1,1,0.9999989
1,1,0.9999578
1,1,0.96780413
1,1,0.9999993
1,1,0.9999974
1,1,0.99999654
1,1,0.9999964
1,1,0.99999654
1,1,0.9999839
1,1,0.9999962
1,1,0.99999356
1,1,0.99999857
1,1,0.99999774
1,1,0.99999607
1,1,0.9999974
1,1,0.9999969
1,1,0.9943288
1,1,0.99999666
1,1,0.9999912
1,1,0.9999987
1,1,0.99998224
1,1,0.9999819
1,1,0.9999939
1,1,0.9999989
1,1,0.99999833
1,1,0.9999982
1,1,0.99999774
1,1,0.99939954
1,1,0.9999994
1,1,0.9981812
1,0,0.25220186
1,1,0.99999106
1,1,0.9999751
1,1,0.99999344
1,1,0.999998
1,1,0.9999958
1,1,0.99999905
1,1,0.99999726
1,1,0.99999535
1,1,0.99999654
1,1,0.99999595
1,1,0.9999976
1,1,0.9999876
1,1,0.9999796
1,1,0.9999987
1,1,0.9998363
1,1,0.99999714
1,1,0.999997
1,1,0.99994946
1,1,0.9998528
1,1,0.9999795
1,1,0.99999785
1,1,0.99999845
1,1,0.9999976
1,1,0.99998295
1,1,0.99999857
1,1,0.99999785
1,1,0.9999945
1,1,0.9999938
1,1,0.99999905
1,1,0.9999907
1,1,0.9999994
1,1,0.9999968
1,1,0.999997
1,1,0.9999956
1,1,0.99999714
1,1,0.9999944
1,1,0.99999845
1,1,0.99999857
1,1,0.9999987
1,1,0.9999987
1,1,0.99999595
1,1,0.99999595
1,1,0.9999932
1,1,0.9999975
1,1,0.9999925
1,1,0.999995
1,1,0.99999833
1,1,0.99993825
1,1,0.9999902
1,1,0.99999857
1,1,0.9999994
1,1,0.9999981
1,1,0.99999034
1,1,0.99999785
1,1,0.9999821
1,1,0.9999993
1,1,0.9999981
1,1,0.9999852
1,1,0.9999912
1,1,0.99999905
1,1,0.99993837
1,1,0.99999833
1,1,0.9999933
1,1,0.9999987
1,1,0.9999995
1,1,0.99999356
1,1,0.99999857
1,1,0.9999974
1,1,0.9999981
1,1,0.9999963
1,1,0.9999989
1,1,0.999995
1,1,0.99919254
1,1,0.99999535
1,1,0.99999547
1,1,0.99999726
1,1,0.9999989
1,1,0.9999993
1,1,0.99999475
1,1,0.99997616
1,1,0.99999833
1,1,0.9999517
1,1,0.99999905
1,1,0.9999994
1,1,0.99997604
1,1,0.99999654
1,1,0.9999981
1,1,0.9999957
1,1,0.99999106
1,1,0.99999666
1,1,0.9999975
1,1,0.99999654
1,1,0.99999774
1,1,0.9999968
1,1,0.9999989
1,1,0.9999968
1,1,0.99999964
1,1,0.9999987
1,1,0.9999982
1,1,0.9999968
1,1,0.9999914
1,1,0.9999964
1,1,0.99995494
1,1,0.999997
1,1,0.99942136
1,1,0.99999404
1,1,0.9999908
1,1,0.9999974
1,1,0.9999993
1,1,0.9999968
1,1,0.9999975
1,1,0.99999344
1,1,0.9999932
1,1,0.99999654
1,1,0.9999976
1,1,0.99999535
1,1,0.9999962
1,1,0.99999475
1,1,0.999997
1,1,0.9999994
1,1,0.99999917
1,1,0.99999833
1,1,0.99999607
1,1,0.9999846
1,1,0.99999726
1,1,0.999998
1,1,0.9996754
1,1,0.99996245
1,1,0.9999964
1,1,0.99999404
1,1,0.99975747
1,1,0.9999945
1,1,0.99996316
1,1,0.9999989
1,1,0.99999905
1,1,0.9999982
1,1,0.99999833
1,1,0.99999785
1,1,0.99998903
1,1,0.9999018
1,1,0.99999
1,1,0.99999523
1,1,0.99999917
1,1,0.99999905
1,1,0.9999981
1,1,0.9999987
1,1,0.9999981
1,1,0.99999344
1,1,0.99999774
1,1,0.999977
1,1,0.99999285
1,1,0.9999987
1,1,0.9999697
1,1,0.999998
1,1,0.99999857
1,1,0.99999833
1,1,0.99999833
1,1,0.9999974
1,1,0.99999416
1,1,0.9999529
1,1,0.99999785
1,1,0.99999905
1,1,0.9999982
1,1,0.99999845
1,1,0.99999905
1,1,0.99999404
1,1,0.9999927
1,1,0.99994874
1,1,0.99999964
1,1,0.99224395
1,1,0.9999995
1,1,0.9999987
1,1,0.99999607
1,1,0.9999969
1,1,0.9999945
1,1,0.99999726
1,1,0.99999833
1,1,0.9999975
1,1,0.99999094
1,1,0.9999994
1,1,0.99999857
1,1,0.99999356
1,1,0.9999974
1,1,0.99999714
1,1,0.9999987
1,1,0.9999963
1,1,0.9999964
1,1,0.9999956
1,1,0.99989665
1,1,0.9999995
1,1,0.99999106
1,1,0.9999962
1,1,0.9999982
1,1,0.99999714
1,1,0.9999937
1,1,0.99998045
1,1,0.9999969
1,1,0.9999963
1,1,0.99999654
1,1,0.9974657
1,1,0.9997764
1,1,0.9999956
1,1,0.99999917
1,1,0.9992348
1,1,0.9999913
1,1,0.9999995
1,1,0.99999845
1,1,0.99999285
1,1,0.99999285
1,1,0.9999987
1,1,0.9999907
1,1,0.99999714
1,1,0.99999845
1,1,0.99999154
1,1,0.99999416
1,1,0.99999774
1,1,0.9999987
1,1,0.99999297
1,1,0.99999845
1,1,0.9999764
1,1,0.99986374
1,1,0.99999833
1,1,0.99999595
1,1,0.99999523
1,1,0.999819
1,1,0.99999785
1,1,0.99999106
1,0,0.2598847
1,1,0.9999982
1,1,0.999995
1,1,0.999691
1,1,0.9999962
1,1,0.9999826
1,1,0.99744666
1,1,0.99996054
1,1,0.99999535
1,1,0.99999845
1,1,0.9999988
1,1,0.9999944
1,1,0.9999982
1,1,0.99999726
1,1,0.99999774
1,1,0.9999956
1,1,0.9999826
1,1,0.9999666
1,1,0.9999982
1,1,0.99999654
1,1,0.9999987
1,1,0.9999939
1,1,0.99997115
1,1,0.99999654
1,1,0.99999416
1,1,0.9993893
1,1,0.9999981
1,1,0.9999771
1,1,0.9999982
1,1,0.99999225
1,1,0.99999297
1,1,0.9999974
1,1,0.9999993
1,1,0.99999833
1,1,0.9999964
1,1,0.9999975
1,1,0.9999968
1,1,0.99999356
1,1,0.99999917
1,1,0.99999404
1,1,0.9999993
1,1,0.99999917
1,1,0.9996791
1,1,0.99999726
1,1,0.9999852
1,1,0.9999993
1,1,0.9999987
1,1,0.99999595
1,1,0.999982
1,1,0.9999982
1,1,0.9999969
1,1,0.9999962
1,1,0.99999785
1,1,0.958799
1,1,0.999998
1,1,0.99999464
1,1,0.9999969
1,1,0.9999981
1,1,0.9999987
1,1,0.9999987
1,1,0.99999845
1,1,0.99999416
1,1,0.99999356
1,1,0.9999865
1,1,0.9999964
1,1,0.99999785
1,1,0.99999905
1,1,0.9999982
1,1,0.99999595
1,1,0.99999166
1,1,0.99999833
1,1,0.99998903
1,1,0.9999981
1,1,0.9999989
1,1,0.999997
1,1,0.9999987
1,1,0.9999862
1,1,0.99999785
1,1,0.9999962
1,1,0.9999989
1,1,0.9999969
1,1,0.99999726
1,1,0.9999958
1,1,0.99999666
1,1,0.9999832
1,1,0.9999918
1,1,0.99999535
1,1,0.99999475
1,1,0.9999925
1,1,0.99999785
1,1,0.999995
1,1,0.9999988
1,1,0.99999094
1,1,0.99999666
1,1,0.9999975
1,1,0.99999344
1,1,0.9999759
1,1,0.99999726
1,1,0.9999926
1,1,0.9999975
1,1,0.9999759
1,1,0.9999988
1,1,0.99999213
1,1,0.99999285
1,1,0.9999944
1,1,0.99999714
1,1,0.99999547
1,1,0.99999523
1,1,0.99997234
1,1,0.99999976
1,1,0.9999976
1,1,0.9999987
1,1,0.99999666
1,1,0.99999964
1,1,0.99999833
1,1,0.9999988
1,1,0.9999963
1,1,0.99999905
1,1,0.99999917
1,1,0.99999607
1,1,0.9999906
1,1,0.99999845
1,1,0.99999094
1,1,0.9992855
1,1,0.99998975
1,1,0.9999882
1,1,0.9999968
1,1,0.999998
1,1,0.9999981
1,1,0.99999774
1,1,0.99999654
1,1,0.99999845
1,1,0.9999844
1,1,0.99999905
1,1,0.9999993
1,1,0.9999964
1,1,0.9999944
1,1,0.9999982
1,1,0.99999785
1,1,0.9996686
1,1,0.9999733
1,1,0.99999666
1,1,0.99974555
1,1,0.9999989
1,1,0.9999993
1,1,0.99997914
1,1,0.99999595
1,1,0.99999535
1,1,0.99999475
1,1,0.99996376
1,1,0.9999974
1,1,0.9999994
1,1,0.9999782
1,1,0.9999982
1,1,0.99999666
1,1,0.99999726
1,1,0.99348927
1,1,0.999998
1,1,0.99999523
1,1,0.9999976
1,1,0.99999857
1,1,0.99999845
1,1,0.99999535
1,1,0.99999654
1,1,0.9999852
1,1,0.9999976
1,1,0.99999905
1,1,0.9999937
1,1,0.9999988
1,1,0.99998784
1,1,0.9999974
1,1,0.9999982
1,1,0.9999777
1,1,0.9999734
1,1,0.9999976
1,1,0.99999774
1,1,0.99999905
1,1,0.99998915
1,1,0.999997
1,1,0.9999832
1,1,0.99999523
1,1,0.99986744
1,1,0.99999
1,1,0.99999547
1,1,0.99998665
1,1,0.99999785
1,1,0.9999987
1,1,0.9999833
1,1,0.9999989
1,1,0.9999826
1,1,0.9999993
1,1,0.9999975
1,1,0.99999714
1,1,0.9998294
1,1,0.9999031
1,1,0.9999697
1,1,0.9999993
1,1,0.9999994
1,1,0.9999939
1,1,0.9999993
1,1,0.99998176
1,1,0.99999905
1,1,0.99999857
1,1,0.9999949
1,0,0.039544962
1,1,0.9999976
1,1,0.9999976
1,1,0.99992466
1,1,0.9999969
1,1,0.9999052
1,1,0.9999932
1,1,0.9999685
1,1,0.9999552
1,1,0.9999925
1,1,0.9999944
1,1,0.99999654
1,1,0.99999464
1,1,0.9999932
1,1,0.9999969
1,1,0.9999957
1,1,0.99999523
1,1,0.999998
1,1,0.99999225
1,1,0.99999475
1,1,0.99999595
1,1,0.9990765
1,1,0.9999882
1,1,0.9999988
1,1,0.999997
1,1,0.99999666
1,1,0.99999464
1,1,0.99999833
1,1,0.9999962
1,1,0.9999943
1,1,0.99999917
1,1,0.9999907
1,1,0.9999943
1,1,0.9999956
1,1,0.9999988
1,1,0.99999774
1,1,0.9999976
1,1,0.9999994
1,1,0.9999994
1,1,0.9999957
1,1,0.9999988
1,1,0.99999726
1,1,0.9999913
1,1,0.9999912
1,1,0.99999166
1,1,0.99999535
1,1,0.9999993
1,1,0.99999607
1,1,0.99999404
1,1,0.99999547
1,1,0.9999956
1,1,0.9999927
1,1,0.99999905
1,1,0.9999778
1,1,0.9999982
1,1,0.9999993
1,1,0.99999833
1,1,0.9999963
1,1,0.9999912
1,1,0.99999523
1,1,0.99999475
1,1,0.99999845
1,1,0.9999962
1,1,0.99998593
1,1,0.9990864
1,1,0.99999964
1,1,0.9999927
1,1,0.99999785
1,1,0.99999774
1,1,0.99999833
1,1,0.9999982
1,1,0.99999905
1,1,0.99999547
1,1,0.9999943
1,1,0.99989724
1,1,0.999995
1,1,0.9999932
1,1,0.9999927
1,1,0.9999969
1,1,0.99999905
1,1,0.99999607
1,1,0.9999982
1,1,0.9996947
1,1,0.99998486
1,1,0.99998486
1,1,0.9999964
1,1,0.9999989
1,1,0.9999989
1,1,0.9999987
1,1,0.99999857
1,1,0.99999726
1,1,0.99998057
1,1,0.9999982
1,1,0.99999917
1,1,0.9999988
1,1,0.9999974
1,1,0.99999666
1,1,0.9999293
1,1,0.9999672
1,1,0.9999926
1,1,0.9999944
1,1,0.9999956
1,1,0.99992836
1,1,0.9999945
1,1,0.9999857
1,1,0.99999905
1,1,0.9999981
1,1,0.9999949
1,1,0.9999951
1,1,0.9999176
1,1,0.9999958
1,1,0.99999833
1,1,0.9999964
1,1,0.99998844
1,1,0.99999845
1,1,0.99999785
1,1,0.99999607
1,1,0.99999857
1,1,0.9999958
1,1,0.9999989
1,1,0.9999988
1,1,0.99999917
1,1,0.99997413
1,1,0.99995947
1,1,0.9999976
1,1,0.9999957
1,1,0.9998165
1,1,0.9999778
1,1,0.99999404
1,1,0.9999993
1,1,0.9999964
1,1,0.99999344
1,1,0.9999918
1,1,0.999998
1,1,0.99999666
1,1,0.9999957
1,1,0.9999964
1,1,0.9999989
1,1,0.99999857
1,1,0.9999958
1,1,0.99999774
1,1,0.9999901
1,1,0.99999714
1,1,0.9999939
1,1,0.9998714
1,1,0.9999969
1,1,0.9999962
1,1,0.9999968
1,1,0.9999981
1,1,0.9999981
1,1,0.99998987
1,1,0.9999963
1,1,0.9999968
1,1,0.99997723
1,1,0.9999976
1,1,0.9999838
1,1,0.99999666
1,1,0.99999976
1,1,0.9995467
1,1,0.99999833
1,1,0.999998
1,1,0.9999975
1,1,0.9999939
1,1,0.9999844
1,1,0.9999223
1,1,0.9999962
1,1,0.9999932
1,1,0.9999988
1,1,0.9999989
1,1,0.99991584
1,1,0.9999995
1,1,0.9999969
1,1,0.9999987
1,1,0.99999833
1,1,0.9999975
1,1,0.99999595
1,1,0.85100186
1,1,0.9999155
1,1,0.9999944
1,1,0.99997365
1,1,0.9999981
1,1,0.9999975
1,1,0.9999962
1,1,0.99999547
1,1,0.9999927
1,1,0.99999833
1,1,0.9999981
1,1,0.9999963
1,1,0.9999963
1,1,0.99999464
1,1,0.99999726
1,1,0.99999845
1,1,0.999997
1,1,0.99999166
1,1,0.99999726
1,1,0.999998
1,1,0.99999654
1,1,0.9999964
1,1,0.99999857
1,1,0.99999845
1,1,0.9999199
1,1,0.9999887
1,1,0.99999166
1,1,0.9999951
1,1,0.9999963
1,1,0.9999957
1,1,0.99999523
1,1,0.999998
1,1,0.99999344
1,1,0.99998903
1,1,0.9999956
1,1,0.9999987
1,1,0.9999931
1,1,0.9972938
1,1,0.9999974
1,1,0.99999714
1,1,0.999998
1,1,0.99999595
1,1,0.9999025
1,1,0.99999607
1,1,0.99999714
1,1,0.9999987
1,1,0.99999607
1,1,0.99999595
1,1,0.99999785
1,1,0.9999927
1,1,0.9999869
1,1,0.9999988
1,1,0.99999774
1,1,0.9999981
1,1,0.99999654
1,1,0.999998
1,1,0.9999988
1,1,0.99999785
1,1,0.999977
1,1,0.9999989
1,1,0.99995255
1,1,0.9999753
1,1,0.9999974
1,1,0.99999905
1,1,0.9999963
1,1,0.9999957
1,1,0.9999827
1,1,0.999997
1,1,0.9999994
1,1,0.99999607
1,1,0.99999785
1,1,0.94393015
1,1,0.99998736
1,1,0.9999969
1,1,0.9999994
1,1,0.99999654
1,1,0.9999951
1,1,0.99999726
1,1,0.9999962
1,1,0.9999927
1,1,0.99999917
1,1,0.99999917
1,1,0.99999774
1,1,0.99999607
1,1,0.9999976
1,1,0.9999949
1,1,0.9999932
1,1,0.99999845
1,1,0.99999666
1,1,0.9999975
1,1,0.99999714
1,1,0.9999981
1,1,0.999997
1,1,0.999995
1,1,0.9999974
1,1,0.9999951
1,1,0.9999989
1,1,0.99999714
1,1,0.9999956
1,1,0.9999962
1,1,0.99999416
1,1,0.9999962
1,1,0.9999981
1,1,0.99999154
1,1,0.98978454
1,1,0.99999785
1,1,0.9992761
1,1,0.99999654
1,1,0.9999974
1,1,0.99999297
1,1,0.99999607
1,1,0.99999905
1,1,0.999998
1,1,0.9999944
1,1,0.9999989
1,1,0.99999785
1,1,0.99973994
1,1,0.9999995
1,1,0.9999989
1,1,0.9999956
1,1,0.75448257
1,1,0.99999213
1,1,0.9999982
1,1,0.9999949
1,1,0.9999964
1,1,0.9999987
1,1,0.999997
1,1,0.9999994
1,1,0.99999225
1,1,0.99999905
1,1,0.99999857
1,1,0.9999958
1,1,0.9999969
1,1,0.58876693
1,1,0.9999963
1,1,0.99998355
1,1,0.9999949
1,1,0.99999785
1,1,0.9999838
1,1,0.99996674
1,1,0.99999475
1,1,0.99999666
1,1,0.99999857
1,1,0.9999989
1,1,0.99999726
1,1,0.99999404
1,1,0.99999666
1,1,0.9999981
1,1,0.99999726
1,1,0.99999833
1,1,0.9999988
1,1,0.9999982
1,1,0.9999988
1,1,0.99999905
1,1,0.99999845
1,1,0.9999968
1,1,0.9999968
1,1,0.9830656
1,1,0.9999981
1,1,0.99998987
1,1,0.99923575
1,1,0.9999895
1,1,0.9999988
1,1,0.9999944
1,1,0.99999774
1,1,0.9999945
1,1,0.9999982
1,1,0.99999666
1,1,0.9999944
1,1,0.99999857
1,1,0.99999917
1,1,0.9999846
1,1,0.9999969
1,1,0.99999833
1,1,0.9999558
1,1,0.9999964
1,1,0.999997
1,1,0.99949634
1,1,0.9995303
1,1,0.99999297
1,1,0.9999895
1,1,0.9960467
1,1,0.99999523
1,1,0.9999964
1,1,0.99999607
1,1,0.9999815
1,1,0.9999893
1,1,0.9999968
1,1,0.99999595
1,1,0.99999666
1,1,0.9996736
1,0,0.025067102
1,1,0.99999225
1,1,0.9999976
1,1,0.99999547
1,1,0.99999607
1,1,0.9998528
1,1,0.99999833
1,1,0.9999918
1,1,0.9999989
1,1,0.999998
1,1,0.99999857
1,1,0.9999889
1,1,0.999997
1,1,0.99261415
1,1,0.99999845
1,1,0.9999982
1,1,0.99999845
1,1,0.9999931
1,1,0.9999989
1,1,0.99999213
1,1,0.99994004
1,1,0.9999976
1,1,0.9999993
1,1,0.9999963
1,1,0.99999654
1,1,0.99999785
1,1,0.9999975
1,1,0.9999964
1,1,0.9999988
1,1,0.9999951
1,1,0.9999968
1,1,0.9999962
1,1,0.999995
1,1,0.99999595
1,1,0.99999535
1,1,0.99999833
1,1,0.99999523
1,1,0.9999974
1,1,0.9999987
1,1,0.99999917
1,1,0.9999987
1,1,0.99999535
1,1,0.99999833
1,1,0.999995
1,1,0.9999987
1,1,0.9999974
1,1,0.99999416
1,1,0.9999919
1,1,0.99999225
1,1,0.9997811
1,1,0.99999726
1,1,0.9999987
1,1,0.9999987
1,1,0.99999523
1,1,0.9999895
1,1,0.99999726
1,1,0.9999968
1,1,0.9999976
1,1,0.99999917
1,1,0.9999975
1,1,0.9999993
1,1,0.9999976
1,1,0.9999987
1,1,0.9999969
1,1,0.99998724
1,1,0.9999938
1,1,0.99999547
1,1,0.9999976
1,1,0.9999982
1,1,0.99997985
1,1,0.99991727
1,1,0.9999963
1,1,0.99999404
1,1,0.99998665
1,1,0.9999988
1,1,0.9999962
1,1,0.99998987
1,1,0.99999726
1,1,0.9999989
1,1,0.9999981
1,1,0.9999968
1,1,0.99997973
1,1,0.93594694
1,1,0.99999714
1,1,0.99999833
1,1,0.9999981
1,1,0.99999845
1,1,0.9999894
1,1,0.9999944
1,1,0.999998
1,1,0.9999988
1,1,0.99997616
1,1,0.99999344
1,1,0.99993265
1,1,0.9999982
1,1,0.99999464
1,1,0.7053643
1,1,0.99999416
1,1,0.9999982
1,1,0.9999975
1,1,0.99999416
1,1,0.9999944
1,1,0.9999981
1,1,0.9999943
1,1,0.7917141
1,1,0.99998283
1,1,0.9999974
1,1,0.99999666
1,1,0.98023605
1,1,0.99999
1,1,0.99999464
1,1,0.9999945
1,1,0.996141
1,1,0.9999956
1,1,0.99999726
1,1,0.9999982
1,1,0.9999974
1,1,0.9999982
1,1,0.9999871
1,1,0.99999833
1,1,0.9999969
1,1,0.9999981
1,1,0.9999945
1,1,0.9999989
1,1,0.9999769
1,1,0.9999988
1,1,0.99999905
1,1,0.99999845
1,1,0.99999833
1,1,0.99999547
1,1,0.99999833
1,1,0.9999969
1,1,0.9999974
1,1,0.9999976
1,1,0.9999957
1,1,0.9999963
1,1,0.99999607
1,1,0.9999926
1,1,0.99999464
1,1,0.99993026
1,1,0.99998426
1,1,0.9999988
1,1,0.99999666
1,1,0.99999857
1,1,0.99999595
1,1,0.99999535
1,1,0.999997
1,1,0.9999989
1,1,0.9999862
1,1,0.9999987
1,1,0.99999726
1,1,0.999997
1,1,0.9864694
1,1,0.9999658
1,1,0.99999654
1,1,0.999997
1,1,0.9999982
1,1,0.9999814
1,1,0.99999404
1,1,0.9999862
1,1,0.99998665
1,1,0.9999988
1,1,0.9999683
1,1,0.9999964
1,1,0.99999607
1,1,0.999998
1,1,0.99999774
1,1,0.9999976
1,1,0.99999595
1,1,0.9999987
1,1,0.99999917
1,1,0.9999943
1,1,0.99999726
1,1,0.99999726
1,1,0.9999943
1,1,0.9999895
1,1,0.9999987
1,1,0.9999975
1,1,0.9999851
1,1,0.9999982
1,1,0.9999938
1,1,0.9999399
1,1,0.9999938
1,1,0.9999987
1,1,0.99999785
1,1,0.99999833
1,1,0.99998915
1,1,0.9999931
1,1,0.9999913
1,1,0.9999939
1,1,0.9999902
1,1,0.9999901
1,1,0.9999958
1,1,0.99999714
1,1,0.9999982
1,1,0.99999785
1,1,0.999998
1,1,0.99999905
1,1,0.9999937
1,1,0.99998546
1,1,0.9999871
1,1,0.99999464
1,1,0.99999857
1,1,0.9998305
1,1,0.9999989
1,1,0.99998856
1,1,0.99999917
1,1,0.9999832
1,1,0.99999905
1,1,0.99999464
1,1,0.9999995
1,1,0.9999981
1,1,0.9999989
1,1,0.99999666
1,1,0.9999968
1,1,0.99987483
1,1,0.99999845
1,1,0.99999666
1,1,0.99999726
1,1,0.9999968
1,1,0.9999974
1,1,0.99999845
1,1,0.9999969
1,1,0.99999774
1,1,0.9999943
1,1,0.99999774
1,1,0.9999976
1,1,0.9999945
1,1,0.9999912
1,1,0.99996614
1,1,0.999992
1,1,0.9999945
1,1,0.99999714
1,1,0.99999714
1,1,0.99994075
1,1,0.9999993
1,1,0.9999944
1,1,0.99999344
1,1,0.99999774
1,1,0.99999523
1,1,0.9999993
1,1,0.99998987
1,1,0.9999913
1,1,0.99997175
1,1,0.99993896
1,1,0.9999958
1,1,0.9999969
1,1,0.99999714
1,1,0.999997
1,1,0.9999968
1,1,0.99998903
1,1,0.99999607
1,1,0.99999845
1,1,0.9999982
1,1,0.9999987
1,1,0.9988912
1,1,0.99999726
1,1,0.9999969
1,1,0.99999547
1,1,0.99998164
1,1,0.9999287
1,1,0.99999726
1,1,0.99999833
1,1,0.99999535
1,1,0.99978966
1,1,0.9999993
1,1,0.99999857
1,1,0.99999547
1,1,0.9999957
1,1,0.99997973
1,1,0.9999993
1,1,0.9973901
1,1,0.99999845
1,1,0.99999785
1,1,0.9999968
1,1,0.9999982
1,1,0.99999344
1,1,0.99999666
1,1,0.99999034
1,1,0.99999714
1,1,0.9999933
1,1,0.99999845
1,1,0.99999845
1,1,0.9999994
1,1,0.999998
1,1,0.9999801
1,1,0.9999938
1,1,0.9999863
1,1,0.9999895
1,1,0.9999993
1,1,0.9999975
1,1,0.999998
1,1,0.99999785
1,1,0.99999726
1,1,0.99999595
1,1,0.9999411
1,1,0.99998665
1,1,0.99999297
1,1,0.9999963
1,1,0.99999785
1,1,0.9999598
1,1,0.9999993
1,1,0.9999945
1,1,0.99999857
1,1,0.99999404
1,1,0.9999298
1,1,0.99999785
1,1,0.9999769
1,1,0.99996746
1,1,0.99998975
1,1,0.99999905
1,1,0.99999726
1,1,0.9999987
1,1,0.9999769
1,1,0.99999595
1,1,0.9999814
1,1,0.99999785
1,1,0.99999225
1,1,0.999998
1,1,0.9999981
1,1,0.999997
1,1,0.9999974
1,1,0.9998142
1,1,0.9999987
1,1,0.9999919
1,1,0.9999871
1,1,0.999998
1,1,0.9999937
1,1,0.9999728
1,1,0.9999974
1,1,0.99999547
1,1,0.96919125
1,1,0.99999595
1,1,0.9999968
1,1,0.9999976
1,1,0.9999989
1,1,0.99999833
1,1,0.9999958
1,1,0.99998915
1,1,0.99999416
1,1,0.99999714
1,1,0.99999845
1,1,0.9999988
1,1,0.9999981
1,1,0.9999862
1,1,0.99998593
1,1,0.99999833
1,1,0.9999963
1,1,0.9999993
1,1,0.9999994
1,1,0.9999893
1,1,0.9999982
1,1,0.99999774
1,1,0.9999976
1,1,0.99999
1,1,0.9999988
1,1,0.999997
1,1,0.99999666
1,1,0.9999975
1,1,0.99999857
1,1,0.9999944
1,0,0.34760734
1,1,0.99999666
1,1,0.99999857
1,1,0.99999666
1,1,0.99999654
1,1,0.999998
1,1,0.9999175
1,1,0.999992
1,1,0.99999726
1,1,0.9999646
1,1,0.9999951
1,1,0.9999962
1,1,0.9999951
1,1,0.99999714
1,1,0.99999714
1,1,0.9999993
1,1,0.99999726
1,1,0.9999956
1,1,0.99884206
1,1,0.9999994
1,1,0.9999974
1,1,0.9999945
1,1,0.99999666
1,1,0.9999502
1,1,0.9999927
1,1,0.9999969
1,1,0.9999901
1,1,0.99982953
1,1,0.99999857
1,1,0.9999908
1,1,0.99968696
1,1,0.9991887
1,1,0.9999857
1,1,0.99999785
1,1,0.9999809
1,1,0.99864894
1,1,0.9999981
1,1,0.99993014
1,1,0.99963343
1,1,0.9997149
1,1,0.9999877
1,1,0.9999982
1,1,0.9999969
1,1,0.9999939
1,1,0.998334
1,1,0.9999938
1,1,0.99999666
1,1,0.9999882
1,1,0.99999785
1,1,0.99999845
1,1,0.99997747
1,1,0.99999607
1,1,0.9999981
1,1,0.9999902
1,1,0.99999857
1,1,0.9999982
1,1,0.8592371
1,1,0.9999963
1,1,0.99999774
1,1,0.9999813
1,1,0.9999988
1,1,0.9999995
1,1,0.9999989
1,1,0.9999994
1,1,0.99999416
1,1,0.99999917
1,1,0.99999905
1,1,0.9999964
1,1,0.99999774
1,1,0.99999714
1,1,0.9999968
1,1,0.99999845
1,1,0.9999989
1,1,0.999997
1,1,0.9999933
1,1,0.99999833
1,1,0.9999906
1,1,0.9999982
1,1,0.999997
1,1,0.99995446
1,1,0.99998283
1,1,0.9999994
1,1,0.9999989
1,1,0.9999975
1,1,0.9999908
1,1,0.9999802
1,1,0.9999995
1,1,0.99999714
1,1,0.993465
1,1,0.9999926
1,1,0.99999845
1,1,0.99999774
1,1,0.99999845
1,1,0.99999547
1,1,0.9999981
1,1,0.99999464
1,1,0.99692994
1,1,0.99999905
1,1,0.99999785
1,1,0.99999785
1,1,0.99999714
1,1,0.9999964
1,1,0.99999857
1,1,0.9999945
1,1,0.99999535
1,1,0.99999774
1,1,0.9999943
1,1,0.9999993
1,1,0.9999877
1,1,0.9999988
1,1,0.99999917
1,1,0.99998915
1,1,0.99999905
1,1,0.9999988
1,1,0.9996823
1,1,0.99999356
1,1,0.9999951
1,1,0.9999988
1,1,0.9999981
1,1,0.99980444
1,1,0.9999993
1,1,0.99999905
1,1,0.99999774
1,1,0.99999857
1,1,0.99999833
1,1,0.99998367
1,1,0.999995
1,1,0.99999774
1,1,0.99999833
1,1,0.99999845
1,1,0.99999475
1,1,0.9999726
1,1,0.99999225
1,1,0.9999925
1,1,0.9999957
1,1,0.9999989
1,1,0.99999845
1,1,0.99999607
1,1,0.9999958
1,1,0.9999924
1,1,0.9999976
1,1,0.99997365
1,1,0.99999607
1,1,0.99999833
1,1,0.99999654
1,1,0.99999905
1,1,0.9999949
1,1,0.9999863
1,1,0.99999857
1,1,0.99999726
1,1,0.9999988
1,1,0.9999846
1,1,0.9999933
1,1,0.9998996
1,1,0.99999654
1,1,0.9999907
1,1,0.9999962
1,1,0.9999962
1,1,0.99999833
1,1,0.99982375
1,1,0.9999789
1,1,0.99999666
1,1,0.99999774
1,1,0.9999988
1,1,0.99999344
1,1,0.99999714
1,1,0.99999774
1,1,0.9999989
1,1,0.99999666
1,1,0.9999975
1,1,0.99999464
1,1,0.999987
1,1,0.9999969
1,1,0.99999917
1,1,0.9999789
1,1,0.99999607
1,1,0.9999976
1,1,0.9999968
1,1,0.99991477
1,1,0.99999416
1,1,0.99999475
1,1,0.9999981
1,1,0.9999981
1,1,0.9994948
1,1,0.9999962
1,1,0.99998283
1,1,0.9999759
1,1,0.9999974
1,1,0.9999964
1,1,0.9999939
1,1,0.9999989
1,1,0.999997
1,1,0.99999464
1,1,0.99999774
1,1,0.9999677
1,1,0.999998
1,1,0.9999968
1,1,0.99999726
1,1,0.9999993
1,1,0.9999914
1,1,0.999992
1,1,0.9999974
1,1,0.99999475
1,1,0.99992645
1,1,0.9999957
1,1,0.99999845
1,1,0.9999958
1,1,0.9999975
1,1,0.999851
1,1,0.9999877
1,1,0.9999894
1,1,0.9999913
1,1,0.99999857
1,1,0.9999887
1,1,0.9999645
1,1,0.9999951
1,1,0.999998
1,1,0.9999963
1,1,0.9999958
1,1,0.9999914
1,1,0.99999523
1,1,0.99999726
1,1,0.99999857
1,1,0.99999607
1,1,0.9999882
1,1,0.9999958
1,1,0.8851241
1,1,0.99999833
1,1,0.9969566
1,1,0.9999974
1,1,0.9999974
1,1,0.9999963
1,1,0.99982834
1,1,0.99999774
1,1,0.99999595
1,1,0.9999914
1,1,0.9999988
1,1,0.9999958
1,1,0.9999671
1,1,0.99999475
1,1,0.99998486
1,1,0.9999981
1,1,0.99997807
1,1,0.99999917
1,1,0.9999863
1,1,0.9999914
1,1,0.99999905
1,1,0.99999607
1,1,0.9999478
1,1,0.99999857
1,1,0.9999958
1,1,0.99998987
1,1,0.9999678
1,1,0.9999968
1,1,0.9999931
1,1,0.99999356
1,1,0.99978393
1,1,0.9999958
1,1,0.9999968
1,1,0.99999857
1,1,0.99999917
1,1,0.99998486
1,1,0.99998415
1,1,0.9999981
1,1,0.9999875
1,1,0.9999945
1,1,0.9999901
1,1,0.9999969
1,1,0.99999416
1,1,0.9999931
1,1,0.9999982
1,1,0.9999974
1,1,0.9999974
1,1,0.999997
1,1,0.99999857
1,1,0.99999857
1,1,0.99999785
1,1,0.99996805
1,1,0.9999956
1,1,0.99999714
1,1,0.98881847
1,1,0.99999845
1,1,0.9999988
1,1,0.9999981
1,1,0.99999225
1,1,0.9999918
1,1,0.999998
1,1,0.9999201
1,1,0.9999943
1,1,0.99999654
1,1,0.9999927
1,1,0.9999939
1,1,0.9999968
1,1,0.99999154
1,1,0.99999785
1,1,0.9999896
1,1,0.99999774
1,1,0.99999464
1,1,0.9999981
1,1,0.99999535
1,1,0.9999975
1,1,0.99998224
1,1,0.99999094
1,1,0.99997544
1,1,0.9999944
1,1,0.9999894
1,1,0.999997
1,1,0.999995
1,1,0.99999726
1,1,0.9999964
1,1,0.99999833
1,1,0.99997616
1,1,0.9999981
1,1,0.9999989
1,1,0.99999475
1,1,0.9999989
1,1,0.99999833
1,1,0.99999714
1,1,0.99999285
1,1,0.99999857
1,1,0.9999906
1,1,0.99998665
1,1,0.9999988
1,1,0.99999475
1,1,0.99999666
1,1,0.9999683
1,1,0.9999943
1,1,0.99999917
1,1,0.9999968
1,1,0.9999976
1,1,0.9999964
1,1,0.9999969
1,1,0.99998295
1,1,0.9999968
1,1,0.99999595
1,1,0.9999974
1,1,0.9999974
1,1,0.9999968
1,1,0.99999464
1,1,0.9999944
1,1,0.9999945
1,1,0.9999995
1,1,0.99999356
1,1,0.999995
1,1,0.9999994
1,1,0.9999987
1,1,0.9999838
1,1,0.9999943
1,1,0.99999535
1,1,0.99998236
1,1,0.99999857
1,1,0.9999496
1,1,0.9999956
1,1,0.9999975
1,1,0.9997857
1,1,0.9999976
1,1,0.99999213
1,1,0.99999774
1,1,0.99999046
1,1,0.99999833
1,1,0.99999666
1,1,0.9997917
1,1,0.9999832
1,1,0.9999988
1,1,0.9999982
1,1,0.99999785
1,1,0.99999166
1,1,0.9947902
1,1,0.99999547
1,1,0.99999547
1,1,0.99998236
1,1,0.99999845
1,1,0.9999956
1,1,0.9999993
1,1,0.99999785
1,1,0.9999969
1,1,0.99999726
1,1,0.9998467
1,1,0.999997
1,1,0.9999976
1,1,0.99993086
1,1,0.99998856
1,1,0.9999974
1,1,0.99999154
1,1,0.9999957
1,1,0.9999994
1,1,0.99999726
1,1,0.9905201
1,1,0.9999969
1,1,0.9982066
1,1,0.9999974
1,1,0.99999785
1,1,0.99999714
1,1,0.99999774
1,1,0.9999335
1,1,0.99999464
1,1,0.9999603
1,1,0.9999982
1,1,0.99999714
1,1,0.9998791
1,0,0.12245286
1,1,0.99999416
1,1,0.99999607
1,1,0.72274256
1,1,0.9999993
1,1,0.9999975
1,1,0.99999034
1,1,0.99999106
1,1,0.9999969
1,1,0.9999993
1,1,0.9999912
1,1,0.9999989
1,1,0.99999523
1,1,0.9999969
1,1,0.9999796
1,1,0.99999154
1,1,0.9999968
1,1,0.9999374
1,1,0.9999912
1,1,0.99997413
1,1,0.9999974
1,1,0.999998
1,1,0.9999968
1,1,0.99997056
1,1,0.9999939
1,1,0.9999931
1,1,0.999997
1,1,0.9999938
1,1,0.9999968
1,1,0.9999944
1,1,0.99999857
1,1,0.99999845
1,1,0.99999654
1,1,0.99998343
1,1,0.9999994
1,1,0.999997
1,1,0.9999982
1,1,0.9999982
1,1,0.9999949
1,1,0.9999833
1,1,0.99999833
1,1,0.9999871
1,1,0.9998387
1,1,0.99999666
1,1,0.99999774
1,1,0.99999845
1,1,0.9999989
1,1,0.9999943
1,1,0.99814165
1,1,0.99999774
1,1,0.9999975
1,1,0.99999845
1,1,0.9999943
1,1,0.99999475
1,1,0.999998
1,1,0.99999714
1,1,0.99999523
1,1,0.9999962
1,1,0.99998486
1,1,0.99999535
1,1,0.9999945
1,1,0.99998283
1,1,0.9999932
1,1,0.99999106
1,1,0.9999989
1,1,0.9999981
1,1,0.9999987
1,1,0.9999956
1,1,0.99972326
1,1,0.99999774
1,1,0.9999981
1,1,0.9999976
1,1,0.9999981
1,1,0.9999969
1,1,0.999997
1,1,0.999997
1,1,0.7049904
1,1,0.9999949
1,1,0.9989324
1,1,0.99999726
1,1,0.9999974
1,1,0.99999154
1,1,0.9999963
1,1,0.9999981
1,1,0.99999905
1,1,0.9999976
1,1,0.999998
1,1,0.9999988
1,1,0.999967
1,1,0.99999475
1,1,0.99999523
1,1,0.99999666
1,1,0.999992
1,1,0.999997
1,1,0.99999905
1,1,0.9999975
1,1,0.9999981
1,1,0.9999944
1,1,0.99999726
1,1,0.9999968
1,1,0.99999905
1,1,0.99999523
1,1,0.9999784
1,1,0.99815804
1,1,0.9083911
1,1,0.99999666
1,1,0.9934964
1,1,0.9999958
1,1,0.99999845
1,1,0.9999982
1,1,0.9999993
1,1,0.999998
1,1,0.99999475
1,1,0.9999993
1,1,0.9999982
1,1,0.99999845
1,1,0.9999975
1,1,0.9958407
1,1,0.99999547
1,1,0.999997
1,1,0.9999974
1,1,0.99999833
1,1,0.9999932
1,1,0.9999976
1,1,0.99999213
1,1,0.99999726
1,1,0.9999262
1,1,0.9999882
1,1,0.99999535
1,1,0.99998915
1,1,0.9999994
1,1,0.9999969
1,1,0.99999154
1,1,0.9999987
1,1,0.99999666
1,1,0.99999774
1,1,0.9999993
1,1,0.99999404
1,1,0.9999974
1,1,0.99999547
1,1,0.99999774
1,0,0.24434328
1,1,0.9999958
1,1,0.9999982
1,1,0.9999981
1,1,0.99901533
1,1,0.9999956
1,1,0.9999974
1,1,0.9999987
1,1,0.9999919
1,1,0.99999833
1,1,0.9999982
1,1,0.9999918
1,1,0.99999726
1,1,0.9999962
1,1,0.9999974
1,1,0.9999989
1,1,0.9999964
1,1,0.9999993
1,1,0.9999975
1,1,0.9999877
1,1,0.99999964
1,1,0.9999825
1,1,0.99995494
1,1,0.9999982
1,1,0.9999918
1,1,0.99999774
1,1,0.99979943
1,1,0.99997234
1,1,0.99999857
1,1,0.99999905
1,1,0.9999027
1,1,0.9999981
1,1,0.99999726
1,1,0.9999968
1,1,0.9999981
1,1,0.9999907
1,1,0.9999913
1,1,0.9999981
1,1,0.9999993
1,1,0.99999905
1,1,0.9999976
1,1,0.9999894
1,1,0.9525704
1,1,0.9999949
1,1,0.9999982
1,1,0.9999939
1,1,0.9999962
1,1,0.69447124
1,1,0.9999968
1,1,0.999998
1,1,0.99999607
1,1,0.999998
1,1,0.99999404
1,1,0.99999785
1,1,0.9999981
1,1,0.9999901
1,1,0.99999547
1,1,0.99999654
1,1,0.9999987
1,1,0.9999919
1,1,0.9999968
1,1,0.99999666
1,1,0.9999969
1,1,0.99999774
1,1,0.99999833
1,1,0.99998045
1,1,0.99999845
1,1,0.9999924
1,0,0.17097932
1,1,0.99999774
1,1,0.99999905
1,1,0.9999987
1,1,0.99999845
1,1,0.9999933
1,1,0.99999416
1,1,0.99999845
1,1,0.9999809
1,1,0.9999993
1,1,0.99988616
1,1,0.9999845
1,1,0.999985
1,1,0.99999297
1,1,0.9999937
1,1,0.9998745
1,1,0.9999938
1,1,0.9993262
1,1,0.99999666
1,1,0.9999976
1,1,0.9999951
1,1,0.999997
1,1,0.9999914
1,1,0.9999981
1,1,0.9999778
1,1,0.99999774
1,1,0.9999691
1,1,0.99998116
1,1,0.999987
1,1,0.999997
1,1,0.9999988
1,1,0.99999547
1,1,0.99999833
1,1,0.99999833
1,1,0.9999939
1,1,0.99999475
1,1,0.99999833
1,1,0.9999969
1,1,0.9999987
1,1,0.9999981
1,1,0.9999987
1,1,0.9999976
1,1,0.99999607
1,1,0.99999905
1,1,0.99999905
1,1,0.9999989
1,1,0.999997
1,1,0.9999927
1,1,0.9999939
1,1,0.99999654
1,1,0.99999774
1,1,0.99999356
1,1,0.9999968
1,1,0.99998236
1,1,0.99999523
1,1,0.9999988
1,1,0.99999654
1,1,0.99978465
1,1,0.9999964
1,1,0.9999989
1,1,0.9999988
1,1,0.999998
1,1,0.9999907
1,1,0.9999989
1,1,0.9999993
1,1,0.99999464
1,1,0.99999845
1,1,0.9999994
1,1,0.9999975
1,1,0.99999535
1,1,0.9945733
1,1,0.99999905
1,1,0.9999993
1,1,0.99999213
1,1,0.9999993
1,1,0.99998844
1,1,0.99999857
1,1,0.9999993
1,1,0.99999905
1,1,0.9999987
1,1,0.9999913
1,1,0.9999963
1,1,0.9999987
1,1,0.9999949
1,1,0.99999905
1,1,0.9999366
1,1,0.9999944
1,1,0.9999982
1,1,0.9999974
1,1,0.99999845
1,1,0.9999988
1,1,0.99999774
1,1,0.9999964
1,1,0.9999975
1,1,0.9999981
1,1,0.999995
1,1,0.99999046
1,1,0.9999933
1,1,0.9999895
1,1,0.99999666
1,1,0.9999945
1,1,0.99889463
1,1,0.9999987
1,1,0.999997
1,1,0.9999945
1,1,0.9999876
1,1,0.9999553
1,1,0.99999523
1,1,0.9999981
1,1,0.9999924
1,1,0.99999726
1,1,0.9999949
1,1,0.9999988
1,1,0.99996984
1,1,0.99999726
1,1,0.9999988
1,1,0.99986434
1,1,0.9999933
1,1,0.99999416
1,1,0.99999845
1,1,0.999997
1,1,0.9999951
1,1,0.99999285
1,1,0.99999106
1,1,0.99995995
1,1,0.99999344
1,1,0.99999535
1,1,0.9999956
1,1,0.9999969
1,1,0.9999988
1,1,0.9999893
1,1,0.99999666
1,1,0.9999951
1,1,0.99999666
1,1,0.9999988
1,1,0.9995529
1,1,0.9999976
1,1,0.9999937
1,1,0.99999714
1,1,0.9999989
1,1,0.9810774
1,1,0.99997926
1,1,0.9998273
1,1,0.9999949
1,1,0.99999726
1,1,0.99999416
1,1,0.99999774
1,1,0.99999905
1,1,0.9999677
1,1,0.9999994
1,1,0.99998736
1,1,0.9999958
1,1,0.99999535
1,1,0.9999993
1,1,0.99999785
1,1,0.99999464
1,1,0.9768201
1,1,0.9999968
1,1,0.9999969
1,1,0.999998
1,1,0.9999974
1,1,0.99999344
1,1,0.9999906
1,1,0.99999654
1,1,0.99999523
1,1,0.99999785
1,1,0.999998
1,1,0.999992
1,1,0.9999827
1,1,0.99999833
1,1,0.999985
1,1,0.99999726
1,1,0.9999969
1,1,0.9999937
1,1,0.99998426
1,1,0.9999832
1,1,0.99999774
1,1,0.999998
1,1,0.99992096
1,1,0.9999218
1,1,0.99999034
1,1,0.99999857
1,1,0.9999882
1,1,0.99999213
1,1,0.9999969
1,1,0.99999714
1,1,0.99999213
1,1,0.99999297
1,1,0.99999654
1,1,0.9999974
1,0,0.30929306
1,1,0.9999877
1,1,0.9999982
1,1,0.9999974
1,1,0.99999535
1,1,0.99999666
1,1,0.9999988
1,1,0.9999925
1,1,0.99999833
1,1,0.9999758
1,1,0.99997413
1,1,0.9999982
1,1,0.9999982
1,1,0.95773846
1,1,0.9999982
1,1,0.9999944
1,1,0.9999945
1,1,0.99995947
1,1,0.99999654
1,1,0.9999924
1,1,0.9999163
1,1,0.99999905
1,1,0.99999666
1,1,0.99999714
1,1,0.999998
1,1,0.99999464
1,1,0.99999213
1,1,0.9999956
1,1,0.9999981
1,1,0.99999833
1,1,0.99999905
1,1,0.99999833
1,1,0.9999957
1,1,0.99999857
1,1,0.9999882
1,1,0.99999917
1,1,0.99999416
1,1,0.9999995
1,1,0.9999988
1,1,0.99998426
1,1,0.99999917
1,1,0.9999938
1,1,0.99999857
1,1,0.99999845
1,1,0.99999416
1,1,0.99999917
1,1,0.9999503
1,1,0.99999857
1,1,0.99999285
1,1,0.9999938
1,1,0.9999976
1,1,0.99999344
1,1,0.999997
1,1,0.9999975
1,1,0.9999957
1,1,0.9999893
1,1,0.99999094
1,1,0.99999905
1,1,0.99999845
1,1,0.9999982
1,1,0.99998975
1,1,0.99999595
1,1,0.99999905
1,1,0.99999285
1,1,0.9999558
1,1,0.9999988
1,1,0.99996483
1,1,0.99999917
1,1,0.999998
1,1,0.99999964
1,1,0.9999993
1,1,0.9798116
1,1,0.9999993
1,1,0.99999833
1,1,0.99999297
1,1,0.99999344
1,1,0.99999607
1,1,0.9999993
1,1,0.9999994
1,1,0.99999666
1,1,0.9999968
1,1,0.9999958
1,1,0.99999666
1,1,0.99999726
1,1,0.9999926
1,1,0.999998
1,1,0.9999968
1,1,0.99999833
1,1,0.9999975
1,1,0.9999031
1,1,0.9999819
1,1,0.9999901
1,1,0.99999833
1,1,0.99995303
1,1,0.9999981
1,1,0.99999416
1,1,0.9999951
1,1,0.9999993
1,1,0.9999987
1,1,0.9999989
1,1,0.9999949
1,1,0.9999949
1,1,0.99999845
1,1,0.9999989
1,1,0.99999857
1,1,0.9999974
1,1,0.9999895
1,1,0.9999968
1,1,0.99999225
1,1,0.99999857
1,1,0.99999726
1,1,0.99999464
1,1,0.9999994
1,1,0.99999833
1,1,0.9999913
1,1,0.99999547
1,1,0.9999808
1,1,0.99999726
1,1,0.99999416
1,1,0.9999844
1,1,0.9999964
1,1,0.9999987
1,1,0.9999987
1,1,0.9999951
1,1,0.9999974
1,1,0.9999943
1,1,0.81364095
1,1,0.9999964
1,1,0.9999889
1,1,0.9999994
1,1,0.9999981
1,1,0.99999356
1,1,0.9999982
1,1,0.9999975
1,1,0.9999964
1,1,0.999998
1,1,0.9999889
1,1,0.9999968
1,1,0.99999917
1,1,0.999948
1,1,0.99999774
1,1,0.99999905
1,1,0.9999964
1,1,0.9999982
1,1,0.99999654
1,1,0.9999913
1,1,0.9999943
1,1,0.9999989
1,1,0.99999607
1,1,0.999984
1,1,0.99999857
1,1,0.9999871
1,1,0.9999957
1,1,0.9997776
1,1,0.9999982
1,1,0.9999957
1,1,0.99999833
1,1,0.99998724
1,1,0.99999547
1,1,0.9999968
1,1,0.99998903
1,1,0.9999889
1,1,0.9999776
1,1,0.9999945
1,1,0.999956
1,1,0.9993278
1,1,0.9999988
1,1,0.999995
1,1,0.9999989
1,1,0.99999523
1,1,0.99999845
1,1,0.99999046
1,1,0.9999945
1,1,0.9999987
1,1,0.99999595
1,1,0.932493
1,1,0.99999034
1,1,0.99999595
1,1,0.9999963
1,1,0.9999981
1,1,0.9999951
1,1,0.99999845
1,1,0.9999974
1,1,0.9999968
1,1,0.99999845
1,1,0.99999297
1,1,0.9999825
1,1,0.9999982
1,1,0.9999993
1,1,0.9999962
1,1,0.9999784
1,1,0.9999938
1,1,0.99999785
1,1,0.9999968
1,1,0.9995914
1,1,0.99999845
1,1,0.9999982
1,1,0.9999919
1,1,0.99999917
1,1,0.99999857
1,1,0.9999982
1,1,0.9999994
1,1,0.99999595
1,1,0.99999464
1,1,0.9999919
1,1,0.9999788
1,1,0.9999968
1,1,0.9999927
1,1,0.99936765
1,1,0.99999857
1,1,0.9999982
1,1,0.999998
1,1,0.99999595
1,1,0.9999939
1,1,0.99939
1,1,0.9999963
1,1,0.9999964
1,1,0.9999975
1,1,0.9999832
1,1,0.99999404
1,1,0.99999547
1,1,0.9999932
1,1,0.9990533
1,1,0.9999988
1,1,0.999995
1,1,0.9999951
1,1,0.99999654
1,1,0.99999607
1,1,0.99993515
1,1,0.99999714
1,1,0.9999956
1,1,0.99999464
1,1,0.9999989
1,1,0.9999975
1,1,0.99999714
1,1,0.99999905
1,1,0.99999917
1,1,0.99999344
1,1,0.99999845
1,1,0.99999833
1,1,0.9999968
1,1,0.99999464
1,1,0.9999881
1,1,0.9999989
1,1,0.9999962
1,1,0.9999927
1,1,0.999998
1,1,0.9999943
1,1,0.99999666
1,1,0.9999931
1,1,0.9999988
1,1,0.9999902
1,1,0.9999981
1,1,0.9999988
1,1,0.999997
1,1,0.99999917
1,1,0.9999995
1,1,0.9999851
1,1,0.999997
1,1,0.999997
1,1,0.9999894
1,1,0.999998
1,1,0.99999714
1,1,0.9999932
1,1,0.9999981
1,1,0.9999969
1,1,0.9999969
1,1,0.9999863
1,1,0.99999857
1,1,0.99999213
1,1,0.9999609
1,1,0.9999937
1,1,0.9999949
1,1,0.9999945
1,1,0.9999963
1,1,0.999997
1,1,0.95942533
1,1,0.9999969
1,1,0.9999962
1,1,0.99999845
1,1,0.9999933
1,1,0.99886656
1,1,0.99995637
1,1,0.9999933
1,1,0.9999957
1,1,0.99999607
1,1,0.9999989
1,1,0.9999857
1,1,0.99999535
1,1,0.9999839
1,1,0.9999957
1,1,0.9968274
1,1,0.99999225
1,1,0.99999416
1,1,0.9999949
1,1,0.9999975
1,1,0.9999982
1,1,0.9999987
1,1,0.9999969
1,1,0.99998736
1,1,0.9999819
1,1,0.9999989
1,1,0.99999726
1,1,0.9999988
1,1,0.99996233
1,1,0.99999905
1,1,0.9999893
1,1,0.9999963
1,1,0.9999976
1,1,0.9999974
1,1,0.99999475
1,1,0.999997
1,1,0.9999995
1,1,0.999998
1,1,0.9999974
1,1,0.99999666
1,1,0.99999857
1,1,0.5134697
1,1,0.99998856
1,1,0.99999666
1,1,0.9999907
1,1,0.9999988
1,1,0.9999969
1,1,0.99999905
1,1,0.9999969
1,1,0.9999931
1,1,0.9999975
1,1,0.9999933
1,1,0.9999976
1,1,0.9999974
1,1,0.9999964
1,1,0.9999976
1,1,0.9999839
1,1,0.99999607
1,1,0.9999981
1,1,0.99999774
1,1,0.9997763
1,1,0.9999969
1,1,0.99999595
1,1,0.99999106
1,1,0.9999938
1,1,0.999998
1,1,0.99999607
1,1,0.9999958
1,1,0.99999297
1,1,0.99999774
1,1,0.9998462
1,1,0.9999968
1,1,0.9999782
1,1,0.9999758
1,1,0.9999938
1,1,0.9999939
1,1,0.9999951
1,1,0.9999893
1,1,0.99999404
1,1,0.99998844
1,1,0.9970156
1,1,0.9999975
1,1,0.99998546
1,1,0.99997985
1,1,0.999998
1,1,0.99997926
1,1,0.9860714
1,1,0.9999968
1,1,0.99999964
1,1,0.9999962
1,1,0.9999913
1,1,0.99999905
1,1,0.9999993
1,1,0.99824166
1,1,0.9999969
1,1,0.9999944
1,1,0.9999987
1,1,0.9999963
1,1,0.99999213
1,1,0.99999344
1,1,0.99999845
1,1,0.9999987
1,1,0.99999595
1,1,0.99999845
1,1,0.9999995
1,1,0.99999726
1,1,0.99999726
1,1,0.999987
1,1,0.9999981
1,1,0.99999774
1,1,0.9999888
1,1,0.99999714
1,1,0.9999957
1,1,0.998757
1,1,0.9999553
1,1,0.99999917
1,1,0.9999969
1,1,0.9999958
1,1,0.99999774
1,1,0.9999982
1,1,0.9999982
1,1,0.9999968
1,1,0.99999905
1,1,0.9999987
1,1,0.9999981
1,1,0.9999826
1,1,0.9999951
1,1,0.99999833
1,1,0.99999654
1,1,0.99999595
1,1,0.99999833
1,1,0.99999535
1,1,0.99998236
1,1,0.9999906
1,1,0.99999726
1,1,0.999998
1,1,0.99999857
1,1,0.9999963
1,1,0.9999988
1,1,0.99999785
1,1,0.99999535
1,1,0.9999726
1,1,0.99999475
1,1,0.9999982
1,1,0.9999938
1,1,0.999992
1,1,0.9999976
1,1,0.9999949
1,1,0.99998236
1,1,0.9999993
1,1,0.9999989
1,1,0.9999908
1,1,0.9999975
1,1,0.999997
1,1,0.9999962
1,1,0.99999905
1,1,0.99999833
1,1,0.9999982
1,1,0.9999951
1,1,0.9999994
1,0,0.08183252
1,1,0.99999416
1,1,0.99999666
1,1,0.99993324
1,1,0.9998847
1,1,0.9994305
1,1,0.99993825
1,1,0.9997662
1,1,0.9998753
1,1,0.9996996
1,1,0.99981815
1,1,0.99999917
1,1,0.9996184
1,1,0.99998224
1,1,0.9995517
1,1,0.9999486
1,1,0.9996176
1,1,0.99997747
1,1,0.99994874
1,1,0.99997675
1,1,0.9999777
1,1,0.99999654
1,1,0.9999989
1,1,0.9996704
1,1,0.9961027
1,1,0.99903667
1,1,0.9999702
1,1,0.9999968
1,1,0.9999846
1,1,0.99999917
1,1,0.99974614
1,1,0.9999974
1,1,0.99984133
1,1,0.9998865
1,1,0.99995816
1,1,0.9999924
1,1,0.999936
1,1,0.9999577
1,1,0.99986184
1,1,0.99984515
1,1,0.99992824
1,1,0.9998797
1,1,0.99988914
1,1,0.9998363
1,1,0.9998061
1,1,0.99987304
1,1,0.99987364
1,1,0.99996316
1,1,0.9999907
1,1,0.99987316
1,1,0.99993825
1,1,0.9999734
1,1,0.99999905
1,1,0.99999595
1,1,0.9999913
1,1,0.9999386
1,1,0.99999404
1,1,0.9999987
1,1,0.99999344
1,1,0.99988794
1,1,0.99999905
1,1,0.998697
1,1,0.99963176
1,1,0.9999982
1,1,0.9999887
1,1,0.99999785
1,1,0.99322814
1,1,0.9999385
1,1,0.99995637
1,1,0.9999963
1,1,0.99945873
1,1,0.9999262
1,1,0.99999833
1,1,0.99089277
1,1,0.9997019
1,1,0.9995968
1,1,0.99995506
1,1,0.99999416
1,1,0.9999682
1,1,0.9998666
1,1,0.9999852
1,1,0.99983263
1,1,0.9996277
1,1,0.99990344
1,1,0.99991024
1,1,0.9999988
1,1,0.99962914
1,1,0.99999845
1,1,0.9997814
1,1,0.99680895
1,1,0.9989961
1,1,0.9999378
1,1,0.9999261
1,1,0.9998454
1,1,0.99999845
1,1,0.9999901
1,1,0.999998
1,1,0.999977
1,1,0.99999464
1,1,0.999848
1,1,0.9999988
1,1,0.99997306
1,1,0.9996043
1,1,0.9993531
1,1,0.99975544
1,1,0.9999981
1,1,0.98727185
1,1,0.99999845
1,1,0.9953858
1,1,0.99939895
1,1,0.99972993
1,1,0.9999082
1,1,0.99768686
1,1,0.99534166
1,1,0.99990666
1,1,0.99992454
1,1,0.99975795
1,1,0.9998815
1,1,0.9995653
1,1,0.9999459
1,1,0.9998703
1,1,0.9999417
1,1,0.9994879
1,1,0.9613926
1,1,0.9998995
1,1,0.9998971
1,1,0.9998142
1,1,0.9989089
1,1,0.99957806
1,1,0.9999887
1,1,0.9999894
1,1,0.99999475
1,1,0.99999905
1,1,0.9999989
1,1,0.9999722
1,1,0.99996006
1,1,0.9999981
1,1,0.9999682
1,1,0.99999535
1,1,0.9999939
1,1,0.99964404
1,1,0.9999981
1,1,0.9999956
1,1,0.9999989
1,1,0.9999933
1,1,0.999897
1,1,0.99998057
1,1,0.99993825
1,1,0.9999796
1,1,0.99999833
1,1,0.9995777
1,1,0.9999739
1,1,0.999899
1,1,0.9999988
1,1,0.98610824
1,1,0.99993825
1,1,0.9127111
1,1,0.99994266
1,1,0.9999391
1,1,0.999268
1,1,0.9999689
1,1,0.9998648
1,1,0.9999455
1,1,0.9999608
1,1,0.9981458
1,1,0.9999635
1,1,0.99972266
1,1,0.9998994
1,1,0.99986684
1,1,0.99980444
1,1,0.99999905
1,1,0.9999919
1,1,0.9999474
1,1,0.99992454
1,1,0.99969316
1,1,0.9986559
1,1,0.9999958
1,1,0.9997373
1,1,0.99974114
1,1,0.99999833
1,1,0.99983215
1,1,0.99403316
1,1,0.9992981
1,1,0.9999938
1,1,0.9999949
1,1,0.9999987
1,1,0.9999981
1,1,0.99997604
1,1,0.99984586
1,1,0.9992453
1,1,0.9999337
1,1,0.6179733
1,1,0.9999001
1,1,0.99945277
1,1,0.9998241
1,1,0.9999049
1,1,0.99984264
1,1,0.99995446
1,1,0.9998104
1,1,0.9997657
1,1,0.9999604
1,1,0.9999242
1,1,0.9998467
1,1,0.9997582
1,1,0.9998964
1,1,0.9999379
1,1,0.99993706
1,1,0.9999467
1,1,0.99147964
1,1,0.9999541
1,1,0.99999046
1,1,0.9999951
1,1,0.99999654
1,1,0.99999714
1,1,0.99999034
1,1,0.9999981
1,1,0.9999981
1,1,0.99999917
1,1,0.99988663
1,1,0.9999962
1,1,0.999967
1,1,0.99942386
1,1,0.999995
1,1,0.99992394
1,1,0.9999927
1,1,0.99925846
1,1,0.99999595
1,1,0.99988616
1,1,0.99999595
1,1,0.9998123
1,1,0.9999963
1,1,0.9999434
1,1,0.99752444
1,1,0.99948955
1,1,0.99985087
1,1,0.9999019
1,1,0.99990344
1,1,0.99994814
1,1,0.9998029
1,1,0.99991226
1,1,0.99989057
1,1,0.99983907
1,1,0.9994978
1,1,0.99996436
1,1,0.99937576
1,1,0.9998456
1,1,0.9999075
1,1,0.9999783
1,1,0.9998492
1,1,0.9998772
1,1,0.9999989
1,1,0.9995278
1,1,0.99990606
1,1,0.9999989
1,1,0.9999975
1,1,0.99962986
1,1,0.9999993
1,1,0.99998665
1,1,0.99993
1,1,0.9999964
1,1,0.9999937
1,1,0.9998605
1,1,0.9999875
1,1,0.99270225
1,1,0.9999753
1,1,0.9999939
1,1,0.99999774
1,1,0.99997807
1,1,0.999992
1,1,0.99941814
1,1,0.9958652
1,1,0.9986577
1,1,0.99934083
1,1,0.99982435
1,1,0.9986511
1,1,0.99991393
1,1,0.99959725
1,1,0.9998166
1,1,0.9999256
1,1,0.999747
1,1,0.99993765
1,1,0.9998599
1,1,0.9999589
1,1,0.9999325
1,1,0.99892896
1,1,0.9969516
1,1,0.99601907
1,1,0.9988439
1,1,0.99959415
1,1,0.9999993
1,1,0.9999968
1,1,0.99999774
1,1,0.9999943
1,1,0.99999344
1,1,0.99992263
1,1,0.99713266
1,1,0.99999607
1,1,0.99999297
1,1,0.9999944
1,1,0.99999714
1,1,0.99988973
1,1,0.9999988
1,1,0.9999931
1,1,0.99998283
1,1,0.99998903
1,1,0.99999833
1,1,0.9999968
1,1,0.9998629
1,1,0.9999411
1,1,0.9998772
1,1,0.9998871
1,1,0.999897
1,1,0.7850969
1,1,0.99990666
1,1,0.9999795
1,1,0.9999919
1,1,0.99987876
1,1,0.9993319
1,1,0.60693645
1,1,0.99993694
1,1,0.99929583
1,1,0.9992873
1,1,0.9998099
1,1,0.9993837
1,1,0.9999931
1,1,0.9999298
1,1,0.9995988
1,1,0.999879
1,1,0.99992466
1,1,0.99968874
1,1,0.99999857
1,1,0.99999726
1,1,0.9999796
1,1,0.9997625
1,1,0.99975854
1,1,0.99998903
1,1,0.9999989
1,1,0.9999262
1,1,0.9980069
1,1,0.99999785
1,1,0.99999344
1,1,0.9999963
1,1,0.99995685
1,1,0.99176824
1,1,0.99998367
1,1,0.9999989
1,1,0.9996413
1,1,0.999998
1,1,0.999997
1,1,0.9999641
1,1,0.9984565
1,1,0.9995433
1,1,0.9999386
1,1,0.99992085
1,1,0.99979097
1,1,0.9998331
1,1,0.99977666
1,1,0.99994016
1,1,0.9992655
1,1,0.9994979
1,1,0.9999825
1,1,0.9999989
1,1,0.99999905
1,1,0.9999981
1,1,0.9999989
1,1,0.9999745
1,1,0.9999949
1,1,0.99998724
1,1,0.99906987
1,1,0.99982196
1,1,0.9996357
1,1,0.99998724
1,1,0.99999416
1,1,0.9999286
1,1,0.9999988
1,1,0.9992669
1,1,0.99999666
1,1,0.99999833
1,1,0.9999684
1,1,0.9999969
1,1,0.99907243
1,1,0.9995596
1,1,0.9998344
1,1,0.9999974
1,1,0.9817862
1,1,0.9999424
1,1,0.9948815
1,1,0.9999497
1,1,0.9996356
1,1,0.9990722
1,1,0.99828976
1,1,0.99975246
1,1,0.9995877
1,1,0.9997967
1,1,0.99911624
1,1,0.999838
1,1,0.999895
1,1,0.99998
1,1,0.99855214
1,1,0.9997949
1,1,0.99999166
1,1,0.99995184
1,1,0.9993505
1,1,0.99953425
1,1,0.9999759
1,1,0.99961805
1,1,0.9998853
1,1,0.999818
1,1,0.9999974
1,1,0.99961096
1,1,0.9999989
1,1,0.9995172
1,1,0.99989796
1,1,0.9999052
1,1,0.9999989
1,1,0.9997838
1,1,0.9990689
1,1,0.9999963
1,1,0.99967253
1,1,0.99999845
1,1,0.9999982
1,1,0.99993515
1,1,0.99819
1,1,0.99973017
1,1,0.998103
1,1,0.9998307
1,1,0.99187636
1,1,0.999908
1,1,0.9998227
1,1,0.9986527
1,1,0.9998342
1,1,0.9999342
1,1,0.9982066
1,1,0.99865913
1,1,0.9999982
1,1,0.999998
1,1,0.9999896
1,1,0.9999949
1,1,0.9999573
1,1,0.99999905
1,1,0.9999286
1,1,0.9999993
1,1,0.9999975
1,1,0.99968886
1,1,0.99980015
1,1,0.99932957
1,1,0.9994603
1,1,0.99994874
1,1,0.9999875
1,1,0.99999595
1,1,0.9997793
1,1,0.999022
1,1,0.999931
1,1,0.9996172
1,1,0.9999981
1,1,0.99997306
1,1,0.9994413
1,1,0.99997854
1,1,0.9999236
1,1,0.99988496
1,1,0.9136641
1,1,0.9999918
1,1,0.99920005
1,1,0.9997004
1,1,0.999998
1,1,0.9998952
1,1,0.9999405
1,1,0.99964476
1,1,0.99977595
1,1,0.99981314
1,1,0.99695766
1,1,0.9999956
1,1,0.99993765
1,1,0.9997603
1,1,0.99999857
1,1,0.99999034
1,1,0.9998876
1,1,0.99999857
1,1,0.9999989
1,1,0.99991083
1,1,0.99999833
1,1,0.9999988
1,1,0.9999758
1,1,0.9999647
1,1,0.99999833
1,1,0.9999976
1,1,0.9997882
1,1,0.9999771
1,1,0.9999988
1,1,0.9999976
1,1,0.99999726
1,1,0.99997747
1,1,0.9999701
1,1,0.9994512
1,1,0.998285
1,1,0.99992514
1,1,0.99989915
1,1,0.9999553
1,1,0.9999014
1,1,0.92082083
1,1,0.9998479
1,1,0.9989825
1,1,0.9999962
1,1,0.9999901
1,1,0.9999982
1,1,0.99999475
1,1,0.9999101
1,1,0.9998777
1,1,0.9999982
1,1,0.99997246
1,1,0.99999034
1,1,0.9999987
1,1,0.99999917
1,1,0.99991906
1,1,0.9999654
1,1,0.99999857
1,1,0.9999945
1,1,0.9997143
1,1,0.9998778
1,1,0.99998677
1,1,0.99999404
1,1,0.9995826
1,1,0.99971455
1,1,0.99999917
1,1,0.99985504
1,1,0.99982244
1,1,0.9996278
1,1,0.99935335
1,1,0.99985504
1,1,0.9999987
1,1,0.99971324
1,1,0.99974483
1,1,0.99936837
1,1,0.99958724
1,1,0.9999368
1,1,0.9996811
1,1,0.99999726
1,1,0.99989533
1,1,0.9996126
1,1,0.9999875
1,1,0.9999962
1,1,0.9986998
1,1,0.9982974
1,1,0.9998995
1,1,0.99876153
1,1,0.99954695
1,1,0.9998037
1,1,0.9999994
1,1,0.9999472
1,1,0.9996418
1,1,0.9998815
1,1,0.9999989
1,1,0.9999174
1,1,0.9999807
1,1,0.99998534
1,1,0.9999225
1,1,0.9999987
1,1,0.99998903
1,1,0.9999989
1,1,0.99997246
1,1,0.9999963
1,1,0.9999976
1,1,0.99844813
1,1,0.99992836
1,1,0.9975479
1,1,0.999959
1,1,0.9999466
1,1,0.9999467
1,1,0.999782
1,1,0.9999219
1,1,0.9999126
1,1,0.99979657
1,1,0.99482167
1,1,0.9991646
1,1,0.99994457
1,1,0.9999608
1,1,0.9992112
1,1,0.9995621
1,1,0.9999963
1,1,0.99999785
1,1,0.99999547
1,1,0.99999857
1,1,0.999089
1,1,0.99929607
1,1,0.99992394
1,1,0.9999993
1,1,0.99999213
1,1,0.9999685
1,1,0.9998815
1,1,0.9991936
1,1,0.99997115
1,1,0.9999957
1,1,0.99967754
1,1,0.99995685
1,1,0.9999987
1,1,0.9976204
1,1,0.9999447
1,1,0.9997049
1,1,0.9999945
1,1,0.9998286
1,1,0.99993634
1,1,0.99999785
1,1,0.99999905
1,1,0.99993503
1,1,0.9996075
1,1,0.99998605
1,1,0.9998901
1,1,0.9997906
1,1,0.9999932
1,1,0.99976104
1,1,0.9997075
1,1,0.9998938
1,1,0.9999945
1,1,0.99989235
1,1,0.999992
1,1,0.99788874
1,1,0.999997
1,1,0.99986327
1,1,0.99999654
1,1,0.9999943
1,1,0.99991477
1,1,0.999941
1,1,0.99999905
1,1,0.9999491
1,1,0.9999895
1,1,0.99969125
1,1,0.99990475
1,1,0.9999981
1,1,0.9993605
1,1,0.9999695
1,1,0.999997
1,1,0.9999975
1,1,0.99702245
1,1,0.9964978
1,1,0.9998976
1,1,0.99986994
1,1,0.99526405
1,1,0.99983597
1,1,0.9998324
1,1,0.9999695
1,1,0.9983182
1,1,0.9999356
1,1,0.99999535
1,1,0.99999845
1,1,0.99998796
1,1,0.9999882
1,1,0.99998283
1,1,0.9998667
1,1,0.99984026
1,1,0.9999212
1,1,0.99912685
1,1,0.999997
1,1,0.9999902
1,1,0.99898726
1,1,0.99984
1,1,0.99999785
1,1,0.99990606
1,1,0.99999857
1,1,0.9962937
1,1,0.99979717
1,1,0.9998852
1,1,0.9999355
1,1,0.99999774
1,1,0.99965084
1,1,0.999998
1,1,0.9998913
1,1,0.9994429
1,1,0.9997937
1,1,0.99954623
1,1,0.9999399
1,1,0.9994362
1,1,0.99965775
1,1,0.999997
1,1,0.9998173
1,1,0.99966
1,1,0.9999988
1,1,0.99997616
1,1,0.9998698
1,1,0.9998221
1,1,0.99993455
1,1,0.99995005
1,1,0.99951625
1,1,0.9999964
1,1,0.99999774
1,1,0.99989045
1,1,0.9999807
1,1,0.9999989
1,1,0.9998118
1,1,0.99999857
1,1,0.9998722
1,1,0.99998283
1,1,0.99999607
1,1,0.9999975
1,1,0.99998
1,1,0.9333934
1,1,0.999931
1,1,0.9981427
1,1,0.9993006
1,1,0.99980193
1,1,0.9998746
1,1,0.99989235
1,1,0.99987185
1,1,0.9991435
1,1,0.9999325
1,1,0.9992861
1,1,0.99999654
1,1,0.99997973
1,1,0.9997583
1,1,0.9999919
1,1,0.99999845
1,1,0.99999344
1,1,0.9999988
1,1,0.9999987
1,1,0.9997768
1,1,0.99998844
1,1,0.999841
1,1,0.99991846
1,1,0.9999981
1,1,0.9998746
1,1,0.9980287
1,1,0.99924433
1,1,0.9994748
1,1,0.9997993
1,1,0.99966323
1,1,0.99996424
1,1,0.9997414
1,1,0.99999285
1,1,0.99993706
1,1,0.9996309
1,1,0.9999232
1,1,0.99991834
1,1,0.99980086
1,1,0.99978226
1,1,0.9985537
1,1,0.99967384
1,1,0.9992901
1,1,0.9989649
1,1,0.9998342
1,1,0.99982256
1,1,0.9998549
1,1,0.99975353
1,1,0.99981385
1,1,0.99999774
1,1,0.9905657
1,1,0.99993265
1,1,0.9988411
1,1,0.9999989
1,1,0.9999944
1,1,0.9998
1,1,0.99995506
1,1,0.99968505
1,1,0.9993825
1,1,0.99999905
1,1,0.9999987
1,1,0.9999691
1,1,0.99999774
1,1,0.999938
1,1,0.99963677
1,1,0.9999989
1,1,0.9985877
1,1,0.99947745
1,1,0.9999238
1,1,0.9999542
1,1,0.9973706
1,1,0.99983096
1,1,0.9313741
1,1,0.9995153
1,1,0.99888307
1,1,0.99871004
1,1,0.9999169
1,1,0.99999845
1,1,0.9999943
1,1,0.9998217
1,1,0.9988912
1,1,0.99999857
1,1,0.9999908
1,1,0.99999785
1,1,0.99987495
1,1,0.99969757
1,1,0.999824
1,1,0.99963295
1,1,0.99999774
1,1,0.9998944
1,1,0.99942434
1,1,0.9998011
1,1,0.9999018
1,1,0.9999974
1,1,0.99986017
1,1,0.99995327
1,1,0.998993
1,1,0.9998435
1,1,0.9992118
1,1,0.9996493
1,1,0.9999267
1,1,0.9999752
1,1,0.9996439
1,1,0.9997768
1,1,0.9999161
1,1,0.99990237
1,1,0.9990208
1,1,0.9999788
1,1,0.9971521
1,1,0.99994564
1,1,0.99985707
1,1,0.9999981
1,1,0.9997776
1,1,0.99548244
1,1,0.99999785
1,1,0.99999917
1,1,0.9999238
1,1,0.9997991
1,1,0.9998129
1,1,0.9999987
1,1,0.99995387
1,1,0.9999733
1,1,0.9999982
1,1,0.9998851
1,1,0.99999726
1,1,0.99999905
1,1,0.99927336
1,1,0.9999958
1,1,0.9992441
1,1,0.9996711
1,1,0.99794286
1,1,0.99988556
1,1,0.9999496
1,1,0.9999007
1,1,0.9982444
1,1,0.9998683
1,1,0.99992573
1,1,0.9867193
1,1,0.99370253
1,1,0.9993274
1,1,0.9999956
1,1,0.9999989
1,1,0.99996734
1,1,0.9991868
1,1,0.99997544
1,1,0.99999535
1,1,0.9992792
1,1,0.99999666
1,1,0.99993646
1,1,0.99999094
1,1,0.99999654
1,1,0.9999974
1,1,0.9999577
1,1,0.99999905
1,1,0.99997246
1,1,0.99973696
1,1,0.9998795
1,1,0.9999993
1,1,0.99958473
1,1,0.9933964
1,1,0.99989283
1,1,0.99982786
1,1,0.99936587
1,1,0.9997137
1,1,0.999843
1,1,0.99983835
1,1,0.99987245
1,1,0.99982184
1,1,0.99981374
1,1,0.9999343
1,1,0.9999428
1,1,0.99988735
1,1,0.99999475
1,1,0.9339582
1,1,0.9998944
1,1,0.9989214
1,1,0.999931
1,1,0.9982337
1,1,0.9999801
1,1,0.9999987
1,1,0.99998987
1,1,0.999998
1,1,0.9998692
1,1,0.99998844
1,1,0.8372805
1,1,0.99999726
1,1,0.99996614
1,1,0.969942
1,1,0.99999607
1,1,0.9999943
1,1,0.9993591
1,1,0.99956316
1,1,0.9999299
1,1,0.99982977
1,1,0.9999094
1,1,0.9999585
1,1,0.9999877
1,1,0.99803394
1,1,0.99958307
1,1,0.99997985
1,1,0.9999393
1,1,0.9999094
1,1,0.9997749
1,1,0.998705
1,1,0.84855896
1,1,0.99994874
1,1,0.9997687
1,1,0.99902403
1,1,0.99791926
1,1,0.99193364
1,1,0.99998856
1,1,0.9980895
1,1,0.9999933
1,1,0.99999833
1,1,0.999746
1,1,0.99999774
1,1,0.999894
1,1,0.99999917
1,1,0.9998379
1,1,0.99999774
1,1,0.9999963
1,1,0.99999774
1,1,0.9998516
1,1,0.9999132
1,1,0.99993527
1,1,0.9999043
1,1,0.9929872
1,1,0.99992657
1,1,0.9999808
1,1,0.9997483
1,1,0.99985445
1,1,0.9998223
1,1,0.99980074
1,1,0.99996376
1,1,0.9998826
1,1,0.9997861
1,1,0.99994636
1,1,0.99982435
1,1,0.9996307
1,1,0.9999286
1,1,0.99995327
1,1,0.9999627
1,1,0.99996793
1,1,0.9964665
1,1,0.9998708
1,1,0.99995637
1,1,0.99999785
1,1,0.9999348
1,1,0.99977297
1,1,0.9997328
1,1,0.99999857
1,1,0.99964213
1,1,0.99999917
1,1,0.9993755
1,1,0.99999475
1,1,0.9994234
1,1,0.9997235
1,1,0.99999285
1,1,0.99987924
1,1,0.9999851
1,1,0.9994956
1,1,0.9986646
1,1,0.9997135
1,1,0.9998977
1,1,0.9996629
1,1,0.9999367
1,1,0.9998869
1,1,0.9987872
1,1,0.9999374
1,1,0.99582577
1,1,0.99995446
1,1,0.9997936
1,1,0.9598253
1,1,0.99993205
1,1,0.9985544
1,1,0.9999318
1,1,0.9988211
1,1,0.9999323
1,1,0.9998934
1,1,0.9972715
1,1,0.9997844
1,1,0.99999666
1,1,0.99975663
1,1,0.99999905
1,1,0.99999833
1,1,0.99998593
1,1,0.98653954
1,1,0.99999416
1,1,0.99909794
1,1,0.999992
1,1,0.9999982
1,1,0.99999094
1,1,0.9998505
1,1,0.9999567
1,1,0.999977
1,1,0.9983646
1,1,0.9981351
1,1,0.9995586
1,1,0.999653
1,1,0.9999651
1,1,0.99964
1,1,0.99954516
1,1,0.9995505
1,1,0.9999027
1,1,0.99991226
1,1,0.9999579
1,1,0.9996203
1,1,0.9996406
1,1,0.99843436
1,1,0.9999919
1,1,0.9998661
1,1,0.9999193
1,1,0.9997509
1,1,0.9999976
1,1,0.9997652
1,1,0.9997727
1,1,0.9999386
1,1,0.9999505
1,1,0.9997582
1,1,0.99964535
1,1,0.99999654
1,1,0.9997923
1,1,0.9999926
1,1,0.99989724
1,1,0.99999905
1,1,0.99991524
1,1,0.9999889
1,1,0.9998777
1,1,0.9924987
1,1,0.9999901
1,1,0.9999758
1,1,0.9999981
1,1,0.99998784
1,1,0.99967694
1,1,0.99964905
1,0,0.3939454
1,1,0.9998555
1,1,0.9978872
1,1,0.99999523
1,1,0.9998709
1,1,0.9993717
1,0,0.16555196
1,1,0.9998306
1,1,0.9999443
1,1,0.9998975
1,1,0.99983406
1,1,0.99973315
1,1,0.99601173
1,1,0.9988895
1,1,0.9999633
1,1,0.9999393
1,1,0.9997726
1,1,0.9999522
1,1,0.99999833
1,1,0.99999654
1,1,0.9999913
1,1,0.99999106
1,1,0.99999845
1,1,0.9998728
1,1,0.99999845
1,1,0.99999785
1,1,0.9999982
1,1,0.9999993
1,1,0.99989283
1,1,0.99992704
1,1,0.99999607
1,1,0.9998956
1,1,0.9967187
1,1,0.9998529
1,1,0.9996306
1,1,0.99779034
1,1,0.9997048
1,1,0.9786735
1,1,0.99984026
1,1,0.9999528
1,1,0.9997185
1,1,0.9986455
1,1,0.9999491
1,1,0.9999498
1,1,0.9999083
1,1,0.9997086
1,1,0.99966323
1,1,0.99977654
1,1,0.99977726
1,1,0.9997788
1,1,0.99982244
1,1,0.99963653
1,1,0.9999949
1,1,0.99998236
1,1,0.99023014
1,1,0.9999199
1,1,0.99999774
1,1,0.9996674
1,1,0.9999906
1,1,0.99999905
1,1,0.99983
1,1,0.9999993
1,1,0.9999938
1,1,0.999998
1,1,0.99991345
1,1,0.99999213
1,1,0.99999356
1,1,0.9999871
1,1,0.99980074
1,1,0.99980253
1,1,0.99989724
1,1,0.99953926
1,1,0.9998903
1,1,0.9997136
1,1,0.9998946
1,1,0.9975362
1,1,0.99992466
1,1,0.9998623
1,1,0.99987125
1,1,0.99778
1,1,0.9990194
1,1,0.9997695
1,1,0.9997255
1,1,0.9964373
1,1,0.9996112
1,1,0.9998221
1,1,0.9998067
1,1,0.9988231
1,1,0.9999918
1,1,0.99998224
1,1,0.9999716
1,1,0.99947315
1,1,0.9999987
1,1,0.9999994
1,1,0.9998311
1,1,0.99999845
1,1,0.99967086
1,1,0.9999926
1,1,0.99998736
1,1,0.99999785
1,1,0.99993634
1,1,0.9976156
1,1,0.9999329
1,1,0.99998975
1,1,0.9971942
1,1,0.99992776
1,1,0.99948275
1,1,0.9998938
1,1,0.99951637
1,1,0.99981016
1,1,0.99973243
1,1,0.99989307
1,1,0.99999774
1,1,0.9999981
1,1,0.99996793
1,1,0.99996614
1,1,0.994802
1,1,0.9999821
1,1,0.9999814
1,1,0.73670775
1,1,0.9998306
1,1,0.99978644
1,1,0.9999958
1,1,0.999972
1,1,0.999977
1,1,0.9999461
1,1,0.59029084
1,1,0.99997926
1,1,0.99990606
1,1,0.9993641
1,1,0.9997298
1,1,0.99289554
1,1,0.99998474
1,1,0.9991604
1,1,0.9999527
1,1,0.99981636
1,1,0.8730886
1,1,0.9999788
1,1,0.98961455
1,1,0.9996238
1,1,0.9999598
1,1,0.9999958
1,1,0.99921095
1,1,0.9999913
1,1,0.9999665
1,1,0.9994917
1,1,0.9998029
1,1,0.99999595
1,1,0.99997616
1,1,0.963508
1,1,0.99995923
1,1,0.9999418
1,1,0.9997377
1,1,0.99812895
1,1,0.99406934
1,1,0.9967077
1,1,0.9998117
1,1,0.9999796
1,1,0.9999881
1,1,0.9999131
1,1,0.99885213
1,1,0.99998724
1,1,0.9998393
1,1,0.82188416
1,1,0.9967507
1,1,0.999931
1,1,0.9999987
1,1,0.9999925
1,1,0.99998236
1,1,0.96693724
1,1,0.9944148
1,1,0.9998056
1,1,0.9999862
1,1,0.99990463
1,1,0.99986434
1,1,0.9999949
1,0,0.47646698
1,1,0.9994836
1,1,0.99995995
1,1,0.99998415
1,1,0.9995658
1,1,0.9999924
1,1,0.99820125
1,1,0.98508507
1,1,0.99998736
1,1,0.9999877
1,1,0.9996412
1,1,0.9988249
1,1,0.9786258
1,1,0.9997924
1,1,0.999984
1,1,0.99996567
1,1,0.9997874
1,1,0.99999595
1,1,0.9998387
1,1,0.98803663
1,1,0.99998903
1,1,0.9991239
1,1,0.9988588
1,1,0.99992716
1,1,0.9999976
1,1,0.9998301
1,1,0.54829544
1,1,0.99999166
1,1,0.99951446
1,0,0.24992956
1,1,0.9721621
1,1,0.99997115
1,0,0.38625866
1,1,0.9999895
1,1,0.99999404
1,1,0.9925343
1,1,0.9999863
1,1,0.99999356
1,1,0.76017356
1,1,0.9999722
1,1,0.89947283
1,1,0.999995
1,1,0.9999691
1,1,0.99997365
1,1,0.9999808
1,1,0.99992526
1,1,0.9999976
1,1,0.9995912
1,1,0.9995629
1,1,0.99999726
1,1,0.9999939
1,1,0.99954444
1,1,0.9994869
1,1,0.9984787
1,1,0.99998844
1,1,0.99999607
1,1,0.99922514
1,1,0.99998724
1,1,0.9999908
1,1,0.99995613
1,1,0.9999913
1,1,0.97598606
1,1,0.9999548
1,1,0.9995654
1,1,0.9996
1,0,0.06024648
1,1,0.9999043
1,1,0.9999962
1,1,0.5005099
1,1,0.9999933
1,1,0.9999969
1,1,0.9999881
1,1,0.9998915
1,1,0.9994702
1,1,0.99998045
1,1,0.99997795
1,1,0.99801254
1,1,0.9999877
1,1,0.9999219
1,1,0.9999491
1,1,0.96339124
1,1,0.99996173
1,1,0.99803287
1,1,0.97990936
1,1,0.99997795
1,1,0.99997795
1,1,0.999997
1,1,0.99279976
1,1,0.99944216
1,1,0.99994934
1,1,0.9999685
1,1,0.9998122
1,1,0.99995875
1,1,0.99997675
1,1,0.9999939
1,1,0.9999373
1,1,0.9999244
1,1,0.99999356
1,1,0.9999958
1,1,0.99997735
1,1,0.9998211
1,1,0.999961
1,1,0.9999522
1,1,0.9999471
1,1,0.9999387
1,1,0.9321501
1,1,0.99783957
1,1,0.9981462
1,1,0.99993277
1,1,0.9979108
1,1,0.99998486
1,1,0.9999969
1,1,0.99405366
1,1,0.7517424
1,1,0.9999548
1,1,0.99974555
1,1,0.5001271
1,1,0.99855596
1,1,0.99985874
1,1,0.64684486
1,1,0.9134305
1,1,0.99992645
1,1,0.9947803
1,1,0.99998295
1,1,0.99989283
1,0,0.020749561
1,1,0.9010299
1,1,0.9999887
1,1,0.99995387
1,1,0.9989097
1,1,0.99994874
1,1,0.8539965
1,1,0.9998994
1,1,0.98694265
1,1,0.99998236
1,1,0.99996567
1,1,0.9999279
1,1,0.9948183
1,1,0.9999907
1,1,0.99998164
1,1,0.98545146
1,1,0.99851316
1,1,0.9998692
1,1,0.9995358
1,1,0.999995
1,1,0.9683043
1,1,0.99853337
1,1,0.9843354
1,1,0.99943787
1,1,0.9999908
1,1,0.99999344
1,1,0.99987113
1,1,0.9998204
1,0,0.15338083
1,1,0.9998925
1,1,0.92050683
1,1,0.9993369
1,1,0.997182
1,1,0.9998629
1,1,0.9423332
1,1,0.9993782
1,1,0.99999404
1,1,0.9996049
1,1,0.99999356
1,1,0.9999974
1,1,0.99998796
1,1,0.9998883
1,1,0.9999683
1,1,0.99976295
1,1,0.8370051
1,1,0.9999052
1,1,0.9998661
1,0,0.00993443
1,1,0.9999938
1,1,0.97096115
1,1,0.9999912
1,1,0.9998702
1,1,0.99999607
1,1,0.9999927
1,1,0.9996525
1,1,0.9999863
1,1,0.9968988
1,1,0.9999987
1,1,0.9999714
1,1,0.8016114
1,1,0.99970394
1,1,0.99998426
1,1,0.999749
1,1,0.9999521
1,1,0.9993697
1,1,0.9999751
1,1,0.9999621
1,1,0.9999641
1,1,0.9999769
1,1,0.9530971
1,1,0.9998902
1,1,0.966212
1,1,0.780172
1,1,0.9999844
1,1,0.9999883
1,1,0.9999598
1,1,0.9974058
1,1,0.9999945
1,1,0.84435827
1,1,0.94554746
1,1,0.9999628
1,1,0.99983585
1,1,0.99999845
1,1,0.99982053
1,1,0.99996984
1,1,0.99735993
1,1,0.9999125
1,1,0.99060553
1,1,0.99999344
1,1,0.9998753
1,1,0.9997234
1,1,0.97255886
1,1,0.99995446
1,1,0.9997365
1,1,0.9999651
1,1,0.9998609
1,1,0.99995434
1,1,0.9999906
1,1,0.9999877
1,1,0.9999968
1,1,0.99124545
1,1,0.9999974
1,1,0.6981395
1,1,0.99996233
1,1,0.999052
1,1,0.99997866
1,1,0.9832999
1,1,0.9999938
1,1,0.99998677
1,1,0.99985707
1,1,0.9999827
1,1,0.99752
1,1,0.9990934
1,1,0.998156
1,1,0.99045604
1,1,0.9999864
1,1,0.9999155
1,1,0.99813604
1,1,0.9998344
1,1,0.999881
1,1,0.9999862
1,1,0.9999708
1,1,0.51967955
1,1,0.9998795
1,1,0.9999951
1,1,0.9988763
1,1,0.99996936
1,1,0.99999785
1,1,0.997715
1,1,0.9999323
1,1,0.99997985
1,1,0.9999924
1,1,0.99998546
1,1,0.999803
1,1,0.9999684
1,1,0.99995303
1,1,0.99685174
1,1,0.99946886
1,1,0.9999827
1,1,0.9772291
1,0,0.4977333
1,1,0.87878394
1,1,0.9999914
1,1,0.99993384
1,1,0.981912
1,1,0.8707897
1,1,0.9998622
1,1,0.99981505
1,1,0.9993943
1,1,0.93291783
1,1,0.9999887
1,1,0.99998724
1,1,0.9999788
1,1,0.9999956
1,1,0.99937326
1,1,0.9999951
1,1,0.9997826
1,1,0.9999589
1,1,0.99996877
1,1,0.9999453
1,1,0.9860169
1,1,0.9998006
1,1,0.99999654
1,1,0.99992955
1,1,0.9999378
1,1,0.9999887
1,1,0.99884737
1,1,0.9950529
1,1,0.99996936
1,1,0.9991767
1,1,0.99973375
1,1,0.99995863
1,1,0.99986005
1,1,0.9999924
1,1,0.99976784
1,1,0.99997914
1,1,0.9999658
1,1,0.9997297
1,1,0.9999865
1,1,0.9999311
1,1,0.9999614
1,1,0.99989796
1,1,0.9997676
1,1,0.9995746
1,1,0.99999154
1,1,0.9999435
1,1,0.9999927
1,1,0.9999671
1,1,0.99998
1,1,0.9951807
1,1,0.95013285
1,1,0.9999882
1,1,0.99921227
1,1,0.9999161
1,1,0.99988055
1,0,0.49895388
1,1,0.99999607
1,1,0.9999763
1,1,0.9999957
1,1,0.99997544
1,1,0.75563216
1,1,0.99999213
1,1,0.99774504
1,0,0.1890712
1,1,0.9999628
1,1,0.9995147
1,1,0.99989486
1,1,0.99999607
1,1,0.9999161
1,1,0.9999335
1,1,0.9999229
1,1,0.99989176
1,1,0.99998343
1,0,0.061060145
1,1,0.9677023
1,1,0.99989974
1,1,0.99977416
1,1,0.9999764
1,1,0.9995813
1,1,0.99997115
1,1,0.98884404
1,1,0.999985
1,1,0.99941206
1,1,0.99972576
1,1,0.999966
1,1,0.99862397
1,1,0.9996877
1,1,0.99298865
1,1,0.9995629
1,1,0.9667441
1,1,0.9998516
1,1,0.9999844
1,1,0.99999547
1,1,0.9971106
1,1,0.9999484
1,1,0.99924636
1,0,0.18678488
1,1,0.9999938
1,1,0.9999877
1,1,0.9817623
1,1,0.99997246
1,1,0.9998104
1,1,0.9961966
1,1,0.99995935
1,1,0.9990426
1,1,0.99985063
1,1,0.9966342
1,0,0.39915243
1,1,0.999987
1,1,0.9999598
1,1,0.97239417
1,1,0.99999523
1,1,0.99605834
1,1,0.99999464
1,1,0.9999882
1,1,0.99705327
1,1,0.9236702
1,1,0.9765311
1,1,0.9996147
1,1,0.99995124
1,1,0.81457376
1,1,0.9960031
1,1,0.99992764
1,1,0.98078823
1,1,0.99982697
1,1,0.9999918
1,1,0.9999926
1,1,0.99999166
1,1,0.99995744
1,1,0.99996567
1,1,0.99978274
1,1,0.9999956
1,1,0.9964323
1,1,0.99998415
1,1,0.9850193
1,1,0.9999968
1,1,0.9999491
1,1,0.9993863
1,1,0.99919194
1,1,0.999987
1,1,0.85916257
1,1,0.99069947
1,1,0.9996762
1,1,0.99894756
1,1,0.9999547
1,1,0.9999981
1,1,0.9999571
1,1,0.99988544
1,1,0.9999578
1,1,0.9999628
1,1,0.9999682
1,1,0.9994961
1,1,0.9999194
1,1,0.8493122
1,1,0.9999932
1,1,0.99983776
1,1,0.99981636
1,1,0.72998816
1,1,0.9990808
1,1,0.9999771
1,1,0.9996526
1,1,0.99999726
1,1,0.999998
1,1,0.9999789
1,1,0.9809281
1,1,0.9992173
1,1,0.99998856
1,1,0.99995625
1,1,0.96745324
1,1,0.99895287
1,1,0.9983713
1,1,0.9994312
1,1,0.9988701
1,1,0.99998665
1,1,0.98293996
1,1,0.9999138
1,1,0.999892
1,1,0.9986808
1,1,0.8299041
1,1,0.99991
1,1,0.99993277
1,1,0.9548993
1,0,0.2861789
1,1,0.619493
1,1,0.99870336
1,1,0.99999416
1,1,0.9968696
1,1,0.99930453
1,1,0.9999845
1,1,0.99997675
1,1,0.97269374
1,1,0.9999912
1,1,0.9998429
1,1,0.999998
1,1,0.9999958
1,1,0.99999225
1,1,0.99998784
1,1,0.5448113
1,1,0.9999609
1,1,0.99992037
1,1,0.99998665
1,1,0.8776444
1,1,0.9998901
1,1,0.98415494
1,1,0.9999523
1,1,0.9997073
1,1,0.9999682
1,1,0.99906904
1,1,0.9999975
1,1,0.9978188
1,1,0.99999356
1,1,0.99992764
1,1,0.9999913
1,1,0.9997718
1,1,0.9999933
1,1,0.9992353
1,1,0.9999801
1,1,0.99999416
1,1,0.99986327
1,1,0.99999654
1,1,0.9999881
1,1,0.99991405
1,1,0.99999404
1,1,0.9999982
1,1,0.99998903
1,1,0.9996737
1,1,0.748583
1,1,0.99971575
1,1,0.99863654
1,1,0.99876165
1,1,0.8202386
1,1,0.9999975
1,1,0.9999944
1,1,0.98676157
1,1,0.9999491
1,1,0.99033326
1,1,0.9972851
1,1,0.99999
1,1,0.9999988
1,1,0.99990773
1,1,0.9992605
1,0,0.102731034
1,1,0.9975018
1,1,0.9998254
1,1,0.9998354
1,1,0.9999095
1,1,0.92450327
1,1,0.99884087
1,1,0.9997117
1,1,0.96640676
1,1,0.99994385
1,1,0.9907516
1,1,0.9984006
1,1,0.8431748
1,1,0.97985244
1,1,0.9533028
1,1,0.99998367
1,1,0.9459917
1,1,0.9994506
1,1,0.9985594
1,1,0.99995565
1,1,0.99997795
1,1,0.9999939
1,1,0.9999827
1,1,0.9800695
1,1,0.99998736
1,1,0.9886692
1,1,0.99999046
1,1,0.99999595
1,1,0.99997926
1,1,0.99952924
1,1,0.99994016
1,1,0.99994814
1,1,0.95538
1,1,0.9975968
1,1,0.9999852
1,1,0.9999658
1,1,0.99997306
1,1,0.8925892
1,1,0.99999464
1,1,0.9999958
1,1,0.9999944
1,1,0.9998209
1,1,0.9999826
1,1,0.9999857
1,1,0.9997384
1,1,0.998988
1,1,0.9999857
1,1,0.9999057
1,1,0.94516665
1,1,0.99980277
1,1,0.9999858
1,1,0.9999914
1,0,0.11895528
1,1,0.7471455
1,1,0.9964162
1,1,0.9998429
1,1,0.9999697
1,1,0.9998196
1,1,0.99996996
1,1,0.9999895
1,1,0.99994516
1,1,0.9999927
1,1,0.99996054
1,1,0.87681377
1,1,0.9999912
1,1,0.9982364
1,1,0.9999925
1,1,0.9999763
1,1,0.9950682
1,1,0.99939036
1,1,0.99992824
1,1,0.9998356
1,1,0.9544937
1,1,0.999997
1,1,0.99828845
1,1,0.99998415
1,1,0.99997914
1,1,0.99998796
1,1,0.9999976
1,1,0.98819846
1,1,0.9991935
1,1,0.9998597
1,1,0.9997476
1,1,0.99671566
1,0,0.26644954
1,1,0.99946254
1,1,0.9999863
1,1,0.9999925
1,1,0.9999956
1,1,0.99999356
1,1,0.999495
1,1,0.99777526
1,1,0.9999074
1,1,0.9975479
1,1,0.99999523
1,1,0.9991786
1,1,0.99997485
1,1,0.9999958
1,1,0.99999726
1,1,0.9999987
1,1,0.99994254
1,1,0.9999943
1,1,0.99983454
1,1,0.973827
1,1,0.9993057
1,1,0.9992785
1,1,0.9993198
1,1,0.99925894
1,1,0.9999242
1,1,0.99998677
1,1,0.99997044
1,1,0.99753654
1,1,0.9989507
1,1,0.99910164
1,1,0.99999344
1,1,0.9999151
1,1,0.9999846
1,1,0.9999167
1,1,0.9945956
1,1,0.9997521
1,1,0.9999285
1,1,0.58589846
1,1,0.999979
1,1,0.9842957
1,1,0.9938008
1,1,0.99999666
1,1,0.99997926
1,1,0.83991045
1,1,0.999984
1,1,0.99998844
1,1,0.96225077
1,1,0.9999759
1,1,0.9999833
1,1,0.9998503
1,1,0.55910045
1,1,0.93627256
1,1,0.9998765
1,1,0.9939657
1,1,0.9996866
1,1,0.9999646
1,1,0.99999714
1,1,0.9909382
1,1,0.99998415
1,1,0.9999037
1,1,0.99999654
1,1,0.99999666
1,1,0.9999882
1,1,0.99990356
1,1,0.99966085
1,0,0.48794034
1,1,0.99999404
1,1,0.99858785
1,1,0.9999918
1,1,0.9986174
1,1,0.99845636
1,1,0.9897295
1,1,0.99998724
1,1,0.9999976
1,1,0.9999924
1,1,0.99968886
1,1,0.69333476
1,1,0.9994605
1,1,0.9999819
1,1,0.9999747
1,1,0.999451
1,1,0.9999943
1,1,0.9999969
1,1,0.9998797
1,1,0.9781215
1,1,0.6249686
1,1,0.80756074
1,1,0.9832191
1,1,0.97035027
1,1,0.9998423
1,1,0.99904734
1,1,0.9999888
1,1,0.9579744
1,1,0.99803907
1,1,0.88007164
1,1,0.9999416
1,1,0.99460876
1,1,0.9999901
1,1,0.99998975
1,1,0.9999565
1,1,0.7953897
1,1,0.99991536
1,1,0.99996483
1,1,0.99990046
1,1,0.99970573
1,1,0.99999475
1,1,0.9999902
1,1,0.9999664
1,1,0.9999918
1,1,0.99986017
1,1,0.9998317
1,1,0.9999703
1,1,0.99998486
1,1,0.9999521
1,1,0.99998033
1,1,0.99981993
1,1,0.99989235
1,1,0.99999654
1,1,0.99996734
1,1,0.9999981
1,1,0.9959921
1,1,0.99995446
1,1,0.9980611
1,1,0.9997788
1,1,0.9999293
1,1,0.9980381
1,1,0.99993896
1,1,0.9947062
1,1,0.99999785
1,1,0.9993266
1,1,0.99985874
1,1,0.99985063
1,1,0.9999447
1,1,0.9461883
1,1,0.9999919
1,1,0.99999285
1,1,0.68673265
1,1,0.99700695
1,1,0.99996924
1,1,0.9999536
1,1,0.9999974
1,1,0.8922878
1,1,0.99984074
1,1,0.96531093
1,1,0.9998336
1,1,0.999992
1,1,0.9654291
1,1,0.9999131
1,1,0.999443
1,1,0.999731
1,1,0.9999962
1,1,0.9992793
1,1,0.9999975
1,1,0.9971704
1,1,0.99998736
1,1,0.9960978
1,1,0.999998
1,1,0.99998724
1,1,0.9999131
1,1,0.9999957
1,1,0.9999968
1,1,0.9991229
1,1,0.9999628
1,1,0.95919627
1,1,0.9999933
1,1,0.99999535
1,1,0.99999785
1,1,0.9999851
1,1,0.999931
1,1,0.9999511
1,1,0.99999106
1,1,0.99982315
1,1,0.9998559
1,1,0.99999607
1,0,0.3038799
1,0,0.18156165
1,1,0.99998605
1,1,0.99996126
1,1,0.99971336
1,1,0.9999796
1,1,0.99992883
1,1,0.99985707
1,1,0.9998784
1,1,0.99999356
1,0,0.033006776
1,1,0.9999546
1,1,0.99996245
1,0,0.09694025
1,1,0.99976784
1,1,0.9998759
1,1,0.9999968
1,1,0.99999225
1,1,0.99401
1,1,0.9993598
1,0,0.43837705
1,1,0.9478621
1,1,0.99332595
1,0,0.38978216
1,0,0.027830021
1,0,0.00020428027
1,1,0.8236962
1,0,0.01523465
1,0,0.0029891445
1,1,0.9950428
1,1,0.97517097
1,0,0.20349604
1,1,0.62007886
1,1,0.9843258
1,1,0.9812236
1,1,0.8565362
1,0,0.27954495
1,1,0.9771649
1,0,0.00030871987
1,0,0.20211168
1,0,0.0009762043
1,1,0.9745935
1,0,0.00086252554
1,0,0.2611906
1,1,0.99423826
1,1,0.92538595
1,1,0.99986327
1,0,0.00036814556
1,0,0.1460776
1,1,0.9999019
1,1,0.9999838
1,1,0.98728824
1,1,0.76946324
1,1,0.99999297
1,1,0.97031295
1,0,0.07694327
1,1,0.76827437
1,0,0.111625925
1,0,0.0034910366
1,0,0.0012711532
1,0,0.00090053893
1,1,0.9946355
1,0,0.25032428
1,1,0.93132454
1,1,0.99995756
1,1,0.999899
1,1,0.7315863
1,1,0.95789635
1,0,0.008506234
1,1,0.80006945
1,1,0.9911248
1,1,0.770353
1,0,0.016590985
1,0,0.0007569462
1,0,0.0026346368
1,1,0.73852396
1,1,0.924385
1,0,0.03342947
1,1,0.99661994
1,1,0.58158904
1,1,0.99958605
1,1,0.99883157
1,1,0.997738
1,0,0.32893425
1,1,0.99963236
1,0,0.00021261633
1,0,0.047412552
1,1,0.9999633
1,1,0.9999969
1,1,0.84398556
1,0,0.18703973
1,1,0.9999218
1,1,0.8716618
1,1,0.99812835
1,1,0.90057623
1,0,0.015465165
1,1,0.87504864
1,1,0.99854565
1,0,0.28421164
1,0,0.33249137
1,0,0.033055283
1,0,0.14021356
1,1,0.6134659
1,1,0.9099193
1,0,0.2590474
1,1,0.99977344
1,0,0.37307125
1,1,0.94635916
1,0,0.008844538
1,1,0.99998426
1,1,0.54084104
1,1,0.73423153
1,1,0.97113323
1,1,0.9997831
1,1,0.99843556
1,1,0.9746225
1,1,0.99955565
1,1,0.9999572
1,1,0.9739347
1,0,0.013508986
1,0,0.006472376
1,1,0.6896175
1,0,0.24364054
1,0,0.23237574
1,1,0.97192186
1,0,0.27329147
1,1,0.7583601
1,1,0.91024995
1,0,0.13818106
1,1,0.9914219
1,0,0.0008196611
1,1,0.9634715
1,1,0.9998914
1,0,0.003108651
1,1,0.6310258
1,1,0.99983215
1,0,0.016739232
1,0,0.19885722
1,0,0.28753757
1,1,0.9943931
1,0,0.3064255
1,1,0.9969645
1,1,0.9774695
1,1,0.9924442
1,1,0.998473
1,1,0.9999887
1,1,0.660076
1,1,0.7318533
1,1,0.7394358
1,1,0.5602776
1,1,0.971203
1,0,0.10776146
1,1,0.9960567
1,0,4.4774613e-05
1,1,0.96347725
1,0,0.24617153
1,1,0.99987626
1,1,0.9348078
1,1,0.99316895
1,0,0.0030403286
1,0,0.0035171006
1,0,0.025627995
1,1,0.9934308
1,0,0.011468884
1,1,0.92102647
1,0,0.29487306
1,0,0.39376968
1,1,0.9600753
1,1,0.92449605
1,1,0.9104304
1,1,0.99953294
1,1,0.9999356
1,1,0.9806605
1,1,0.9879274
1,1,0.9771946
1,0,0.000697112
1,1,0.9789548
1,1,0.9920318
1,1,0.999931
1,1,0.7866167
1,0,0.016527386
1,1,0.7286213
1,1,0.93619794
1,0,0.027607027
1,1,0.9992488
1,0,0.0022262544
1,1,0.79478836
1,1,0.86960167
1,0,0.016982922
1,1,0.9973042
1,1,0.95300484
1,1,0.9691488
1,0,0.007582098
1,0,0.0010515142
1,1,0.99126595
1,1,0.51620394
1,1,0.99868447
1,1,0.9678711
1,1,0.6129077
1,0,0.30148584
1,1,0.9941164
1,1,0.9993913
1,0,0.20375778
1,1,0.9839575
1,0,0.3413385
1,1,0.999716
1,1,0.56034845
1,1,0.98678106
1,0,0.004913629
1,1,0.98110896
1,1,0.98965573
1,1,0.9856184
1,1,0.9765108
1,1,0.9361548
1,0,0.0031728623
1,0,0.00013049663
1,1,0.97276115
1,1,0.9831608
1,1,0.9997583
1,1,0.99957687
1,0,0.36381042
1,0,0.007068061
1,0,0.0023255998
1,1,0.88699305
1,0,0.046024565
1,1,0.86649865
1,1,0.9867699
1,0,0.045478392
1,0,0.12587908
1,0,0.01057227
1,1,0.9999559
1,0,0.15656924
1,1,0.99646866
1,1,0.97167295
1,1,0.99997425
1,1,0.98758566
1,1,0.99917394
1,1,0.6806051
1,1,0.6545413
1,1,0.9999833
1,1,0.99955946
1,1,0.95675325
1,0,0.13538896
1,1,0.859921
1,0,0.0057118214
1,0,0.060769696
1,1,0.9910286
1,0,0.0013568494
1,0,0.0019612582
1,0,0.0010825585
1,1,0.7923119
1,1,0.8886089
1,1,0.62440974
1,1,0.99931777
1,1,0.65946174
1,1,0.98638713
1,1,0.8752434
1,0,0.08601759
1,0,0.11611168
1,0,0.3558769
1,1,0.9981931
1,1,0.5249077
1,1,0.9990662
1,1,0.9999697
1,1,0.99329937
1,1,0.99933296
1,1,0.9999982
1,1,0.9900433
1,1,0.99960536
1,1,0.99980825
1,0,0.0035767455
1,0,0.19952965
1,0,0.36858386
1,1,0.7765248
1,1,0.9844534
1,0,0.015422402
1,1,0.91084397
1,1,0.99976856
1,0,0.46397167
1,0,0.0008810833
1,1,0.999793
1,1,0.87312347
1,0,0.006459917
1,1,0.9999732
1,0,0.030334642
1,0,0.1733879
1,0,0.0002628521
1,0,0.11670147
1,0,0.46908984
1,1,0.8469773
1,1,0.92446005
1,0,0.103500195
1,1,0.9979893
1,1,0.825898
1,1,0.9999132
1,0,0.12520535
1,0,0.0007644148
1,1,0.99814427
1,1,0.9810432
1,0,0.314249
1,0,0.3607964
1,1,0.99817204
1,1,0.83819383
1,0,0.40174222
1,0,0.10560435
1,0,2.5974938e-05
1,0,0.018421507
1,0,0.00014162119
1,1,0.9998204
1,0,0.49231094
1,0,0.2424459
1,1,0.8587942
1,1,0.85176337
1,1,0.9999783
1,0,0.16652752
1,1,0.8563938
1,1,0.9993962
1,1,0.99976856
1,1,0.99825186
1,1,0.93019694
1,1,0.8365694
1,1,0.999998
1,1,0.9992372
1,1,0.93613654
1,1,0.99911433
1,1,0.99950135
1,1,0.992322
1,1,0.74663293
1,1,0.99823546
1,1,0.99969757
1,1,0.99785477
1,0,0.09218894
1,0,0.475509
1,1,0.94565815
1,0,0.026388325
1,1,0.89137536
1,0,0.058328576
1,1,0.9999254
1,0,0.0007262612
1,1,0.8872536
1,1,0.9158795
1,1,0.9850316
1,0,0.17815997
1,0,0.1981423
1,0,0.2866295
1,1,0.68806106
1,1,0.9302688
1,0,0.0073615382
1,1,0.91669077
1,1,0.9897625
1,0,0.41164592
1,1,0.9999733
1,0,0.0003094064
1,1,0.9863028
1,1,0.7322453
1,0,0.020427346
1,1,0.94285065
1,1,0.9874715
1,1,0.9895359
1,0,0.2607344
1,1,0.83713436
1,0,0.32491505
1,1,0.9970229
1,1,0.9850531
1,1,0.9531481
1,0,0.48980808
1,1,0.9985501
1,0,0.012752149
1,0,0.37673816
1,1,0.9998894
1,1,0.986073
1,1,0.9708328
1,0,0.08684801
1,1,0.95862234
1,0,0.0011117122
1,1,0.9961534
1,1,0.9843125
1,0,0.0011491211
1,1,0.9529296
1,1,0.9996706
1,1,0.89847034
1,1,0.8787675
1,0,0.0006959789
1,0,0.004933709
1,1,0.99998116
1,1,0.9993794
1,1,0.5084142
1,1,0.93862015
1,1,0.99983084
1,0,0.099149175
1,1,0.91934663
1,1,0.9994711
1,0,0.3666479
1,0,0.00047018845
1,0,0.0691809
1,0,0.11614895
1,0,0.0014228128
1,1,0.7382729
1,1,0.994879
1,1,0.7476984
1,1,0.68870497
1,1,0.94748044
1,1,0.99858475
1,1,0.9998746
1,1,0.9961195
1,1,0.8609555
1,1,0.8817782
1,1,0.50730854
1,1,0.9995265
1,0,0.14126362
1,1,0.9999683
1,1,0.65986574
1,1,0.5658657
1,1,0.99998045
1,1,0.99748385
1,1,0.9991985
1,1,0.9888158
1,1,0.887674
1,1,0.9154789
1,0,0.0039883438
1,1,0.99907434
1,1,0.966367
1,0,0.0025814392
1,0,0.0037130483
1,0,0.0006002526
1,1,0.99992883
1,1,0.95084137
1,1,0.99988663
1,1,0.8682567
1,1,0.99362636
1,1,0.9998549
1,0,0.009534195
1,1,0.67570674
1,0,0.0013903957
1,0,0.4754498
1,1,0.8637985
1,1,0.9754312
1,0,0.14819804
1,1,0.9911249
1,1,0.9999671
1,0,0.0033924938
1,1,0.980037
1,1,0.98434585
1,0,0.41181415
1,0,0.050852023
1,0,0.004605032
1,1,0.6939579
1,1,0.9982785
1,0,0.00029111156
1,1,0.99986506
1,1,0.9842301
1,1,0.99959344
1,1,0.9693121
1,1,0.91286266
1,1,0.99981683
1,0,0.00094689295
1,0,0.000260024
1,1,0.98694986
1,1,0.99703324
1,0,0.0054319105
1,1,0.96519274
1,0,0.09527642
1,1,0.9998739
1,1,0.9890314
1,1,0.63412464
1,1,0.6633266
1,1,0.8919636
1,1,0.9885661
1,1,0.9909043
1,1,0.9968923
1,0,0.3181615
1,0,0.0017079284
1,1,0.99895465
1,1,0.6389938
1,0,0.0046365946
1,1,0.99877423
1,1,0.9995882
1,0,0.03961789
1,1,0.99987745
1,0,0.029601883
1,0,0.0020501874
1,0,0.026805071
1,0,0.32704517
1,1,0.96351975
1,1,0.99998534
1,1,0.9992955
1,0,0.005785362
1,0,0.20561765
1,1,0.9995203
1,1,0.67665076
1,1,0.8111605
1,1,0.98829436
1,1,0.9733878
1,0,0.033944577
1,1,0.9983511
1,0,0.43017462
1,0,0.40260297
1,1,0.97827727
1,1,0.86928844
1,1,0.99518615
1,1,0.91280174
1,0,0.038441498
1,0,0.0020992504
1,1,0.9994387
1,0,0.23026638
1,1,0.9980075
1,0,0.34017664
1,1,0.92700344
1,1,0.98112124
1,1,0.97940254
1,1,0.9167044
1,1,0.8300487
1,0,0.081475586
1,0,0.098291025
1,0,0.14197798
1,1,0.94721746
1,0,0.00021037595
1,1,0.6437153
1,0,0.30519012
1,0,0.3632464
1,1,0.999869
1,1,0.77266616
1,1,0.933316
1,1,0.5694811
1,1,0.99694127
1,1,0.8664125
1,1,0.9679967
1,1,0.99997544
1,0,0.45461166
1,1,0.9726606
1,0,0.0025769877
1,1,0.98286176
1,1,0.9988475
1,1,0.9987496
1,0,0.03288343
1,0,0.0088880155
1,0,0.0051895874
1,1,0.99034905
1,0,0.08061223
1,0,0.014226739
1,1,0.9428659
1,1,0.91720086
1,0,0.0023318077
1,0,0.13646543
1,1,0.65667754
1,1,0.99885535
1,0,0.079137444
1,0,0.008728209
1,1,0.97589725
1,1,0.99612457
1,1,0.99933076
1,0,0.40057334
1,1,0.9995747
1,1,0.57420784
1,1,0.9848402
1,1,0.92296946
1,0,0.07493079
1,0,0.0019440342
1,0,0.24598408
1,1,0.9954358
1,1,0.9342989
1,1,0.8784024
1,1,0.99977094
1,1,0.99986684
1,1,0.9183295
1,0,0.0002239805
1,1,0.9971704
1,1,0.99979645
1,0,0.13789642
1,1,0.9971048
1,0,0.0004963476
1,0,0.0040370077
1,0,0.01712281
1,1,0.9992712
1,1,0.52792215
1,1,0.9998357
1,1,0.99973136
1,1,0.9999573
1,0,0.23793106
1,1,0.9782883
1,0,0.013985578
1,1,0.9998915
1,0,0.031988166
1,0,0.1709056
1,0,6.117938e-05
1,0,0.0010554071
1,1,0.9992483
1,1,0.9902653
1,1,0.9964562
1,1,0.8693695
1,1,0.97294676
1,1,0.8956875
1,1,0.9996979
1,0,0.021759877
1,0,0.04527914
1,0,0.25690612
1,1,0.94740874
1,1,0.991967
1,1,0.99654275
1,0,0.03231362
1,1,0.98754716
1,1,0.55931437
1,1,0.99877447
1,1,0.99921966
1,1,0.73741156
1,1,0.739748
1,0,0.045424417
1,0,0.001991665
1,0,0.043112226
1,0,0.058864623
1,0,0.0006538205
1,1,0.9808512
1,1,0.9999565
1,1,0.9949114
1,1,0.99997747
1,1,0.99831736
1,1,0.9999597
1,1,0.9996203
1,1,0.95265174
1,1,0.918509
1,1,0.88079965
1,0,0.19928356
1,0,0.10665157
1,0,0.016638814
1,1,0.99998677
1,1,0.5403984
1,1,0.86335576
1,1,0.9741771
1,1,0.9981522
1,1,0.9992086
1,0,0.0031697827
1,1,0.99967015
1,1,0.9999081
1,0,0.0660089
1,0,0.000116469346
1,1,0.62653846
1,1,0.9973085
1,1,0.99990165
1,1,0.99894124
1,0,0.17965773
1,1,0.9998247
1,1,0.9996791
1,0,0.0057186172
1,1,0.58590704
1,1,0.9953786
1,0,2.7111051e-05
1,0,0.11567803
1,0,0.00024270076
1,0,0.0067570596
1,0,0.11104101
1,1,0.94589615
1,1,0.80270356
1,1,0.8410309
1,0,0.0020052246
1,1,0.99985266
1,1,0.50054014
1,1,0.9913421
1,1,0.98332083
1,1,0.83139247
1,1,0.8476778
1,1,0.8603774
1,1,0.9996917
1,1,0.97944766
1,1,0.9999473
1,0,0.01749044
1,1,0.997269
1,1,0.999985
1,1,0.99110246
1,0,0.0037228935
1,1,0.99173874
1,1,0.91353935
1,1,0.99623966
1,0,0.016646702
1,1,0.92153287
1,1,0.77156526
1,0,0.00027615027
1,0,5.7287566e-06
1,1,0.973552
1,0,0.10349695
1,0,0.03226975
1,1,0.65526927
1,1,0.9887144
1,1,0.9996908
1,1,0.9999471
1,1,0.9867105
1,1,0.9922579
1,1,0.99712247
1,1,0.9913811
1,0,0.46332303
1,1,0.9198962
1,1,0.7287991
1,1,0.9998841
1,0,0.4131964
1,1,0.999908
1,0,0.012814987
1,1,0.99990785
1,1,0.9997234
1,1,0.9659276
1,0,0.0022619255
1,0,0.08347462
1,0,0.25172308
1,1,0.98979443
1,0,0.30101046
1,0,0.28264108
1,1,0.9999354
1,1,0.9945686
1,1,0.9940224
1,1,0.9979055
1,0,0.005883151
1,1,0.989617
1,1,0.78685784
1,0,0.42425117
1,0,0.08258176
1,0,0.058768988
1,1,0.6438617
1,1,0.8820349
1,1,0.9368798
1,1,0.99998343
1,0,0.0057026916
1,0,0.044343095
1,1,0.9314317
1,0,0.14796495
1,1,0.5105266
1,1,0.9998399
1,1,0.95777893
1,0,0.2736287
1,1,0.999998
1,0,0.32771438
1,1,0.99938965
1,1,0.9999646
1,1,0.9999962
1,1,0.9820271
1,1,0.8171361
1,1,0.9944248
1,0,0.0043696766
1,1,0.88854015
1,0,0.019644372
1,0,0.0001874652
1,1,0.8721234
1,0,0.11048203
1,0,0.027262589
1,1,0.99916816
1,0,0.43754932
1,1,0.7314862
1,1,0.99999106
1,1,0.9988757
1,0,0.07292588
1,0,0.05067871
1,0,0.017473025
1,1,0.920036
1,1,0.9999939
1,0,0.12388312
1,1,0.92168784
1,0,0.26616386
1,0,0.018478949
1,1,0.9996038
1,1,0.99732816
1,1,0.78599536
1,1,0.9947753
1,0,0.40679178
1,1,0.9999156
1,1,0.99999404
1,1,0.9490227
1,0,0.027935985
1,1,0.9925068
1,1,0.98609227
1,0,0.001220468
1,0,0.14289935
1,1,0.99940073
1,1,0.99651766
1,1,0.97495484
1,1,0.81393373
1,1,0.5602896
1,0,0.04050227
1,1,0.99907625
1,1,0.98137635
1,0,0.0033198395
1,0,0.18565966
1,1,0.92662376
1,0,0.014996903
1,0,0.00058158505
1,0,0.00048467395
1,0,0.009255246
1,0,0.47333047
1,1,0.65530854
1,1,0.52489835
1,1,0.9939224
1,0,0.0012146201
1,1,0.99360365
1,1,0.9679424
1,0,0.01251271
1,1,0.9769215
1,0,0.024793051
1,1,0.9999893
1,1,0.559383
1,0,0.14015937
1,1,0.99998736
1,1,0.85427684
1,1,0.999998
1,0,0.3503096
1,0,0.48801246
1,1,0.9335357
1,1,0.9997403
1,0,0.001682586
1,0,0.00043678362
1,0,0.017414574
1,0,0.15653068
1,0,0.0034297977
1,0,0.01162182
1,0,0.39750883
1,1,0.9987587
1,0,0.023331616
1,1,0.99514467
1,1,0.9997092
1,1,0.9976687
1,1,0.7685518
1,1,0.99625254
1,1,0.99783784
1,1,0.9960751
1,0,0.010608628
1,0,0.36436406
1,1,0.5644757
1,1,0.9842784
1,1,0.97692955
1,1,0.9999603
1,1,0.9985611
1,1,0.9953607
1,1,0.9966466
1,0,0.07970686
1,1,0.8943999
1,1,0.99695957
1,0,0.0014807816
1,1,0.99937785
1,1,0.89607346
1,1,0.99566346
1,1,0.9998561
1,1,0.99858165
1,0,0.00041510997
1,1,0.99920756
1,0,0.022712227
1,1,0.51740366
1,1,0.9210083
1,1,0.8127485
1,0,0.0729445
1,0,0.032517795
1,0,0.00022546944
1,1,0.7918771
1,1,0.9999604
1,0,0.20768028
1,1,0.994755
1,0,7.770072e-05
1,0,0.009942369
1,0,0.030293291
1,1,0.5284554
1,0,0.0144858565
1,0,0.0014926097
1,1,0.5854292
1,1,0.9999982
1,0,0.1206285
1,1,0.76753116
1,1,0.9986039
1,1,0.9980057
1,1,0.99877757
1,1,0.9944759
1,1,0.9280989
1,0,0.06268713
1,1,0.9987828
1,1,0.6774913
1,0,0.12240368
1,1,0.999936
1,1,0.9426378
1,0,0.0012938331
1,1,0.99834764
1,0,0.1349539
1,0,0.044338025
1,1,0.9992767
1,0,0.0015706202
1,1,0.9286313
1,0,0.21028478
1,1,0.9621849
1,1,0.94938594
1,0,0.19499095
1,1,0.99760336
1,1,0.5627846
1,0,0.0034425734
1,1,0.75407743
1,1,0.9999869
1,1,0.9996013
1,1,0.9971361
1,1,0.97629637
1,1,0.91398436
1,1,0.9915754
1,1,0.9988318
1,1,0.9999273
1,1,0.9074169
1,0,0.2591068
1,0,0.00010526231
1,0,0.15814628
1,1,0.9538413
1,0,0.044649456
1,1,0.88719696
1,1,0.9931566
1,1,0.99922156
1,1,0.8755362
1,1,0.6860728
1,0,0.0038063019
1,1,0.9880336
1,1,0.99874026
1,0,0.00013406173
1,0,0.072045706
1,0,0.0018928392
1,1,0.9998522
1,1,0.9999732
1,0,0.008247112
1,1,0.9851435
1,0,0.000837303
1,1,0.9998161
1,1,0.9731909
1,1,0.7690685
1,1,0.93980074
1,1,0.9993474
1,0,0.10973528
1,1,0.99996996
1,1,0.6205334
1,1,0.99889827
1,1,0.98993343
1,1,0.96145266
1,1,0.69384843
1,0,0.16260722
1,0,0.12984015
1,0,0.00028416526
1,1,0.87838376
1,1,0.99934655
1,1,0.94612175
1,1,0.9710986
1,1,0.5801733
1,0,0.0124709
1,1,0.9678342
1,1,0.6381841
1,0,0.0020831076
1,0,0.0013637273
1,0,0.026955994
1,1,0.815818
1,0,0.2948408
1,1,0.99119097
1,0,0.00022732583
1,1,0.98677015
1,1,0.8978354
1,0,0.369471
1,0,0.073068745
1,1,0.9987331
1,1,0.93208516
1,1,0.9998209
1,1,0.6814659
1,1,0.76638764
1,1,0.600029
1,0,0.065303065
1,0,0.4829687
1,1,0.98860824
1,1,0.68088216
1,1,0.9997677
1,0,0.31086406
1,0,0.0008302028
1,0,0.4253478
1,1,0.5694129
1,0,0.009822103
1,0,0.00035803946
1,0,0.00020317924
1,0,0.47515583
1,1,0.98412734
1,0,0.4578545
1,0,0.00072988786
1,0,0.06255528
1,1,0.99975437
1,1,0.61757153
1,1,0.7066721
1,1,0.7493749
1,1,0.9997819
1,0,0.10494241
1,0,0.4921693
1,0,0.24246477
1,0,0.13479985
1,0,0.056414526
1,0,0.18173361
1,0,0.004887898
1,1,0.9988016
1,0,0.087595694
1,1,0.8201159
1,1,0.9942135
1,1,0.9987883
1,0,0.04352931
1,1,0.99995315
1,1,0.9982356
1,1,0.9940925
1,1,0.99973994
1,0,0.0011289977
1,0,0.16398785
1,1,0.970699
1,1,0.99996805
1,0,0.008506749
1,1,0.98933583
1,1,0.9998845
1,1,0.99369544
1,1,0.9996717
1,1,0.520294
1,1,0.99617696
1,1,0.93629986
1,1,0.92577404
1,0,0.22996238
1,1,0.9980426
1,0,0.00020157572
1,0,0.0008497556
1,0,0.0090002855
1,1,0.9988175
1,1,0.9986261
1,1,0.99998224
1,1,0.9992466
1,1,0.5045615
1,0,0.11462999
1,1,0.9999813
1,1,0.6079791
1,1,0.69339037
1,1,0.6132726
1,1,0.9999927
1,1,0.9378219
1,1,0.9834695
1,1,0.60346574
1,1,0.98021436
1,0,0.4424121
1,1,0.80846775
1,1,0.99784493
1,1,0.9999994
1,1,0.9999994
1,1,0.9999989
1,1,0.9999912
1,1,0.9999988
1,1,0.99999905
1,1,0.99999225
1,1,0.99999905
1,1,0.9999976
1,1,0.99663466
1,1,0.9999988
1,1,0.9999989
1,1,0.99999917
1,1,0.9999989
1,1,0.9999994
1,1,0.9999963
1,1,0.9999975
1,1,0.9999988
1,1,0.9999993
1,1,0.9999199
1,1,0.9999989
1,1,0.99999917
1,1,0.9999982
1,1,0.9999987
1,1,0.99999905
1,1,0.99999905
1,1,0.9999989
1,1,0.9999982
1,1,0.9999993
1,1,0.99998486
1,1,0.9999995
1,1,0.99999917
1,1,0.9999994
1,1,0.9999988
1,1,0.99999917
1,1,0.9999931
1,1,0.9999995
1,1,0.9999504
1,1,0.9999969
1,1,0.9999995
1,1,0.9999956
1,1,0.9999442
1,1,0.9999887
1,1,0.9999989
1,1,0.99999714
1,1,0.9999987
1,1,0.9999914
1,1,0.99999905
1,1,0.9999988
1,1,0.9999981
1,1,0.99999845
1,1,0.99999917
1,1,0.9999993
1,1,0.9999876
1,1,0.99999964
1,1,0.99999964
1,1,0.99999917
1,1,0.99999726
1,1,0.99999964
1,1,0.999997
1,1,0.9999789
1,1,0.99999857
1,1,0.99997973
1,1,0.9999988
1,1,0.9999994
1,1,0.99999857
1,1,0.99961215
1,1,0.99999845
1,1,0.9999987
1,1,0.99999857
1,1,0.9999995
1,1,0.9999993
1,1,0.99999654
1,1,0.99999917
1,1,0.99999917
1,1,0.99999917
1,1,0.9999993
1,1,0.9999981
1,1,0.9999993
1,1,0.99999404
1,1,0.99999785
1,1,0.99999905
1,1,0.99999964
1,1,0.99999154
1,1,0.9999138
1,1,0.999987
1,1,0.9999993
1,1,0.99999666
1,1,0.9999995
1,1,0.99999964
1,1,0.99999905
1,1,0.9999982
1,1,0.9999993
1,1,0.9999943
1,1,0.99999845
1,1,0.99999785
1,1,0.9999987
1,1,0.9999988
1,1,0.9999871
1,1,0.9999989
1,1,0.9999988
1,1,0.99999833
1,1,0.9999956
1,1,0.9999988
1,1,0.99999905
1,1,0.99999857
1,1,0.9999989
1,1,0.99999905
1,1,0.9999993
1,1,0.9999989
1,1,0.99999917
1,1,0.99999785
1,1,0.99999857
1,1,0.9995813
1,1,0.9999963
1,1,0.99999845
1,1,0.9999993
1,1,0.9999989
1,1,0.99999857
1,1,0.99999917
1,1,0.9999976
1,1,0.9999982
1,1,0.99999857
1,1,0.9999993
1,1,0.9999989
1,1,0.9999963
1,1,0.99998486
1,1,0.9999988
1,1,0.9999696
1,1,0.9999989
1,1,0.99999833
1,1,0.99999166
1,1,0.9999765
1,1,0.99987817
1,1,0.999998
1,1,0.99994016
1,1,0.99975854
1,1,0.9999932
1,1,0.9999832
1,1,0.99987817
1,1,0.9999963
1,1,0.99987817
1,1,0.99978846
1,1,0.9999896
1,1,0.99982834
1,1,0.99987817
1,1,0.9999865
1,1,0.999995
1,1,0.9998178
1,1,0.9999616
1,1,0.99959964
1,1,0.99997675
1,1,0.99998295
1,1,0.99987817
1,1,0.99998486
1,1,0.99999905
1,1,0.99992347
1,1,0.99987817
1,1,0.9999789
1,1,0.9999982
1,1,0.99987817
1,1,0.99997354
1,1,0.999992
1,1,0.99999154
1,1,0.99999404
1,1,0.99999106
1,1,0.99987817
1,1,0.9998914
1,1,0.99999726
1,1,0.99999595
1,1,0.99999833
1,1,0.99998677
1,1,0.9999919
1,1,0.99994147
1,1,0.99993074
1,1,0.99987817
1,1,0.99987817
1,1,0.99987817
1,1,0.999949
1,1,0.99998605
1,1,0.99999785
1,1,0.9999776
1,1,0.9999933
1,1,0.99999833
1,1,0.99987817
1,1,0.99998736
1,1,0.999962
1,1,0.99987817
1,1,0.99987817
1,1,0.99987817
1,1,0.99987817
1,1,0.99970883
1,1,0.999997
1,1,0.99967563
1,1,0.99997735
1,1,0.9999094
1,1,0.99999774
1,1,0.99997294
1,1,0.99987817
1,1,0.99987817
1,1,0.9999982
1,1,0.9998067
1,1,0.99996936
1,1,0.99996555
1,1,0.99987817
1,1,0.9999869
1,1,0.99987817
1,1,0.99987817
1,1,0.99987817
1,1,0.99987817
1,1,0.99999535
1,1,0.99999094
1,1,0.99993575
1,1,0.99999833
1,1,0.9999987
1,1,0.9999976
1,1,0.99987817
1,1,0.99995947
1,1,0.99987817
1,1,0.9999976
1,1,0.99987817
1,1,0.99975663
1,1,0.99991393
1,1,0.9998447
1,1,0.99992883
1,1,0.9999496
1,1,0.9999739
1,1,0.9996369
1,1,0.999972
1,1,0.9969008
1,1,0.99994326
1,1,0.9999901
1,1,0.99987817
1,1,0.99996746
1,1,0.99987817
1,1,0.99998593
1,1,0.9999789
1,1,0.99987817
1,1,0.9999864
1,1,0.9999901
1,1,0.9999957
1,1,0.99989426
1,1,0.9999902
1,1,0.999271
1,1,0.9999931
1,1,0.99982065
1,1,0.99993193
1,1,0.99998176
1,1,0.99987817
1,1,0.9999783
1,1,0.99995446
1,1,0.99980706
1,1,0.9999244
1,1,0.99989974
1,1,0.9994661
1,1,0.9996158
1,1,0.99982697
1,1,0.99995935
1,1,0.999984
1,1,0.9995028
1,1,0.9999881
1,1,0.99987817
1,1,0.9999875
1,1,0.99987817
1,1,0.99999714
1,1,0.99987817
1,1,0.99987817
1,1,0.99987817
1,1,0.99987817
1,1,0.99987817
1,1,0.9999825
1,1,0.9998896
1,1,0.99997246
1,1,0.9999926
1,1,0.99994874
1,1,0.9999745
1,1,0.99987817
1,1,0.99987817
1,1,0.99987817
1,1,0.99987817
1,1,0.9999982
1,1,0.99999845
1,1,0.99997485
1,1,0.99998903
1,1,0.9999914
1,1,0.99999094
1,1,0.9999386
1,1,0.99987817
1,1,0.99998677
1,1,0.99999166
1,1,0.9999865
1,1,0.99987817
1,1,0.99987817
1,1,0.99987817
1,1,0.99987817
1,1,0.9999924
1,1,0.99999595
1,1,0.99985385
1,1,0.9999726
1,1,0.99999356
1,1,0.99999285
